[INFO] Scanning for projects...
[WARNING] 
[WARNING] Some problems were encountered while building the effective model for com.agenticridebooking:api-gateway:jar:0.0.1-SNAPSHOT
[WARNING] 'dependencyManagement.dependencies.dependency.(groupId:artifactId:type:classifier)' must be unique: org.springframework.cloud:spring-cloud-dependencies:pom -> version ${spring-cloud.version} vs 2025.1.3 @ line 64, column 16
[WARNING] 
[WARNING] It is highly recommended to fix these problems because they threaten the stability of your build.
[WARNING] 
[WARNING] For this reason, future Maven versions might no longer support building such malformed projects.
[WARNING] 
[INFO] 
[INFO] -----------------< com.agenticridebooking:api-gateway >-----------------
[INFO] Building api-gateway 0.0.1-SNAPSHOT
[INFO]   from pom.xml
[INFO] --------------------------------[ jar ]---------------------------------
[INFO] 
[INFO] >>> spring-boot:4.1.1:run (default-cli) > test-compile @ api-gateway >>>
[INFO] 
[INFO] --- resources:3.5.0:resources (default-resources) @ api-gateway ---
[INFO] Copying 1 resource from src\main\resources to target\classes
[INFO] Copying 0 resource from src\main\resources to target\classes
[INFO] 
[INFO] --- compiler:3.15.0:compile (default-compile) @ api-gateway ---
[INFO] Nothing to compile - all classes are up to date.
[INFO] 
[INFO] --- resources:3.5.0:testResources (default-testResources) @ api-gateway ---
[INFO] skip non existing resourceDirectory C:\Users\Sa034\OneDrive\Desktop\AURA\AgenticRideApplication\api-gateway\src\test\resources
[INFO] 
[INFO] --- compiler:3.15.0:testCompile (default-testCompile) @ api-gateway ---
[INFO] Nothing to compile - all classes are up to date.
[INFO] 
[INFO] <<< spring-boot:4.1.1:run (default-cli) < test-compile @ api-gateway <<<
[INFO] 
[INFO] 
[INFO] --- spring-boot:4.1.1:run (default-cli) @ api-gateway ---
[INFO] Attaching agents: []

  .   ____          _            __ _ _
 /\\ / ___'_ __ _ _(_)_ __  __ _ \ \ \ \
( ( )\___ | '_ | '_| | '_ \/ _` | \ \ \ \
 \\/  ___)| |_)| | | | | || (_| |  ) ) ) )
  '  |____| .__|_| |_|_| |_\__, | / / / /
 =========|_|==============|___/=/_/_/_/

 :: Spring Boot ::                (v4.1.1)

2026-09-08T00:57:45.674+05:30  INFO 14276 --- [api-gateway] [           main] c.a.api_gateway.ApiGatewayApplication    : Starting ApiGatewayApplication using Java 17.0.16 with PID 14276 (C:\Users\Sa034\OneDrive\Desktop\AURA\AgenticRideApplication\api-gateway\target\classes started by Sa034 in C:\Users\Sa034\OneDrive\Desktop\AURA\AgenticRideApplication\api-gateway)
2026-09-08T00:57:45.680+05:30  INFO 14276 --- [api-gateway] [           main] c.a.api_gateway.ApiGatewayApplication    : No active profile set, falling back to 1 default profile: "default"
2026-09-08T00:57:45.681+05:30 DEBUG 14276 --- [api-gateway] [           main] o.s.boot.SpringApplication               : Loading source class com.agenticridebooking.api_gateway.ApiGatewayApplication
2026-09-08T00:57:45.759+05:30 DEBUG 14276 --- [api-gateway] [           main] ConfigServletWebServerApplicationContext : Refreshing org.springframework.boot.web.server.servlet.context.AnnotationConfigServletWebServerApplicationContext@2807bdeb
2026-09-08T00:57:47.375+05:30  INFO 14276 --- [api-gateway] [           main] o.s.cloud.context.scope.GenericScope     : BeanFactory id=dc2646b1-5070-3cc9-8244-4ad15ba0aa57
2026-09-08T00:57:55.730+05:30 DEBUG 14276 --- [api-gateway] [           main] o.s.b.t.s.TomcatServletWebServerFactory  : Code archive: C:\Users\Sa034\.m2\repository\org\springframework\boot\spring-boot-web-server\4.1.1\spring-boot-web-server-4.1.1.jar
2026-09-08T00:57:55.731+05:30 DEBUG 14276 --- [api-gateway] [           main] o.s.b.t.s.TomcatServletWebServerFactory  : Code archive: C:\Users\Sa034\.m2\repository\org\springframework\boot\spring-boot-web-server\4.1.1\spring-boot-web-server-4.1.1.jar
2026-09-08T00:57:55.732+05:30 DEBUG 14276 --- [api-gateway] [           main] o.s.b.t.s.TomcatServletWebServerFactory  : None of the document roots [src/main/webapp, public, static] point to a directory and will be ignored.
2026-09-08T00:57:55.760+05:30  INFO 14276 --- [api-gateway] [           main] o.s.boot.tomcat.TomcatWebServer          : Tomcat initialized with port 8082 (http)
2026-09-08T00:57:55.775+05:30  INFO 14276 --- [api-gateway] [           main] o.apache.catalina.core.StandardService   : Starting service [Tomcat]
2026-09-08T00:57:55.775+05:30  INFO 14276 --- [api-gateway] [           main] o.apache.catalina.core.StandardEngine    : Starting Servlet engine: [Apache Tomcat/11.0.24]
2026-09-08T00:57:55.845+05:30 DEBUG 14276 --- [api-gateway] [           main] b.w.c.s.WebApplicationContextInitializer : Published root WebApplicationContext as ServletContext attribute with name [org.springframework.web.context.WebApplicationContext.ROOT]
2026-09-08T00:57:55.847+05:30  INFO 14276 --- [api-gateway] [           main] b.w.c.s.WebApplicationContextInitializer : Root WebApplicationContext: initialization completed in 10087 ms
2026-09-08T00:57:55.864+05:30 DEBUG 14276 --- [api-gateway] [           main] o.s.b.w.s.ServletContextInitializerBeans : Mapping filters: characterEncodingFilter urls=[/*] order=-2147483648, formContentFilter urls=[/*] order=-9900, requestContextFilter urls=[/*] order=-105, formFilter urls=[/*] order=9901, weightCalculatorFilter urls=[/*] order=10001
2026-09-08T00:57:55.865+05:30 DEBUG 14276 --- [api-gateway] [           main] o.s.b.w.s.ServletContextInitializerBeans : Mapping servlets: dispatcherServlet urls=[/]
2026-09-08T00:57:55.885+05:30 DEBUG 14276 --- [api-gateway] [           main] o.s.b.s.f.OrderedRequestContextFilter    : Filter 'requestContextFilter' configured for use
2026-09-08T00:57:55.889+05:30 DEBUG 14276 --- [api-gateway] [           main] o.s.b.s.f.OrderedCharacterEncodingFilter : Filter 'characterEncodingFilter' configured for use
2026-09-08T00:57:55.889+05:30 DEBUG 14276 --- [api-gateway] [           main] o.s.b.s.filter.OrderedFormContentFilter  : Filter 'formContentFilter' configured for use
2026-09-08T00:57:55.996+05:30 DEBUG 14276 --- [api-gateway] [           main] o.s.b.a.AutoConfigurationPackages        : @EnableAutoConfiguration was declared on a class in the package 'com.agenticridebooking.api_gateway'. Automatic @Repository and @Entity scanning is enabled.
2026-09-08T00:57:56.217+05:30 DEBUG 14276 --- [api-gateway] [           main] s.w.s.m.m.a.RequestMappingHandlerMapping : 2 mappings in 'requestMappingHandlerMapping'
2026-09-08T00:57:56.305+05:30 DEBUG 14276 --- [api-gateway] [           main] o.s.w.s.f.support.RouterFunctionMapping  : 1 RouterFunction(s) in 'routerFunctionMapping'
2026-09-08T00:57:56.323+05:30 DEBUG 14276 --- [api-gateway] [           main] o.s.w.s.handler.SimpleUrlHandlerMapping  : Patterns [/webjars/**, /**] in 'resourceHandlerMapping'
2026-09-08T00:57:56.452+05:30 DEBUG 14276 --- [api-gateway] [           main] s.w.s.m.m.a.RequestMappingHandlerAdapter : ControllerAdvice beans: 0 @ModelAttribute, 0 @InitBinder, 2 RequestBodyAdvice, 1 ResponseBodyAdvice
2026-09-08T00:57:56.500+05:30 DEBUG 14276 --- [api-gateway] [           main] .m.m.a.ExceptionHandlerExceptionResolver : ControllerAdvice beans: 0 @ExceptionHandler, 1 ResponseBodyAdvice
2026-09-08T00:57:56.905+05:30  INFO 14276 --- [api-gateway] [           main] DiscoveryClientOptionalArgsConfiguration : Eureka HTTP Client uses RestClient.
2026-09-08T00:57:57.153+05:30  WARN 14276 --- [api-gateway] [           main] iguration$LoadBalancerCaffeineWarnLogger : Spring Cloud LoadBalancer is currently working with the default cache. While this cache implementation is useful for development and tests, it's recommended to use Caffeine cache in production.You can switch to using Caffeine cache, by adding it and org.springframework.cache.caffeine.CaffeineCacheManager to the classpath.
2026-09-08T00:57:57.180+05:30  INFO 14276 --- [api-gateway] [           main] o.s.c.n.eureka.InstanceInfoFactory       : Setting initial instance status as: STARTING
2026-09-08T00:57:57.213+05:30  INFO 14276 --- [api-gateway] [           main] com.netflix.discovery.DiscoveryClient    : Initializing Eureka in region us-east-1
2026-09-08T00:57:57.218+05:30  INFO 14276 --- [api-gateway] [           main] c.n.d.s.r.aws.ConfigClusterResolver      : Resolving eureka endpoints via configuration
2026-09-08T00:57:57.230+05:30  INFO 14276 --- [api-gateway] [           main] com.netflix.discovery.DiscoveryClient    : Disable delta property : false
2026-09-08T00:57:57.230+05:30  INFO 14276 --- [api-gateway] [           main] com.netflix.discovery.DiscoveryClient    : Single vip registry refresh property : null
2026-09-08T00:57:57.231+05:30  INFO 14276 --- [api-gateway] [           main] com.netflix.discovery.DiscoveryClient    : Force full registry fetch : false
2026-09-08T00:57:57.231+05:30  INFO 14276 --- [api-gateway] [           main] com.netflix.discovery.DiscoveryClient    : Application is null : false
2026-09-08T00:57:57.231+05:30  INFO 14276 --- [api-gateway] [           main] com.netflix.discovery.DiscoveryClient    : Registered Applications size is zero : true
2026-09-08T00:57:57.232+05:30  INFO 14276 --- [api-gateway] [           main] com.netflix.discovery.DiscoveryClient    : Application version is -1: true
2026-09-08T00:57:57.232+05:30  INFO 14276 --- [api-gateway] [           main] com.netflix.discovery.DiscoveryClient    : Getting all instance registry info from the eureka server
2026-09-08T00:57:57.468+05:30 DEBUG 14276 --- [api-gateway] [           main] o.s.web.client.DefaultRestClient         : Reading to [com.netflix.discovery.shared.Applications]
2026-09-08T00:57:57.490+05:30  INFO 14276 --- [api-gateway] [           main] com.netflix.discovery.DiscoveryClient    : The response status is 200
2026-09-08T00:57:57.492+05:30  INFO 14276 --- [api-gateway] [           main] com.netflix.discovery.DiscoveryClient    : Starting heartbeat executor: renew interval is: 30
2026-09-08T00:57:57.495+05:30  INFO 14276 --- [api-gateway] [           main] c.n.discovery.InstanceInfoReplicator     : InstanceInfoReplicator onDemand update allowed rate per min is 4
2026-09-08T00:57:57.498+05:30  INFO 14276 --- [api-gateway] [           main] com.netflix.discovery.DiscoveryClient    : Discovery Client initialized at timestamp 1788809277497 with initial instances count: 0
2026-09-08T00:57:57.501+05:30  INFO 14276 --- [api-gateway] [           main] o.s.c.n.e.s.EurekaServiceRegistry        : Registering application API-GATEWAY with eureka with status UP
2026-09-08T00:57:57.502+05:30  INFO 14276 --- [api-gateway] [           main] com.netflix.discovery.DiscoveryClient    : Saw local status change event StatusChangeEvent [timestamp=1788809277502, current=UP, previous=STARTING]
2026-09-08T00:57:57.504+05:30  INFO 14276 --- [api-gateway] [foReplicator-%d] com.netflix.discovery.DiscoveryClient    : DiscoveryClient_API-GATEWAY/SHADAB:api-gateway:8082: registering service...
2026-09-08T00:57:57.526+05:30 DEBUG 14276 --- [api-gateway] [foReplicator-%d] o.s.web.client.DefaultRestClient         : Writing [InstanceInfo [instanceId = SHADAB:api-gateway:8082, appName = API-GATEWAY, hostName = SHADAB, status = UP, ipAddr = 192.168.0.224, port = 8082, securePort = 443, dataCenterInfo = com.netflix.appinfo.MyDataCenterInfo@6d508f25] as "application/json" with org.springframework.http.converter.json.MappingJackson2HttpMessageConverter
2026-09-08T00:57:57.528+05:30  INFO 14276 --- [api-gateway] [           main] o.s.boot.tomcat.TomcatWebServer          : Tomcat started on port 8082 (http) with context path '/'
2026-09-08T00:57:57.529+05:30  INFO 14276 --- [api-gateway] [           main] .s.c.n.e.s.EurekaAutoServiceRegistration : Updating port to 8082
2026-09-08T00:57:57.659+05:30 DEBUG 14276 --- [api-gateway] [           main] .s.b.a.l.ConditionEvaluationReportLogger : 


============================
CONDITIONS EVALUATION REPORT
============================


Positive matches:
-----------------

   AopAutoConfiguration matched:
      - @ConditionalOnBooleanProperty (spring.aop.auto=true) matched (OnPropertyCondition)

   AopAutoConfiguration.ClassProxyingConfiguration matched:
      - @ConditionalOnMissingClass did not find unwanted class 'org.aspectj.weaver.Advice' (OnClassCondition)
      - @ConditionalOnBooleanProperty (spring.aop.proxy-target-class=true) matched (OnPropertyCondition)

   ApplicationAvailabilityAutoConfiguration#applicationAvailability matched:
      - @ConditionalOnMissingBean (types: org.springframework.boot.availability.ApplicationAvailability; SearchStrategy: all) did not find any beans (OnBeanCondition)

   AutoServiceRegistrationAutoConfiguration matched:
      - @ConditionalOnProperty (spring.cloud.service-registry.auto-registration.enabled) matched (OnPropertyCondition)

   AutoServiceRegistrationConfiguration matched:
      - @ConditionalOnProperty (spring.cloud.service-registry.auto-registration.enabled) matched (OnPropertyCondition)

   BlockingLoadBalancerClientAutoConfiguration matched:
      - @ConditionalOnProperty (spring.cloud.loadbalancer.enabled=true) matched (OnPropertyCondition)
      - AnyNestedCondition 2 matched 0 did not; NestedCondition on BlockingRestClassesPresentCondition.RestClientPresent @ConditionalOnClass found required class 'org.springframework.web.client.RestClient'; NestedCondition on BlockingRestClassesPresentCondition.RestTemplatePresent @ConditionalOnClass found required class 'org.springframework.web.client.RestTemplate' (BlockingRestClassesPresentCondition)

   BlockingLoadBalancerClientAutoConfiguration#blockingLoadBalancerClient matched:
      - @ConditionalOnBean (types: org.springframework.cloud.loadbalancer.support.LoadBalancerClientFactory; SearchStrategy: all) found bean 'loadBalancerClientFactory'; @ConditionalOnMissingBean (types: org.springframework.cloud.client.loadbalancer.LoadBalancerClient; SearchStrategy: all) did not find any beans (OnBeanCondition)

   BlockingLoadBalancerClientAutoConfiguration#loadBalancerServiceInstanceCookieTransformer matched:
      - @ConditionalOnBean (types: org.springframework.cloud.loadbalancer.support.LoadBalancerClientFactory; SearchStrategy: all) found bean 'loadBalancerClientFactory'; @ConditionalOnMissingBean (types: org.springframework.cloud.loadbalancer.core.LoadBalancerServiceInstanceCookieTransformer; SearchStrategy: all) did not find any beans (OnBeanCondition)

   BlockingLoadBalancerClientAutoConfiguration#xForwarderHeadersTransformer matched:
      - @ConditionalOnBean (types: org.springframework.cloud.loadbalancer.support.LoadBalancerClientFactory; SearchStrategy: all) found bean 'loadBalancerClientFactory'; @ConditionalOnMissingBean (types: org.springframework.cloud.loadbalancer.blocking.XForwardedHeadersTransformer; SearchStrategy: all) did not find any beans (OnBeanCondition)

   CompatibilityVerifierAutoConfiguration matched:
      - @ConditionalOnProperty (spring.cloud.compatibility-verifier.enabled) matched (OnPropertyCondition)

   ConfigurationPropertiesRebinderAutoConfiguration matched:
      - @ConditionalOnBean (types: org.springframework.boot.context.properties.ConfigurationPropertiesBindingPostProcessor; SearchStrategy: all) found bean 'org.springframework.boot.context.properties.ConfigurationPropertiesBindingPostProcessor' (OnBeanCondition)

   ConfigurationPropertiesRebinderAutoConfiguration#configurationPropertiesBeans matched:
      - @ConditionalOnMissingBean (types: org.springframework.cloud.context.properties.ConfigurationPropertiesBeans; SearchStrategy: current) did not find any beans (OnBeanCondition)

   ConfigurationPropertiesRebinderAutoConfiguration#configurationPropertiesRebinder matched:
      - @ConditionalOnMissingBean (types: org.springframework.cloud.context.properties.ConfigurationPropertiesRebinder; SearchStrategy: current) did not find any beans (OnBeanCondition)

   DiscoveryClientOptionalArgsConfiguration.RestClientConfiguration matched:
      - AllNestedConditions 3 matched 0 did not; NestedCondition on DiscoveryClientOptionalArgsConfiguration.OnRestClientPresentAndEnabledCondition.OnWebClientDisabled @ConditionalOnProperty (eureka.client.webclient.enabled=false) matched; NestedCondition on DiscoveryClientOptionalArgsConfiguration.OnRestClientPresentAndEnabledCondition.OnJerseyClientNotPresentOrNotEnabled AnyNestedCondition 1 matched 1 did not; NestedCondition on DiscoveryClientOptionalArgsConfiguration.OnJerseyClientNotPresentOrNotEnabledCondition.OnJerseyClientDisabled @ConditionalOnProperty (eureka.client.jersey.enabled=false) did not find property 'eureka.client.jersey.enabled'; NestedCondition on DiscoveryClientOptionalArgsConfiguration.OnJerseyClientNotPresentOrNotEnabledCondition.OnJerseyClientMissing @ConditionalOnMissingClass did not find unwanted class 'org.glassfish.jersey.client.JerseyClient'; NestedCondition on DiscoveryClientOptionalArgsConfiguration.OnRestClientPresentAndEnabledCondition.OnRestClientPresent @ConditionalOnClass found required class 'org.springframework.web.client.RestClient' (DiscoveryClientOptionalArgsConfiguration.OnRestClientPresentAndEnabledCondition)

   DiscoveryClientOptionalArgsConfiguration.RestClientConfiguration#defaultEurekaClientHttpRequestFactorySupplier matched:
      - @ConditionalOnMissingBean (types: org.springframework.cloud.netflix.eureka.http.EurekaClientHttpRequestFactorySupplier; SearchStrategy: all) did not find any beans (OnBeanCondition)

   DiscoveryClientOptionalArgsConfiguration.RestClientConfiguration#restClientDiscoveryClientOptionalArgs matched:
      - @ConditionalOnMissingBean (types: com.netflix.discovery.AbstractDiscoveryClientOptionalArgs; SearchStrategy: current) did not find any beans (OnBeanCondition)

   DiscoveryClientOptionalArgsConfiguration.RestClientConfiguration#restClientTransportClientFactories matched:
      - @ConditionalOnMissingBean (types: com.netflix.discovery.shared.transport.jersey.TransportClientFactories; SearchStrategy: current) did not find any beans (OnBeanCondition)

   DispatcherServletAutoConfiguration matched:
      - @ConditionalOnClass found required class 'org.springframework.web.servlet.DispatcherServlet' (OnClassCondition)
      - found 'session' scope (OnWebApplicationCondition)

   DispatcherServletAutoConfiguration.DispatcherServletConfiguration matched:
      - @ConditionalOnClass found required class 'jakarta.servlet.ServletRegistration' (OnClassCondition)
      - Default DispatcherServlet did not find dispatcher servlet beans (DispatcherServletAutoConfiguration.DefaultDispatcherServletCondition)

   DispatcherServletAutoConfiguration.DispatcherServletRegistrationConfiguration matched:
      - @ConditionalOnClass found required class 'jakarta.servlet.ServletRegistration' (OnClassCondition)
      - DispatcherServlet Registration did not find servlet registration bean (DispatcherServletAutoConfiguration.DispatcherServletRegistrationCondition)

   DispatcherServletAutoConfiguration.DispatcherServletRegistrationConfiguration#dispatcherServletRegistration matched:
      - @ConditionalOnBean (names: dispatcherServlet types: org.springframework.web.servlet.DispatcherServlet; SearchStrategy: all) found bean 'dispatcherServlet' (OnBeanCondition)

   ErrorMvcAutoConfiguration matched:
      - @ConditionalOnClass found required classes 'jakarta.servlet.Servlet', 'org.springframework.web.servlet.DispatcherServlet' (OnClassCondition)
      - found 'session' scope (OnWebApplicationCondition)

   ErrorMvcAutoConfiguration#basicErrorController matched:
      - @ConditionalOnMissingBean (types: org.springframework.boot.webmvc.error.ErrorController; SearchStrategy: current) did not find any beans (OnBeanCondition)

   ErrorMvcAutoConfiguration#errorAttributes matched:
      - @ConditionalOnMissingBean (types: org.springframework.boot.webmvc.error.ErrorAttributes; SearchStrategy: current) did not find any beans (OnBeanCondition)

   ErrorMvcAutoConfiguration.DefaultErrorViewResolverConfiguration#conventionErrorViewResolver matched:
      - @ConditionalOnBean (types: org.springframework.web.servlet.DispatcherServlet; SearchStrategy: all) found bean 'dispatcherServlet'; @ConditionalOnMissingBean (types: org.springframework.boot.webmvc.autoconfigure.error.ErrorViewResolver; SearchStrategy: all) did not find any beans (OnBeanCondition)

   ErrorMvcAutoConfiguration.WhitelabelErrorViewConfiguration matched:
      - @ConditionalOnBooleanProperty (spring.web.error.whitelabel.enabled=true) matched (OnPropertyCondition)
      - ErrorTemplate Missing did not find error template view (ErrorMvcAutoConfiguration.ErrorTemplateMissingCondition)

   ErrorMvcAutoConfiguration.WhitelabelErrorViewConfiguration#beanNameViewResolver matched:
      - @ConditionalOnMissingBean (types: org.springframework.web.servlet.view.BeanNameViewResolver; SearchStrategy: all) did not find any beans (OnBeanCondition)

   ErrorMvcAutoConfiguration.WhitelabelErrorViewConfiguration#defaultErrorView matched:
      - @ConditionalOnMissingBean (names: error; SearchStrategy: all) did not find any beans (OnBeanCondition)

   EurekaClientAutoConfiguration matched:
      - @ConditionalOnClass found required class 'com.netflix.discovery.EurekaClientConfig' (OnClassCondition)
      - @ConditionalOnProperty (eureka.client.enabled) matched; @ConditionalOnProperty (spring.cloud.discovery.enabled) matched (OnPropertyCondition)

   EurekaClientAutoConfiguration#eurekaAutoServiceRegistration matched:
      - @ConditionalOnProperty (spring.cloud.service-registry.auto-registration.enabled) matched (OnPropertyCondition)
      - @ConditionalOnBean (types: org.springframework.cloud.client.serviceregistry.AutoServiceRegistrationProperties; SearchStrategy: all) found bean 'spring.cloud.service-registry.auto-registration-org.springframework.cloud.client.serviceregistry.AutoServiceRegistrationProperties' (OnBeanCondition)

   EurekaClientAutoConfiguration#eurekaClientConfigBean matched:
      - @ConditionalOnMissingBean (types: com.netflix.discovery.EurekaClientConfig; SearchStrategy: current) did not find any beans (OnBeanCondition)

   EurekaClientAutoConfiguration#eurekaInstanceConfigBean matched:
      - @ConditionalOnMissingBean (types: com.netflix.appinfo.EurekaInstanceConfig; SearchStrategy: current) did not find any beans (OnBeanCondition)

   EurekaClientAutoConfiguration#serviceManagementMetadataProvider matched:
      - @ConditionalOnMissingBean (types: org.springframework.cloud.netflix.eureka.metadata.ManagementMetadataProvider; SearchStrategy: all) did not find any beans (OnBeanCondition)

   EurekaClientAutoConfiguration.RefreshableEurekaClientConfiguration matched:
      - @ConditionalOnClass found required class 'org.springframework.cloud.context.scope.refresh.RefreshScope' (OnClassCondition)
      - @ConditionalOnProperty (eureka.client.refresh.enable=true) matched (OnPropertyCondition)
      - @ConditionalOnBean (types: org.springframework.cloud.autoconfigure.RefreshAutoConfiguration; SearchStrategy: all) found bean 'org.springframework.cloud.autoconfigure.RefreshAutoConfiguration' (OnBeanCondition)

   EurekaClientAutoConfiguration.RefreshableEurekaClientConfiguration#eurekaApplicationInfoManager matched:
      - @ConditionalOnMissingBean (types: com.netflix.appinfo.ApplicationInfoManager; SearchStrategy: current) did not find any beans (OnBeanCondition)

   EurekaClientAutoConfiguration.RefreshableEurekaClientConfiguration#eurekaClient matched:
      - @ConditionalOnMissingBean (types: com.netflix.discovery.EurekaClient; SearchStrategy: current) did not find any beans (OnBeanCondition)

   EurekaClientAutoConfiguration.RefreshableEurekaClientConfiguration#eurekaRegistration matched:
      - @ConditionalOnProperty (spring.cloud.service-registry.auto-registration.enabled) matched (OnPropertyCondition)
      - @ConditionalOnBean (types: org.springframework.cloud.client.serviceregistry.AutoServiceRegistrationProperties; SearchStrategy: all) found bean 'spring.cloud.service-registry.auto-registration-org.springframework.cloud.client.serviceregistry.AutoServiceRegistrationProperties' (OnBeanCondition)

   EurekaDiscoveryClientConfiguration matched:
      - @ConditionalOnClass found required class 'com.netflix.discovery.EurekaClientConfig' (OnClassCondition)
      - @ConditionalOnProperty (eureka.client.enabled) matched; @ConditionalOnProperty (spring.cloud.discovery.enabled) matched; @ConditionalOnProperty (spring.cloud.discovery.blocking.enabled) matched (OnPropertyCondition)

   EurekaDiscoveryClientConfiguration#discoveryClient matched:
      - @ConditionalOnMissingBean (types: org.springframework.cloud.netflix.eureka.EurekaDiscoveryClient; SearchStrategy: all) did not find any beans (OnBeanCondition)

   EurekaDiscoveryClientConfiguration.EurekaClientConfigurationRefresher matched:
      - @ConditionalOnClass found required class 'org.springframework.cloud.context.scope.refresh.RefreshScopeRefreshedEvent' (OnClassCondition)

   FilterAutoConfiguration.CircuitBreakerFilterConfiguration matched:
      - @ConditionalOnClass found required class 'org.springframework.cloud.client.circuitbreaker.CircuitBreaker' (OnClassCondition)

   FilterAutoConfiguration.LoadBalancerHandlerConfiguration matched:
      - @ConditionalOnClass found required class 'org.springframework.cloud.loadbalancer.annotation.LoadBalancerClient' (OnClassCondition)

   GatewayMvcClassPathWarningAutoConfiguration matched:
      - @ConditionalOnProperty (spring.cloud.gateway.server.webmvc.enabled) matched (OnPropertyCondition)

   GatewayServerMvcAutoConfiguration matched:
      - @ConditionalOnProperty (spring.cloud.gateway.server.webmvc.enabled) matched (OnPropertyCondition)

   GatewayServerMvcAutoConfiguration#formFilter matched:
      - @ConditionalOnProperty (spring.cloud.gateway.server.webmvc.form-filter.enabled) matched (OnPropertyCondition)
      - @ConditionalOnMissingBean (types: org.springframework.cloud.gateway.server.mvc.filter.FormFilter; SearchStrategy: all) did not find any beans (OnBeanCondition)

   GatewayServerMvcAutoConfiguration#gatewayMvcProperties matched:
      - @ConditionalOnMissingBean (types: org.springframework.cloud.gateway.server.mvc.config.GatewayMvcProperties; SearchStrategy: all) did not find any beans (OnBeanCondition)

   GatewayServerMvcAutoConfiguration#proxyExchangeHandlerFunction matched:
      - @ConditionalOnMissingBean (types: org.springframework.cloud.gateway.server.mvc.handler.ProxyExchangeHandlerFunction; SearchStrategy: all) did not find any beans (OnBeanCondition)

   GatewayServerMvcAutoConfiguration#removeContentLengthRequestHeadersFilter matched:
      - @ConditionalOnProperty (spring.cloud.gateway.server.webmvc.remove-content-length-request-headers-filter.enabled) matched (OnPropertyCondition)
      - @ConditionalOnMissingBean (types: org.springframework.cloud.gateway.server.mvc.filter.RemoveContentLengthRequestHeadersFilter; SearchStrategy: all) did not find any beans (OnBeanCondition)

   GatewayServerMvcAutoConfiguration#removeForwardedRequestHeadersFilter matched:
      - NoneNestedConditions 0 matched 1 did not; NestedCondition on TrustedProxies.NotForwardedTrustedProxiesCondition.OnForwardedTrustedProxiesCondition AllNestedConditions 1 matched 1 did not; NestedCondition on TrustedProxies.ForwardedTrustedProxiesCondition.OnTrustedProxiesNotEmpty spring.cloud.gateway.server.webmvc.trusted-proxies property is not set or is empty.; NestedCondition on TrustedProxies.ForwardedTrustedProxiesCondition.OnPropertyEnabled @ConditionalOnProperty (spring.cloud.gateway.server.webmvc.forwarded-request-headers-filter.enabled) matched (TrustedProxies.NotForwardedTrustedProxiesCondition)

   GatewayServerMvcAutoConfiguration#removeHopByHopRequestHeadersFilter matched:
      - @ConditionalOnProperty (spring.cloud.gateway.server.webmvc.remove-hop-by-hop-request-headers-filter.enabled) matched (OnPropertyCondition)
      - @ConditionalOnMissingBean (types: org.springframework.cloud.gateway.server.mvc.filter.RemoveHopByHopRequestHeadersFilter; SearchStrategy: all) did not find any beans (OnBeanCondition)

   GatewayServerMvcAutoConfiguration#removeHopByHopResponseHeadersFilter matched:
      - @ConditionalOnProperty (spring.cloud.gateway.server.webmvc.remove-hop-by-hop-response-headers-filter.enabled) matched (OnPropertyCondition)
      - @ConditionalOnMissingBean (types: org.springframework.cloud.gateway.server.mvc.filter.RemoveHopByHopResponseHeadersFilter; SearchStrategy: all) did not find any beans (OnBeanCondition)

   GatewayServerMvcAutoConfiguration#removeHttp2StatusResponseHeadersFilter matched:
      - @ConditionalOnProperty (spring.cloud.gateway.server.webmvc.remove-http2-status-response-headers-filter.enabled) matched (OnPropertyCondition)
      - @ConditionalOnMissingBean (types: org.springframework.cloud.gateway.server.mvc.filter.RemoveHttp2StatusResponseHeadersFilter; SearchStrategy: all) did not find any beans (OnBeanCondition)

   GatewayServerMvcAutoConfiguration#removeXForwardedRequestHeadersFilter matched:
      - NoneNestedConditions 0 matched 1 did not; NestedCondition on TrustedProxies.NotXForwardedTrustedProxiesCondition.OnXForwardedTrustedProxiesCondition AllNestedConditions 1 matched 1 did not; NestedCondition on TrustedProxies.XForwardedTrustedProxiesCondition.OnTrustedProxiesNotEmpty spring.cloud.gateway.server.webmvc.trusted-proxies property is not set or is empty.; NestedCondition on TrustedProxies.XForwardedTrustedProxiesCondition.OnPropertyEnabled @ConditionalOnProperty (spring.cloud.gateway.server.webmvc.x-forwarded-request-headers-filter.enabled) matched (TrustedProxies.NotXForwardedTrustedProxiesCondition)

   GatewayServerMvcAutoConfiguration#restClientProxyExchange matched:
      - @ConditionalOnMissingBean (types: org.springframework.cloud.gateway.server.mvc.handler.ProxyExchange; SearchStrategy: all) did not find any beans (OnBeanCondition)

   GatewayServerMvcAutoConfiguration#transferEncodingNormalizationRequestHeadersFilter matched:
      - @ConditionalOnProperty (spring.cloud.gateway.server.webmvc.transfer-encoding-normalization-request-headers-filter.enabled) matched (OnPropertyCondition)
      - @ConditionalOnMissingBean (types: org.springframework.cloud.gateway.server.mvc.filter.TransferEncodingNormalizationRequestHeadersFilter; SearchStrategy: all) did not find any beans (OnBeanCondition)

   GatewayServerMvcAutoConfiguration#weightCalculatorFilter matched:
      - @ConditionalOnProperty (spring.cloud.gateway.server.webmvc.weight-calculator-filter.enabled) matched (OnPropertyCondition)
      - @ConditionalOnMissingBean (types: org.springframework.cloud.gateway.server.mvc.filter.WeightCalculatorFilter; SearchStrategy: all) did not find any beans (OnBeanCondition)

   GenericCacheConfiguration matched:
      - Cache org.springframework.boot.cache.autoconfigure.GenericCacheConfiguration automatic cache type (CacheCondition)

   GsonHttpMessageConvertersConfiguration matched:
      - @ConditionalOnClass found required class 'com.google.gson.Gson' (OnClassCondition)

   HttpClientAutoConfiguration#httpClientSettings matched:
      - @ConditionalOnMissingBean (types: org.springframework.boot.http.client.HttpClientSettings; SearchStrategy: all) did not find any beans (OnBeanCondition)

   HttpEncodingAutoConfiguration matched:
      - @ConditionalOnClass found required class 'org.springframework.web.filter.CharacterEncodingFilter' (OnClassCondition)
      - found 'session' scope (OnWebApplicationCondition)
      - @ConditionalOnBooleanProperty (spring.servlet.encoding.enabled=true) matched (OnPropertyCondition)

   HttpEncodingAutoConfiguration#characterEncodingFilter matched:
      - @ConditionalOnMissingBean (types: org.springframework.web.filter.CharacterEncodingFilter; SearchStrategy: all) did not find any beans (OnBeanCondition)

   HttpMessageConvertersAutoConfiguration matched:
      - @ConditionalOnClass found required class 'org.springframework.http.converter.HttpMessageConverter' (OnClassCondition)
      - NoneNestedConditions 0 matched 1 did not; NestedCondition on HttpMessageConvertersAutoConfiguration.NotReactiveWebApplicationCondition.ReactiveWebApplication did not find reactive web application classes (HttpMessageConvertersAutoConfiguration.NotReactiveWebApplicationCondition)

   HttpMessageConvertersAutoConfiguration.StringHttpMessageConverterConfiguration#stringHttpMessageConvertersCustomizer matched:
      - @ConditionalOnMissingBean (types: org.springframework.http.converter.StringHttpMessageConverter; SearchStrategy: all) did not find any beans (OnBeanCondition)

   ImperativeHttpClientAutoConfiguration matched:
      - @ConditionalOnClass found required class 'org.springframework.http.client.ClientHttpRequestFactory' (OnClassCondition)
      - NoneNestedConditions 0 matched 1 did not; NestedCondition on NotReactiveWebApplicationCondition.ReactiveWebApplication did not find reactive web application classes (NotReactiveWebApplicationCondition)

   ImperativeHttpClientAutoConfiguration#clientHttpRequestFactory matched:
      - @ConditionalOnMissingBean (types: org.springframework.http.client.ClientHttpRequestFactory; SearchStrategy: all) did not find any beans (OnBeanCondition)

   ImperativeHttpClientAutoConfiguration#clientHttpRequestFactoryBuilder matched:
      - @ConditionalOnMissingBean (types: org.springframework.boot.http.client.ClientHttpRequestFactoryBuilder<?>; SearchStrategy: all) did not find any beans (OnBeanCondition)

   Jackson2AutoConfiguration matched:
      - @ConditionalOnClass found required class 'com.fasterxml.jackson.databind.ObjectMapper' (OnClassCondition)

   Jackson2AutoConfiguration.Jackson2ObjectMapperBuilderCustomizerConfiguration matched:
      - @ConditionalOnClass found required class 'org.springframework.http.converter.json.Jackson2ObjectMapperBuilder' (OnClassCondition)

   Jackson2AutoConfiguration.JacksonObjectMapperBuilderConfiguration matched:
      - @ConditionalOnClass found required class 'org.springframework.http.converter.json.Jackson2ObjectMapperBuilder' (OnClassCondition)

   Jackson2AutoConfiguration.JacksonObjectMapperBuilderConfiguration#jackson2ObjectMapperBuilder matched:
      - @ConditionalOnMissingBean (types: org.springframework.http.converter.json.Jackson2ObjectMapperBuilder; SearchStrategy: all) did not find any beans (OnBeanCondition)

   Jackson2AutoConfiguration.JacksonObjectMapperConfiguration matched:
      - @ConditionalOnClass found required class 'org.springframework.http.converter.json.Jackson2ObjectMapperBuilder' (OnClassCondition)

   Jackson2AutoConfiguration.JacksonObjectMapperConfiguration#jackson2ObjectMapper matched:
      - @ConditionalOnMissingBean (types: com.fasterxml.jackson.databind.ObjectMapper; SearchStrategy: all) did not find any beans (OnBeanCondition)

   Jackson2AutoConfiguration.ParameterNamesModuleConfiguration matched:
      - @ConditionalOnClass found required class 'com.fasterxml.jackson.module.paramnames.ParameterNamesModule' (OnClassCondition)

   Jackson2AutoConfiguration.ParameterNamesModuleConfiguration#jackson2ParameterNamesModule matched:
      - @ConditionalOnMissingBean (types: com.fasterxml.jackson.module.paramnames.ParameterNamesModule; SearchStrategy: all) did not find any beans (OnBeanCondition)

   JacksonAutoConfiguration matched:
      - @ConditionalOnClass found required class 'tools.jackson.databind.json.JsonMapper' (OnClassCondition)

   JacksonAutoConfiguration#jacksonJsonMapper matched:
      - @ConditionalOnMissingBean (types: tools.jackson.databind.json.JsonMapper; SearchStrategy: all) did not find any beans (OnBeanCondition)

   JacksonAutoConfiguration#jsonFactory matched:
      - @ConditionalOnMissingBean (types: tools.jackson.core.json.JsonFactory; SearchStrategy: all) did not find any beans (OnBeanCondition)

   JacksonAutoConfiguration#jsonMapperBuilder matched:
      - @ConditionalOnMissingBean (types: tools.jackson.databind.json.JsonMapper$Builder; SearchStrategy: all) did not find any beans (OnBeanCondition)

   JacksonAutoConfiguration.JsonProblemDetailsConfiguration matched:
      - @ConditionalOnClass found required class 'org.springframework.http.ProblemDetail' (OnClassCondition)

   JacksonHttpMessageConvertersConfiguration.JacksonJsonHttpMessageConverterConfiguration matched:
      - @ConditionalOnClass found required class 'tools.jackson.databind.json.JsonMapper' (OnClassCondition)
      - @ConditionalOnProperty (spring.http.converters.preferred-json-mapper=jackson) matched (OnPropertyCondition)
      - @ConditionalOnBean (types: tools.jackson.databind.json.JsonMapper; SearchStrategy: all) found bean 'jacksonJsonMapper' (OnBeanCondition)

   JacksonHttpMessageConvertersConfiguration.JacksonJsonHttpMessageConverterConfiguration#jacksonJsonHttpMessageConvertersCustomizer matched:
      - @ConditionalOnMissingBean (types: org.springframework.http.converter.json.JacksonJsonHttpMessageConverter ignored: org.springframework.hateoas.server.mvc.TypeConstrainedJacksonJsonHttpMessageConverter,org.springframework.data.rest.webmvc.alps.AlpsJacksonJsonHttpMessageConverter; SearchStrategy: all) did not find any beans (OnBeanCondition)

   LifecycleAutoConfiguration#defaultLifecycleProcessor matched:
      - @ConditionalOnMissingBean (names: lifecycleProcessor; SearchStrategy: current) did not find any beans (OnBeanCondition)

   LifecycleMvcEndpointAutoConfiguration#environmentManager matched:
      - @ConditionalOnMissingBean (types: org.springframework.cloud.context.environment.EnvironmentManager; SearchStrategy: all) did not find any beans (OnBeanCondition)

   org.springframework.cloud.client.loadbalancer.LoadBalancerAutoConfiguration matched:
      - AnyNestedCondition 2 matched 0 did not; NestedCondition on BlockingRestClassesPresentCondition.RestClientPresent @ConditionalOnClass found required class 'org.springframework.web.client.RestClient'; NestedCondition on BlockingRestClassesPresentCondition.RestTemplatePresent @ConditionalOnClass found required class 'org.springframework.web.client.RestTemplate' (BlockingRestClassesPresentCondition)
      - @ConditionalOnBean (types: org.springframework.cloud.client.loadbalancer.LoadBalancerClient; SearchStrategy: all) found bean 'blockingLoadBalancerClient' (OnBeanCondition)

   org.springframework.cloud.loadbalancer.config.LoadBalancerAutoConfiguration matched:
      - @ConditionalOnProperty (spring.cloud.loadbalancer.enabled=true) matched (OnPropertyCondition)

   LoadBalancerAutoConfiguration#loadBalancerClientFactory matched:
      - @ConditionalOnMissingBean (types: org.springframework.cloud.loadbalancer.support.LoadBalancerClientFactory; SearchStrategy: all) did not find any beans (OnBeanCondition)

   LoadBalancerAutoConfiguration#loadBalancerRequestFactory matched:
      - @ConditionalOnMissingBean (types: org.springframework.cloud.client.loadbalancer.LoadBalancerRequestFactory; SearchStrategy: all) did not find any beans (OnBeanCondition)

   LoadBalancerAutoConfiguration#zoneConfig matched:
      - @ConditionalOnMissingBean (types: org.springframework.cloud.loadbalancer.config.LoadBalancerZoneConfig; SearchStrategy: all) did not find any beans (OnBeanCondition)

   LoadBalancerAutoConfiguration.DeferringLoadBalancerInterceptorConfig#lbRestClientPostProcessor matched:
      - @ConditionalOnBean (types: org.springframework.cloud.client.loadbalancer.DeferringLoadBalancerInterceptor; SearchStrategy: all) found bean 'deferringLoadBalancerInterceptor'; @ConditionalOnMissingBean (types: org.springframework.cloud.client.loadbalancer.LoadBalancerRestClientBuilderBeanPostProcessor; SearchStrategy: all) did not find any beans (OnBeanCondition)

   LoadBalancerAutoConfiguration.DeferringLoadBalancerInterceptorHttpClientConfig matched:
      - @ConditionalOnClass found required class 'org.springframework.boot.http.client.autoconfigure.service.HttpServiceClientProperties' (OnClassCondition)

   LoadBalancerAutoConfiguration.DeferringLoadBalancerInterceptorHttpClientConfig#deferringLoadBalancerInterceptor matched:
      - @ConditionalOnMissingBean (types: org.springframework.cloud.client.loadbalancer.DeferringLoadBalancerInterceptor; SearchStrategy: all) did not find any beans (OnBeanCondition)

   LoadBalancerAutoConfiguration.DeferringLoadBalancerInterceptorHttpClientConfig#loadBalancerRestClientHttpServiceGroupConfigurer matched:
      - @ConditionalOnBean (types: org.springframework.boot.http.client.autoconfigure.service.HttpServiceClientProperties,org.springframework.cloud.client.loadbalancer.reactive.ReactiveLoadBalancer$Factory; SearchStrategy: all) found beans 'loadBalancerClientFactory', 'httpServiceClientProperties'; @ConditionalOnMissingBean (types: org.springframework.cloud.client.loadbalancer.LoadBalancerRestClientHttpServiceGroupConfigurer; SearchStrategy: all) did not find any beans (OnBeanCondition)

   LoadBalancerAutoConfiguration.DeferringLoadBalancerInterceptorRestTemplateBuilderConfig matched:
      - @ConditionalOnClass found required class 'org.springframework.boot.restclient.RestTemplateBuilder' (OnClassCondition)

   LoadBalancerAutoConfiguration.DeferringLoadBalancerInterceptorRestTemplateBuilderConfig#lbRestTemplateBuilderPostProcessor matched:
      - @ConditionalOnBean (types: org.springframework.cloud.client.loadbalancer.DeferringLoadBalancerInterceptor; SearchStrategy: all) found bean 'deferringLoadBalancerInterceptor'; @ConditionalOnMissingBean (types: org.springframework.cloud.client.loadbalancer.LoadBalancerRestTemplateBuilderBeanPostProcessor; SearchStrategy: all) did not find any beans (OnBeanCondition)

   LoadBalancerAutoConfiguration.LoadBalancerInterceptorConfig matched:
      - AnyNestedCondition 1 matched 1 did not; NestedCondition on LoadBalancerAutoConfiguration.RetryMissingOrDisabledCondition.RetryDisabled @ConditionalOnProperty (spring.cloud.loadbalancer.retry.enabled=false) did not find property 'spring.cloud.loadbalancer.retry.enabled'; NestedCondition on LoadBalancerAutoConfiguration.RetryMissingOrDisabledCondition.RetryTemplateMissing @ConditionalOnMissingClass did not find unwanted class 'org.springframework.retry.support.RetryTemplate' (LoadBalancerAutoConfiguration.RetryMissingOrDisabledCondition)

   LoadBalancerAutoConfiguration.LoadBalancerInterceptorConfig#restTemplateCustomizer matched:
      - @ConditionalOnMissingBean (types: org.springframework.cloud.client.loadbalancer.RestTemplateCustomizer; SearchStrategy: all) did not find any beans (OnBeanCondition)

   LoadBalancerCacheAutoConfiguration matched:
      - @ConditionalOnClass found required classes 'org.springframework.cache.CacheManager', 'org.springframework.boot.cache.autoconfigure.CacheAutoConfiguration' (OnClassCondition)
      - AllNestedConditions 2 matched 0 did not; NestedCondition on LoadBalancerCacheAutoConfiguration.OnLoadBalancerCachingEnabledCondition.LoadBalancerCacheEnabled @ConditionalOnProperty (spring.cloud.loadbalancer.cache.enabled) matched; NestedCondition on LoadBalancerCacheAutoConfiguration.OnLoadBalancerCachingEnabledCondition.LoadBalancerEnabled @ConditionalOnProperty (spring.cloud.loadbalancer.enabled=true) matched (LoadBalancerCacheAutoConfiguration.OnLoadBalancerCachingEnabledCondition)

   LoadBalancerCacheAutoConfiguration.DefaultLoadBalancerCacheManagerConfiguration matched:
      - @ConditionalOnClass found required class 'com.stoyanr.evictor.ConcurrentMapWithTimedEviction' (OnClassCondition)
      - AnyNestedCondition 1 matched 1 did not; NestedCondition on LoadBalancerCacheAutoConfiguration.OnCaffeineCacheMissingCondition.CaffeineCacheManagerClassMissing @ConditionalOnMissingClass found unwanted class 'org.springframework.cache.caffeine.CaffeineCacheManager'; NestedCondition on LoadBalancerCacheAutoConfiguration.OnCaffeineCacheMissingCondition.CaffeineClassMissing @ConditionalOnMissingClass did not find unwanted class 'com.github.benmanes.caffeine.cache.Caffeine' (LoadBalancerCacheAutoConfiguration.OnCaffeineCacheMissingCondition)

   LoadBalancerCacheAutoConfiguration.DefaultLoadBalancerCacheManagerConfiguration#defaultLoadBalancerCacheManager matched:
      - @ConditionalOnMissingBean (types: org.springframework.cloud.loadbalancer.cache.LoadBalancerCacheManager; SearchStrategy: all) did not find any beans (OnBeanCondition)

   LoadBalancerEurekaAutoConfiguration matched:
      - @ConditionalOnClass found required class 'org.springframework.cloud.loadbalancer.annotation.LoadBalancerClientConfigurationRegistrar' (OnClassCondition)
      - @ConditionalOnProperty (eureka.client.enabled) matched (OnPropertyCondition)

   LoadBalancerEurekaAutoConfiguration#eurekaLoadBalancerProperties matched:
      - @ConditionalOnMissingBean (types: org.springframework.cloud.netflix.eureka.loadbalancer.EurekaLoadBalancerProperties; SearchStrategy: all) did not find any beans (OnBeanCondition)

   NoOpCacheConfiguration matched:
      - Cache org.springframework.boot.cache.autoconfigure.NoOpCacheConfiguration automatic cache type (CacheCondition)

   PropertyPlaceholderAutoConfiguration#propertySourcesPlaceholderConfigurer matched:
      - @ConditionalOnMissingBean (types: org.springframework.context.support.PropertySourcesPlaceholderConfigurer; SearchStrategy: current) did not find any beans (OnBeanCondition)

   ReactiveHttpClientAutoConfiguration matched:
      - @ConditionalOnClass found required classes 'org.springframework.http.client.reactive.ClientHttpConnector', 'reactor.core.publisher.Mono' (OnClassCondition)
      - Detected ClientHttpConnectorBuilder (ConditionalOnClientHttpConnectorBuilderDetection)

   ReactiveHttpClientAutoConfiguration#clientHttpConnector matched:
      - @ConditionalOnMissingBean (types: org.springframework.http.client.reactive.ClientHttpConnector; SearchStrategy: all) did not find any beans (OnBeanCondition)

   ReactiveHttpClientAutoConfiguration#clientHttpConnectorBuilder matched:
      - @ConditionalOnMissingBean (types: org.springframework.boot.http.client.reactive.ClientHttpConnectorBuilder<?>; SearchStrategy: all) did not find any beans (OnBeanCondition)

   RefreshAutoConfiguration matched:
      - @ConditionalOnClass found required class 'org.springframework.cloud.context.scope.refresh.RefreshScope' (OnClassCondition)
      - @ConditionalOnProperty (spring.cloud.refresh.enabled) matched (OnPropertyCondition)

   RefreshAutoConfiguration#configDataContextRefresher matched:
      - @ConditionalOnMissingBean (types: org.springframework.cloud.context.refresh.ConfigDataContextRefresher; SearchStrategy: all) did not find any beans (OnBeanCondition)
      - NoneNestedConditions 0 matched 3 did not; NestedCondition on ConditionalOnBootstrapDisabled.OnBootstrapDisabledCondition.OnBootstrapEnabled @ConditionalOnProperty (spring.cloud.bootstrap.enabled) did not find property 'spring.cloud.bootstrap.enabled'; NestedCondition on ConditionalOnBootstrapDisabled.OnBootstrapDisabledCondition.OnUseLegacyProcessingEnabled @ConditionalOnProperty (spring.config.use-legacy-processing) did not find property 'spring.config.use-legacy-processing'; NestedCondition on ConditionalOnBootstrapDisabled.OnBootstrapDisabledCondition.OnBootstrapMarkerClassPresent @ConditionalOnClass did not find required class 'org.springframework.cloud.bootstrap.marker.Marker' (ConditionalOnBootstrapDisabled.OnBootstrapDisabledCondition)

   RefreshAutoConfiguration#loggingRebinder matched:
      - @ConditionalOnMissingBean (types: org.springframework.cloud.logging.LoggingRebinder; SearchStrategy: all) did not find any beans (OnBeanCondition)

   RefreshAutoConfiguration#refreshScope matched:
      - @ConditionalOnMissingBean (types: org.springframework.cloud.context.scope.refresh.RefreshScope; SearchStrategy: all) did not find any beans (OnBeanCondition)

   RefreshAutoConfiguration#refreshScopeLifecycle matched:
      - @ConditionalOnProperty (spring.cloud.refresh.on-restart.enabled) matched (OnPropertyCondition)

   ResourceServerTokenRelayAutoConfiguration matched:
      - @ConditionalOnClass found required class 'org.springframework.web.servlet.config.annotation.WebMvcConfigurer' (OnClassCondition)
      - found 'session' scope (OnWebApplicationCondition)
      - @ConditionalOnProperty (spring.cloud.mvc.token-relay.enabled) matched (OnPropertyCondition)

   RestClientAutoConfiguration matched:
      - @ConditionalOnClass found required class 'org.springframework.web.client.RestClient' (OnClassCondition)

   RestClientAutoConfiguration#restClientBuilder matched:
      - @ConditionalOnMissingBean (types: org.springframework.web.client.RestClient$Builder; SearchStrategy: all) did not find any beans (OnBeanCondition)

   RestClientAutoConfiguration#restClientBuilderConfigurer matched:
      - @ConditionalOnMissingBean (types: org.springframework.boot.restclient.autoconfigure.RestClientBuilderConfigurer; SearchStrategy: all) did not find any beans (OnBeanCondition)

   RestClientAutoConfiguration#restClientSsl matched:
      - @ConditionalOnBean (types: org.springframework.boot.ssl.SslBundles; SearchStrategy: all) found bean 'sslBundleRegistry'; @ConditionalOnMissingBean (types: org.springframework.boot.restclient.autoconfigure.RestClientSsl; SearchStrategy: all) did not find any beans (OnBeanCondition)

   RestClientAutoConfiguration.HttpMessageConvertersConfiguration matched:
      - @ConditionalOnClass found required class 'org.springframework.http.converter.HttpMessageConverters' (OnClassCondition)

   RestClientAutoConfiguration.HttpMessageConvertersConfiguration#httpMessageConvertersRestClientCustomizer matched:
      - @ConditionalOnBean (types: org.springframework.boot.http.converter.autoconfigure.ClientHttpMessageConvertersCustomizer; SearchStrategy: all) found beans 'clientConvertersCustomizer', 'jacksonJsonHttpMessageConvertersCustomizer', 'stringHttpMessageConvertersCustomizer' (OnBeanCondition)

   RestTemplateAutoConfiguration matched:
      - @ConditionalOnClass found required classes 'org.springframework.web.client.RestTemplate', 'org.springframework.http.converter.HttpMessageConverters' (OnClassCondition)
      - NoneNestedConditions 0 matched 1 did not; NestedCondition on NotReactiveWebApplicationCondition.ReactiveWebApplication did not find reactive web application classes (NotReactiveWebApplicationCondition)

   RestTemplateAutoConfiguration#restTemplateBuilder matched:
      - @ConditionalOnMissingBean (types: org.springframework.boot.restclient.RestTemplateBuilder; SearchStrategy: all) did not find any beans (OnBeanCondition)

   SimpleCacheConfiguration matched:
      - Cache org.springframework.boot.cache.autoconfigure.SimpleCacheConfiguration automatic cache type (CacheCondition)

   SimpleDiscoveryClientConfigurations.SimpleDiscoveryClientConfiguration#simpleDiscoveryProperties matched:
      - @ConditionalOnMissingBean (types: org.springframework.cloud.client.discovery.simple.SimpleDiscoveryProperties; SearchStrategy: all) did not find any beans (OnBeanCondition)

   SimpleDiscoveryClientConfigurations.WebApplicationSimpleDiscoveryClientConfiguration matched:
      - @ConditionalOnClass found required class 'org.springframework.boot.web.server.context.WebServerInitializedEvent' (OnClassCondition)

   SslAutoConfiguration#sslBundleRegistry matched:
      - @ConditionalOnMissingBean (types: org.springframework.boot.ssl.SslBundleRegistry,org.springframework.boot.ssl.SslBundles; SearchStrategy: all) did not find any beans (OnBeanCondition)

   TaskExecutionAutoConfiguration matched:
      - @ConditionalOnClass found required class 'org.springframework.scheduling.concurrent.ThreadPoolTaskExecutor' (OnClassCondition)

   TaskExecutorConfigurations.AsyncConfigurerConfiguration matched:
      - @ConditionalOnMissingBean (types: org.springframework.scheduling.annotation.AsyncConfigurer; SearchStrategy: all) did not find any beans (OnBeanCondition)

   TaskExecutorConfigurations.SimpleAsyncTaskExecutorBuilderConfiguration#simpleAsyncTaskExecutorBuilder matched:
      - @ConditionalOnMissingBean (types: org.springframework.boot.task.SimpleAsyncTaskExecutorBuilder; SearchStrategy: all) did not find any beans (OnBeanCondition)
      - @ConditionalOnThreading found PLATFORM (OnThreadingCondition)

   TaskExecutorConfigurations.TaskExecutorConfiguration matched:
      - AnyNestedCondition 1 matched 1 did not; NestedCondition on TaskExecutorConfigurations.OnExecutorCondition.ModelCondition @ConditionalOnProperty (spring.task.execution.mode=force) did not find property 'spring.task.execution.mode'; NestedCondition on TaskExecutorConfigurations.OnExecutorCondition.ExecutorBeanCondition @ConditionalOnMissingBean (types: java.util.concurrent.Executor; SearchStrategy: all) did not find any beans (TaskExecutorConfigurations.OnExecutorCondition)

   TaskExecutorConfigurations.TaskExecutorConfiguration#applicationTaskExecutor matched:
      - @ConditionalOnThreading found PLATFORM (OnThreadingCondition)

   TaskExecutorConfigurations.ThreadPoolTaskExecutorBuilderConfiguration#threadPoolTaskExecutorBuilder matched:
      - @ConditionalOnMissingBean (types: org.springframework.boot.task.ThreadPoolTaskExecutorBuilder; SearchStrategy: all) did not find any beans (OnBeanCondition)

   TaskSchedulingAutoConfiguration matched:
      - @ConditionalOnClass found required class 'org.springframework.scheduling.concurrent.ThreadPoolTaskScheduler' (OnClassCondition)

   TaskSchedulingConfigurations.SimpleAsyncTaskSchedulerBuilderConfiguration#simpleAsyncTaskSchedulerBuilder matched:
      - @ConditionalOnMissingBean (types: org.springframework.boot.task.SimpleAsyncTaskSchedulerBuilder; SearchStrategy: all) did not find any beans (OnBeanCondition)
      - @ConditionalOnThreading found PLATFORM (OnThreadingCondition)

   TaskSchedulingConfigurations.ThreadPoolTaskSchedulerBuilderConfiguration#threadPoolTaskSchedulerBuilder matched:
      - @ConditionalOnMissingBean (types: org.springframework.boot.task.ThreadPoolTaskSchedulerBuilder; SearchStrategy: all) did not find any beans (OnBeanCondition)

   TomcatServletWebServerAutoConfiguration matched:
      - @ConditionalOnClass found required classes 'jakarta.servlet.ServletRequest', 'org.apache.catalina.startup.Tomcat', 'org.apache.coyote.UpgradeProtocol', 'org.springframework.boot.tomcat.servlet.TomcatServletWebServerFactory' (OnClassCondition)
      - found 'session' scope (OnWebApplicationCondition)

   TomcatServletWebServerAutoConfiguration#tomcatServletWebServerFactory matched:
      - @ConditionalOnMissingBean (types: org.springframework.boot.web.server.servlet.ServletWebServerFactory; SearchStrategy: current) did not find any beans (OnBeanCondition)

   TomcatWebServerConfiguration matched:
      - @ConditionalOnWarDeployment the application is not deployed as a WAR file. (OnWarDeploymentCondition)

   TomcatWebServerConfiguration.TomcatWebSocketConfiguration matched:
      - @ConditionalOnClass found required class 'org.apache.tomcat.websocket.server.WsSci' (OnClassCondition)

   UtilAutoConfiguration matched:
      - @ConditionalOnProperty (spring.cloud.util.enabled) matched (OnPropertyCondition)

   UtilAutoConfiguration#inetUtils matched:
      - @ConditionalOnMissingBean (types: org.springframework.cloud.commons.util.InetUtils; SearchStrategy: all) did not find any beans (OnBeanCondition)

   ValidationAutoConfiguration matched:
      - @ConditionalOnClass found required class 'jakarta.validation.executable.ExecutableValidator' (OnClassCondition)
      - @ConditionalOnResource found location classpath:META-INF/services/jakarta.validation.spi.ValidationProvider (OnResourceCondition)

   ValidationAutoConfiguration#defaultValidator matched:
      - @ConditionalOnMissingBean (types: jakarta.validation.Validator; SearchStrategy: all) did not find any beans (OnBeanCondition)

   ValidationAutoConfiguration#methodValidationPostProcessor matched:
      - @ConditionalOnMissingBean (types: org.springframework.validation.beanvalidation.MethodValidationPostProcessor; SearchStrategy: current) did not find any beans (OnBeanCondition)

   WebMvcAutoConfiguration matched:
      - @ConditionalOnClass found required classes 'jakarta.servlet.Servlet', 'org.springframework.web.servlet.DispatcherServlet', 'org.springframework.web.servlet.config.annotation.WebMvcConfigurer' (OnClassCondition)
      - found 'session' scope (OnWebApplicationCondition)
      - @ConditionalOnMissingBean (types: org.springframework.web.servlet.config.annotation.WebMvcConfigurationSupport; SearchStrategy: all) did not find any beans (OnBeanCondition)

   WebMvcAutoConfiguration#formContentFilter matched:
      - @ConditionalOnBooleanProperty (spring.mvc.formcontent.filter.enabled=true) matched (OnPropertyCondition)
      - @ConditionalOnMissingBean (types: org.springframework.web.filter.FormContentFilter; SearchStrategy: all) did not find any beans (OnBeanCondition)

   WebMvcAutoConfiguration.EnableWebMvcConfiguration#flashMapManager matched:
      - @ConditionalOnMissingBean (names: flashMapManager; SearchStrategy: all) did not find any beans (OnBeanCondition)

   WebMvcAutoConfiguration.EnableWebMvcConfiguration#localeResolver matched:
      - @ConditionalOnMissingBean (names: localeResolver; SearchStrategy: all) did not find any beans (OnBeanCondition)

   WebMvcAutoConfiguration.EnableWebMvcConfiguration#viewNameTranslator matched:
      - @ConditionalOnMissingBean (names: viewNameTranslator; SearchStrategy: all) did not find any beans (OnBeanCondition)

   WebMvcAutoConfiguration.WebMvcAutoConfigurationAdapter#defaultViewResolver matched:
      - @ConditionalOnMissingBean (types: org.springframework.web.servlet.view.InternalResourceViewResolver; SearchStrategy: all) did not find any beans (OnBeanCondition)

   WebMvcAutoConfiguration.WebMvcAutoConfigurationAdapter#requestContextFilter matched:
      - @ConditionalOnMissingBean (types: org.springframework.web.context.request.RequestContextListener,org.springframework.web.filter.RequestContextFilter; SearchStrategy: all) did not find any beans (OnBeanCondition)

   WebMvcAutoConfiguration.WebMvcAutoConfigurationAdapter#viewResolver matched:
      - @ConditionalOnBean (types: org.springframework.web.servlet.ViewResolver; SearchStrategy: all) found beans 'defaultViewResolver', 'beanNameViewResolver', 'mvcViewResolver'; @ConditionalOnMissingBean (names: viewResolver types: org.springframework.web.servlet.view.ContentNegotiatingViewResolver; SearchStrategy: all) did not find any beans (OnBeanCondition)


Negative matches:
-----------------

   AopAutoConfiguration.AspectJAutoProxyingConfiguration:
      Did not match:
         - @ConditionalOnClass did not find required class 'org.aspectj.weaver.Advice' (OnClassCondition)

   BlockingLoadBalancerClientAutoConfiguration.BlockingLoadBalancerRetryConfig:
      Did not match:
         - @ConditionalOnClass did not find required class 'org.springframework.retry.support.RetryTemplate' (OnClassCondition)

   Cache2kCacheConfiguration:
      Did not match:
         - @ConditionalOnClass did not find required class 'org.cache2k.Cache2kBuilder' (OnClassCondition)

   CacheAutoConfiguration:
      Did not match:
         - @ConditionalOnBean (types: org.springframework.cache.interceptor.CacheAspectSupport; SearchStrategy: all) did not find any beans of type org.springframework.cache.interceptor.CacheAspectSupport (OnBeanCondition)
      Matched:
         - @ConditionalOnClass found required class 'org.springframework.cache.CacheManager' (OnClassCondition)

   CacheAutoConfiguration.CacheManagerEntityManagerFactoryDependsOnConfiguration:
      Did not match:
         - @ConditionalOnClass did not find required classes 'org.springframework.boot.jpa.autoconfigure.EntityManagerFactoryDependsOnPostProcessor', 'org.springframework.orm.jpa.LocalContainerEntityManagerFactoryBean' (OnClassCondition)
         - Ancestor org.springframework.boot.cache.autoconfigure.CacheAutoConfiguration did not match (ConditionEvaluationReport.AncestorsMatchedCondition)

   CacheMetricsAutoConfiguration:
      Did not match:
         - @ConditionalOnClass did not find required class 'io.micrometer.core.instrument.MeterRegistry' (OnClassCondition)

   CachesEndpointAutoConfiguration:
      Did not match:
         - @ConditionalOnClass did not find required class 'org.springframework.boot.actuate.autoconfigure.endpoint.condition.ConditionalOnAvailableEndpoint' (OnClassCondition)

   CaffeineCacheConfiguration:
      Did not match:
         - @ConditionalOnClass did not find required class 'com.github.benmanes.caffeine.cache.Caffeine' (OnClassCondition)

   CloudHypermediaAutoConfiguration:
      Did not match:
         - @ConditionalOnClass did not find required class 'org.springframework.hateoas.Link' (OnClassCondition)

   CommonsClientAutoConfiguration.ActuatorConfiguration:
      Did not match:
         - @ConditionalOnClass did not find required class 'org.springframework.boot.actuate.endpoint.annotation.Endpoint' (OnClassCondition)

   CommonsClientAutoConfiguration.CircuitBreakerInterfaceClientsAutoConfiguration:
      Did not match:
         - @ConditionalOnBean (types: org.springframework.cloud.client.circuitbreaker.CircuitBreakerFactory; SearchStrategy: all) did not find any beans of type org.springframework.cloud.client.circuitbreaker.CircuitBreakerFactory (OnBeanCondition)
      Matched:
         - @ConditionalOnClass found required classes 'org.springframework.cloud.client.circuitbreaker.CircuitBreaker', 'org.springframework.web.client.support.RestClientHttpServiceGroupConfigurer' (OnClassCondition)
         - @ConditionalOnProperty (spring.cloud.circuitbreaker.http-services.enabled=true) matched (OnPropertyCondition)

   CommonsClientAutoConfiguration.DiscoveryLoadBalancerConfiguration:
      Did not match:
         - @ConditionalOnClass did not find required class 'org.springframework.boot.health.contributor.HealthIndicator' (OnClassCondition)

   CommonsClientAutoConfiguration.ReactiveCircuitBreakerInterfaceClientsAutoConfiguration:
      Did not match:
         - @ConditionalOnClass did not find required class 'org.springframework.web.reactive.function.client.support.WebClientHttpServiceGroupConfigurer' (OnClassCondition)

   CouchbaseCacheConfiguration:
      Did not match:
         - @ConditionalOnClass did not find required class 'com.couchbase.client.java.Cluster' (OnClassCondition)

   DefaultFunctionConfiguration:
      Did not match:
         - @ConditionalOnClass did not find required class 'org.springframework.cloud.function.context.FunctionCatalog' (OnClassCondition)

   DiscoveryClientOptionalArgsConfiguration.DiscoveryClientOptionalArgsTlsConfiguration:
      Did not match:
         - AllNestedConditions 1 matched 1 did not; NestedCondition on DiscoveryClientOptionalArgsConfiguration.OnJerseyClientPresentAndEnabledCondition.OnJerseyClientEnabled @ConditionalOnProperty (eureka.client.jersey.enabled) matched; NestedCondition on DiscoveryClientOptionalArgsConfiguration.OnJerseyClientPresentAndEnabledCondition.OnJerseyClientPresent @ConditionalOnClass did not find required class 'org.glassfish.jersey.client.JerseyClient' (DiscoveryClientOptionalArgsConfiguration.OnJerseyClientPresentAndEnabledCondition)

   DiscoveryClientOptionalArgsConfiguration.WebClientConfiguration:
      Did not match:
         - @ConditionalOnClass did not find required class 'org.springframework.web.reactive.function.client.WebClient' (OnClassCondition)

   DiscoveryClientOptionalArgsConfiguration.WebClientNotFoundConfiguration:
      Did not match:
         - @ConditionalOnProperty (eureka.client.webclient.enabled=true) did not find property 'webclient.enabled' (OnPropertyCondition)
      Matched:
         - @ConditionalOnMissingClass did not find unwanted class 'org.springframework.web.reactive.function.client.WebClient' (OnClassCondition)

   DispatcherServletAutoConfiguration.DispatcherServletConfiguration#multipartResolver:
      Did not match:
         - @ConditionalOnBean (types: org.springframework.web.multipart.MultipartResolver; SearchStrategy: all) did not find any beans of type org.springframework.web.multipart.MultipartResolver (OnBeanCondition)

   EurekaClientAutoConfiguration.EurekaClientConfiguration:
      Did not match:
         - AnyNestedCondition 0 matched 3 did not; NestedCondition on EurekaClientAutoConfiguration.OnMissingRefreshScopeCondition.OnPropertyDisabled @ConditionalOnProperty (eureka.client.refresh.enable=false) did not find property 'eureka.client.refresh.enable'; NestedCondition on EurekaClientAutoConfiguration.OnMissingRefreshScopeCondition.MissingScope @ConditionalOnMissingBean (types: org.springframework.cloud.autoconfigure.RefreshAutoConfiguration; SearchStrategy: all) found beans of type 'org.springframework.cloud.autoconfigure.RefreshAutoConfiguration' org.springframework.cloud.autoconfigure.RefreshAutoConfiguration; NestedCondition on EurekaClientAutoConfiguration.OnMissingRefreshScopeCondition.MissingClass @ConditionalOnMissingClass found unwanted class 'org.springframework.cloud.context.scope.refresh.RefreshScope' (EurekaClientAutoConfiguration.OnMissingRefreshScopeCondition)

   EurekaClientAutoConfiguration.EurekaHealthIndicatorConfiguration:
      Did not match:
         - @ConditionalOnClass did not find required class 'org.springframework.boot.health.contributor.Health' (OnClassCondition)

   EurekaClientConfigServerAutoConfiguration:
      Did not match:
         - @ConditionalOnClass did not find required class 'org.springframework.cloud.config.server.config.ConfigServerProperties' (OnClassCondition)

   EurekaDiscoveryClientConfiguration.EurekaHealthCheckHandlerConfiguration:
      Did not match:
         - @ConditionalOnProperty (eureka.client.healthcheck.enabled) did not find property 'eureka.client.healthcheck.enabled' (OnPropertyCondition)

   EurekaReactiveDiscoveryClientConfiguration:
      Did not match:
         - @ConditionalOnClass did not find required class 'org.springframework.web.reactive.function.client.WebClient' (OnClassCondition)

   FilterAutoConfiguration.Bucket4jFilterConfiguration:
      Did not match:
         - @ConditionalOnClass did not find required class 'io.github.bucket4j.BucketConfiguration' (OnClassCondition)

   FilterAutoConfiguration.TokenRelayFilterConfiguration:
      Did not match:
         - @ConditionalOnClass did not find required class 'org.springframework.security.oauth2.client.OAuth2AuthorizedClient' (OnClassCondition)

   GatewayMultipartAutoConfiguration:
      Did not match:
         - @ConditionalOnProperty (spring.servlet.multipart.enabled) found different value in property 'enabled' (OnPropertyCondition)
      Matched:
         - @ConditionalOnClass found required classes 'jakarta.servlet.Servlet', 'org.springframework.web.multipart.support.StandardServletMultipartResolver', 'jakarta.servlet.MultipartConfigElement' (OnClassCondition)
         - found 'session' scope (OnWebApplicationCondition)

   GatewayMvcClassPathWarningAutoConfiguration.WebMvcMissingFromClasspathConfiguration:
      Did not match:
         - @ConditionalOnMissingClass found unwanted class 'org.springframework.web.servlet.DispatcherServlet' (OnClassCondition)

   GatewayServerMvcAutoConfiguration#forwardedRequestHeadersFilter:
      Did not match:
         - AllNestedConditions 1 matched 1 did not; NestedCondition on TrustedProxies.ForwardedTrustedProxiesCondition.OnTrustedProxiesNotEmpty spring.cloud.gateway.server.webmvc.trusted-proxies property is not set or is empty.; NestedCondition on TrustedProxies.ForwardedTrustedProxiesCondition.OnPropertyEnabled @ConditionalOnProperty (spring.cloud.gateway.server.webmvc.forwarded-request-headers-filter.enabled) matched (TrustedProxies.ForwardedTrustedProxiesCondition)

   GatewayServerMvcAutoConfiguration#xForwardedRequestHeadersFilter:
      Did not match:
         - AllNestedConditions 1 matched 1 did not; NestedCondition on TrustedProxies.XForwardedTrustedProxiesCondition.OnTrustedProxiesNotEmpty spring.cloud.gateway.server.webmvc.trusted-proxies property is not set or is empty.; NestedCondition on TrustedProxies.XForwardedTrustedProxiesCondition.OnPropertyEnabled @ConditionalOnProperty (spring.cloud.gateway.server.webmvc.x-forwarded-request-headers-filter.enabled) matched (TrustedProxies.XForwardedTrustedProxiesCondition)
      Matched:
         - @ConditionalOnProperty (spring.cloud.gateway.server.webmvc.x-forwarded-request-headers-filter..enabled) matched (OnPropertyCondition)

   GsonHttpMessageConvertersConfiguration.GsonHttpMessageConverterConfiguration:
      Did not match:
         - AnyNestedCondition 0 matched 2 did not; NestedCondition on GsonHttpMessageConvertersConfiguration.PreferGsonOrJacksonAndJsonbUnavailableCondition.JacksonJsonbUnavailable NoneNestedConditions 1 matched 2 did not; NestedCondition on GsonHttpMessageConvertersConfiguration.JacksonAndJsonbUnavailableCondition.JsonbPreferred @ConditionalOnProperty (spring.http.converters.preferred-json-mapper=jsonb) did not find property 'spring.http.converters.preferred-json-mapper'; NestedCondition on GsonHttpMessageConvertersConfiguration.JacksonAndJsonbUnavailableCondition.Jackson2Available @ConditionalOnBean (types: org.springframework.boot.http.converter.autoconfigure.Jackson2HttpMessageConvertersConfiguration$Jackson2JsonMessageConvertersCustomizer; SearchStrategy: all) did not find any beans of type org.springframework.boot.http.converter.autoconfigure.Jackson2HttpMessageConvertersConfiguration$Jackson2JsonMessageConvertersCustomizer; NestedCondition on GsonHttpMessageConvertersConfiguration.JacksonAndJsonbUnavailableCondition.JacksonAvailable @ConditionalOnBean (types: org.springframework.boot.http.converter.autoconfigure.JacksonHttpMessageConvertersConfiguration$JacksonJsonHttpMessageConvertersCustomizer; SearchStrategy: all) found bean 'jacksonJsonHttpMessageConvertersCustomizer'; NestedCondition on GsonHttpMessageConvertersConfiguration.PreferGsonOrJacksonAndJsonbUnavailableCondition.GsonPreferred @ConditionalOnProperty (spring.http.converters.preferred-json-mapper=gson) did not find property 'spring.http.converters.preferred-json-mapper' (GsonHttpMessageConvertersConfiguration.PreferGsonOrJacksonAndJsonbUnavailableCondition)

   HazelcastCacheConfiguration:
      Did not match:
         - @ConditionalOnClass did not find required class 'com.hazelcast.core.HazelcastInstance' (OnClassCondition)

   HttpClientMetricsAutoConfiguration:
      Did not match:
         - @ConditionalOnClass did not find required class 'io.micrometer.core.instrument.MeterRegistry' (OnClassCondition)

   HttpServiceClientAutoConfiguration:
      Did not match:
         - @ConditionalOnBean (types: org.springframework.web.service.registry.HttpServiceProxyRegistry; SearchStrategy: all) did not find any beans of type org.springframework.web.service.registry.HttpServiceProxyRegistry (OnBeanCondition)
      Matched:
         - @ConditionalOnClass found required class 'org.springframework.web.client.support.RestClientAdapter' (OnClassCondition)

   InfinispanCacheConfiguration:
      Did not match:
         - @ConditionalOnClass did not find required class 'org.infinispan.spring.embedded.provider.SpringEmbeddedCacheManager' (OnClassCondition)

   JCacheCacheConfiguration:
      Did not match:
         - @ConditionalOnClass did not find required class 'javax.cache.Caching' (OnClassCondition)

   Jackson2HttpMessageConvertersConfiguration.MappingJackson2HttpMessageConverterConfiguration:
      Did not match:
         - AnyNestedCondition 0 matched 2 did not; NestedCondition on Jackson2HttpMessageConvertersConfiguration.PreferJackson2OrJacksonUnavailableCondition.JacksonUnavailable @ConditionalOnMissingBean (types: org.springframework.boot.http.converter.autoconfigure.JacksonHttpMessageConvertersConfiguration$JacksonJsonHttpMessageConvertersCustomizer; SearchStrategy: all) found beans of type 'org.springframework.boot.http.converter.autoconfigure.JacksonHttpMessageConvertersConfiguration$JacksonJsonHttpMessageConvertersCustomizer' jacksonJsonHttpMessageConvertersCustomizer; NestedCondition on Jackson2HttpMessageConvertersConfiguration.PreferJackson2OrJacksonUnavailableCondition.Jackson2Preferred @ConditionalOnProperty (spring.http.converters.preferred-json-mapper=jackson2) did not find property 'spring.http.converters.preferred-json-mapper' (Jackson2HttpMessageConvertersConfiguration.PreferJackson2OrJacksonUnavailableCondition)
      Matched:
         - @ConditionalOnClass found required class 'com.fasterxml.jackson.databind.ObjectMapper' (OnClassCondition)

   Jackson2HttpMessageConvertersConfiguration.MappingJackson2XmlHttpMessageConverterConfiguration:
      Did not match:
         - @ConditionalOnClass did not find required class 'com.fasterxml.jackson.dataformat.xml.XmlMapper' (OnClassCondition)

   JacksonAutoConfiguration.CborConfiguration:
      Did not match:
         - @ConditionalOnClass did not find required class 'tools.jackson.dataformat.cbor.CBORMapper' (OnClassCondition)

   JacksonAutoConfiguration.XmlConfiguration:
      Did not match:
         - @ConditionalOnClass did not find required class 'tools.jackson.dataformat.xml.XmlMapper' (OnClassCondition)

   JacksonHttpMessageConvertersConfiguration.JacksonXmlHttpMessageConverterConfiguration:
      Did not match:
         - @ConditionalOnClass did not find required class 'tools.jackson.dataformat.xml.XmlMapper' (OnClassCondition)

   JmxAutoConfiguration:
      Did not match:
         - @ConditionalOnBooleanProperty (spring.jmx.enabled=true) did not find property 'spring.jmx.enabled' (OnPropertyCondition)
      Matched:
         - @ConditionalOnClass found required class 'org.springframework.jmx.export.MBeanExporter' (OnClassCondition)

   JsonbHttpMessageConvertersConfiguration:
      Did not match:
         - @ConditionalOnClass did not find required class 'jakarta.json.bind.Jsonb' (OnClassCondition)

   KotlinSerializationHttpMessageConvertersConfiguration:
      Did not match:
         - @ConditionalOnClass did not find required classes 'kotlinx.serialization.Serializable', 'kotlinx.serialization.json.Json' (OnClassCondition)

   LoadBalancerAutoConfiguration.DeferringLoadBalancerInterceptorConfig#deferringLoadBalancerInterceptor:
      Did not match:
         - @ConditionalOnMissingBean (types: org.springframework.cloud.client.loadbalancer.DeferringLoadBalancerInterceptor; SearchStrategy: all) found beans of type 'org.springframework.cloud.client.loadbalancer.DeferringLoadBalancerInterceptor' deferringLoadBalancerInterceptor (OnBeanCondition)

   LoadBalancerAutoConfiguration.DeferringLoadBalancerInterceptorRestTemplateBuilderConfig#deferringLoadBalancerInterceptor:
      Did not match:
         - @ConditionalOnMissingBean (types: org.springframework.cloud.client.loadbalancer.DeferringLoadBalancerInterceptor; SearchStrategy: all) found beans of type 'org.springframework.cloud.client.loadbalancer.DeferringLoadBalancerInterceptor' deferringLoadBalancerInterceptor (OnBeanCondition)

   LoadBalancerAutoConfiguration.RetryAutoConfiguration:
      Did not match:
         - @ConditionalOnClass did not find required class 'org.springframework.retry.support.RetryTemplate' (OnClassCondition)

   LoadBalancerAutoConfiguration.RetryInterceptorAutoConfiguration:
      Did not match:
         - @ConditionalOnClass did not find required class 'org.springframework.retry.support.RetryTemplate' (OnClassCondition)

   LoadBalancerBeanPostProcessorAutoConfiguration:
      Did not match:
         - @ConditionalOnClass did not find required class 'org.springframework.web.reactive.function.client.WebClient' (OnClassCondition)

   LoadBalancerCacheAutoConfiguration.CaffeineLoadBalancerCacheManagerConfiguration:
      Did not match:
         - @ConditionalOnClass did not find required class 'com.github.benmanes.caffeine.cache.Caffeine' (OnClassCondition)

   LoadBalancerEurekaAutoConfiguration#zoneConfig:
      Did not match:
         - @ConditionalOnMissingBean (types: org.springframework.cloud.loadbalancer.config.LoadBalancerZoneConfig; SearchStrategy: all) found beans of type 'org.springframework.cloud.loadbalancer.config.LoadBalancerZoneConfig' zoneConfig (OnBeanCondition)

   LoadBalancerStatsAutoConfiguration:
      Did not match:
         - @ConditionalOnClass did not find required class 'io.micrometer.core.instrument.MeterRegistry' (OnClassCondition)

   MessageSourceAutoConfiguration:
      Did not match:
         - ResourceBundle did not find bundle with basename messages (MessageSourceAutoConfiguration.ResourceBundleCondition)

   MultipartAutoConfiguration:
      Did not match:
         - @ConditionalOnBooleanProperty (spring.servlet.multipart.enabled=true) found different value in property 'spring.servlet.multipart.enabled' (OnPropertyCondition)
      Matched:
         - @ConditionalOnClass found required classes 'jakarta.servlet.Servlet', 'org.springframework.web.multipart.support.StandardServletMultipartResolver', 'jakarta.servlet.MultipartConfigElement' (OnClassCondition)
         - found 'session' scope (OnWebApplicationCondition)

   OAuth2LoadBalancerClientAutoConfiguration:
      Did not match:
         - @ConditionalOnProperty (spring.cloud.oauth2.load-balanced.enabled) did not find property 'spring.cloud.oauth2.load-balanced.enabled' (OnPropertyCondition)

   ProjectInfoAutoConfiguration#buildProperties:
      Did not match:
         - @ConditionalOnResource did not find resource '${spring.info.build.location:classpath:META-INF/build-info.properties}' (OnResourceCondition)

   ProjectInfoAutoConfiguration#gitProperties:
      Did not match:
         - GitResource did not find git info at classpath:git.properties (ProjectInfoAutoConfiguration.GitResourceAvailableCondition)

   ReactiveCommonsClientAutoConfiguration.ReactiveDiscoveryLoadBalancerConfiguration:
      Did not match:
         - @ConditionalOnClass did not find required classes 'org.springframework.boot.health.contributor.ReactiveHealthIndicator', 'org.springframework.web.reactive.function.client.WebClient' (OnClassCondition)

   ReactiveCompositeDiscoveryClientAutoConfiguration:
      Did not match:
         - @ConditionalOnClass did not find required class 'org.springframework.web.reactive.function.client.WebClient' (OnClassCondition)

   ReactiveHttpClientAutoConfiguration.ReactorNetty:
      Did not match:
         - @ConditionalOnClass did not find required classes 'reactor.netty.http.client.HttpClient', 'org.springframework.boot.reactor.netty.autoconfigure.ReactorNettyConfigurations' (OnClassCondition)

   ReactorLoadBalancerClientAutoConfiguration:
      Did not match:
         - @ConditionalOnClass did not find required class 'org.springframework.web.reactive.function.client.WebClient' (OnClassCondition)

   RedisCacheConfiguration:
      Did not match:
         - @ConditionalOnClass did not find required class 'org.springframework.data.redis.connection.RedisConnectionFactory' (OnClassCondition)

   RefreshAutoConfiguration#legacyContextRefresher:
      Did not match:
         - AnyNestedCondition 0 matched 3 did not; NestedCondition on ConditionalOnBootstrapEnabled.OnBootstrapEnabledCondition.OnBootstrapEnabled @ConditionalOnProperty (spring.cloud.bootstrap.enabled) did not find property 'spring.cloud.bootstrap.enabled'; NestedCondition on ConditionalOnBootstrapEnabled.OnBootstrapEnabledCondition.OnUseLegacyProcessingEnabled @ConditionalOnProperty (spring.config.use-legacy-processing) did not find property 'spring.config.use-legacy-processing'; NestedCondition on ConditionalOnBootstrapEnabled.OnBootstrapEnabledCondition.OnBootstrapMarkerClassPresent @ConditionalOnClass did not find required class 'org.springframework.cloud.bootstrap.marker.Marker' (ConditionalOnBootstrapEnabled.OnBootstrapEnabledCondition)

   RefreshEndpointAutoConfiguration:
      Did not match:
         - @ConditionalOnClass did not find required class 'org.springframework.boot.actuate.autoconfigure.endpoint.EndpointAutoConfiguration' (OnClassCondition)

   RestClientObservationAutoConfiguration:
      Did not match:
         - @ConditionalOnClass did not find required class 'org.springframework.boot.micrometer.observation.autoconfigure.ObservationProperties' (OnClassCondition)

   RestTemplateObservationAutoConfiguration:
      Did not match:
         - @ConditionalOnClass did not find required class 'org.springframework.boot.micrometer.observation.autoconfigure.ObservationProperties' (OnClassCondition)

   ServiceRegistryAutoConfiguration.ServiceRegistryEndpointConfiguration:
      Did not match:
         - @ConditionalOnClass did not find required class 'org.springframework.boot.actuate.endpoint.annotation.Endpoint' (OnClassCondition)

   ServletHttpExchangesAutoConfiguration:
      Did not match:
         - @ConditionalOnBean did not find required type 'org.springframework.boot.actuate.web.exchanges.HttpExchangeRepository' (OnBeanCondition)

   ServletManagementContextAutoConfiguration:
      Did not match:
         - @ConditionalOnClass did not find required class 'org.springframework.boot.actuate.autoconfigure.endpoint.web.WebEndpointProperties' (OnClassCondition)

   ServletMappingsAutoConfiguration:
      Did not match:
         - @ConditionalOnClass did not find required class 'org.springframework.boot.actuate.autoconfigure.endpoint.condition.ConditionalOnAvailableEndpoint' (OnClassCondition)

   ServletWebServerConfiguration#forwardedHeaderFilter:
      Did not match:
         - @ConditionalOnProperty (server.forward-headers-strategy=framework) did not find property 'server.forward-headers-strategy' (OnPropertyCondition)

   SimpleDiscoveryClientConfigurations.StandardSimpleDiscoveryClientConfiguration:
      Did not match:
         - @ConditionalOnMissingClass found unwanted class 'org.springframework.boot.web.server.context.WebServerInitializedEvent' (OnClassCondition)

   SimpleReactiveDiscoveryClientAutoConfiguration:
      Did not match:
         - @ConditionalOnClass did not find required class 'org.springframework.web.reactive.function.client.WebClient' (OnClassCondition)

   SpringApplicationAdminJmxAutoConfiguration:
      Did not match:
         - @ConditionalOnBooleanProperty (spring.application.admin.enabled=true) did not find property 'spring.application.admin.enabled' (OnPropertyCondition)

   TaskExecutorConfigurations.AsyncConfigurerWrapperConfiguration:
      Did not match:
         - @ConditionalOnBean (types: org.springframework.scheduling.annotation.AsyncConfigurer; SearchStrategy: all) did not find any beans of type org.springframework.scheduling.annotation.AsyncConfigurer (OnBeanCondition)

   TaskExecutorConfigurations.SimpleAsyncTaskExecutorBuilderConfiguration#simpleAsyncTaskExecutorBuilderVirtualThreads:
      Did not match:
         - @ConditionalOnMissingBean (types: org.springframework.boot.task.SimpleAsyncTaskExecutorBuilder; SearchStrategy: all) found beans of type 'org.springframework.boot.task.SimpleAsyncTaskExecutorBuilder' simpleAsyncTaskExecutorBuilder (OnBeanCondition)

   TaskExecutorConfigurations.TaskExecutorConfiguration#applicationTaskExecutorVirtualThreads:
      Did not match:
         - @ConditionalOnThreading did not find VIRTUAL (OnThreadingCondition)

   TaskExecutorConfigurations.TaskExecutorContextPropagationConfiguration:
      Did not match:
         - @ConditionalOnClass did not find required class 'io.micrometer.context.ContextSnapshot' (OnClassCondition)

   TaskSchedulingAutoConfiguration#scheduledBeanLazyInitializationExcludeFilter:
      Did not match:
         - @ConditionalOnBean (names: org.springframework.scheduling.config.internalScheduledAnnotationProcessor; SearchStrategy: all) did not find any beans named org.springframework.scheduling.config.internalScheduledAnnotationProcessor (OnBeanCondition)

   TaskSchedulingConfigurations.SimpleAsyncTaskSchedulerBuilderConfiguration#simpleAsyncTaskSchedulerBuilderVirtualThreads:
      Did not match:
         - @ConditionalOnMissingBean (types: org.springframework.boot.task.SimpleAsyncTaskSchedulerBuilder; SearchStrategy: all) found beans of type 'org.springframework.boot.task.SimpleAsyncTaskSchedulerBuilder' simpleAsyncTaskSchedulerBuilder (OnBeanCondition)

   TaskSchedulingConfigurations.TaskSchedulerConfiguration:
      Did not match:
         - @ConditionalOnBean (names: org.springframework.scheduling.config.internalScheduledAnnotationProcessor; SearchStrategy: all) did not find any beans named org.springframework.scheduling.config.internalScheduledAnnotationProcessor (OnBeanCondition)

   TomcatMetricsAutoConfiguration:
      Did not match:
         - @ConditionalOnClass did not find required class 'io.micrometer.core.instrument.binder.tomcat.TomcatMetrics' (OnClassCondition)

   TomcatReactiveManagementContextAutoConfiguration:
      Did not match:
         - @ConditionalOnClass did not find required class 'org.springframework.boot.actuate.autoconfigure.web.server.ManagementContextFactory' (OnClassCondition)

   TomcatReactiveWebServerAutoConfiguration:
      Did not match:
         - @ConditionalOnWebApplication did not find reactive web application classes (OnWebApplicationCondition)

   TomcatServletManagementContextAutoConfiguration:
      Did not match:
         - @ConditionalOnClass did not find required class 'org.springframework.boot.actuate.autoconfigure.web.server.ManagementContextFactory' (OnClassCondition)

   TomcatServletWebServerAutoConfiguration#tomcatForwardedHeaderFilterCustomizer:
      Did not match:
         - @ConditionalOnProperty (server.forward-headers-strategy=framework) did not find property 'server.forward-headers-strategy' (OnPropertyCondition)

   TomcatWebServerConfiguration#tomcatVirtualThreadsProtocolHandlerCustomizer:
      Did not match:
         - @ConditionalOnThreading did not find VIRTUAL (OnThreadingCondition)

   WebMvcAutoConfiguration#hiddenHttpMethodFilter:
      Did not match:
         - @ConditionalOnBooleanProperty (spring.mvc.hiddenmethod.filter.enabled=true) did not find property 'spring.mvc.hiddenmethod.filter.enabled' (OnPropertyCondition)

   WebMvcAutoConfiguration.ProblemDetailsErrorHandlingConfiguration:
      Did not match:
         - @ConditionalOnBooleanProperty (spring.mvc.problemdetails.enabled=true) did not find property 'spring.mvc.problemdetails.enabled' (OnPropertyCondition)

   WebMvcAutoConfiguration.ResourceChainCustomizerConfiguration:
      Did not match:
         - @ConditionalOnEnabledResourceChain did not find class org.webjars.WebJarVersionLocator (OnEnabledResourceChainCondition)

   WebMvcAutoConfiguration.WebMvcAutoConfigurationAdapter#beanNameViewResolver:
      Did not match:
         - @ConditionalOnMissingBean (types: org.springframework.web.servlet.view.BeanNameViewResolver; SearchStrategy: all) found beans of type 'org.springframework.web.servlet.view.BeanNameViewResolver' beanNameViewResolver (OnBeanCondition)

   WebMvcHealthEndpointExtensionAutoConfiguration:
      Did not match:
         - @ConditionalOnClass did not find required class 'org.springframework.boot.health.actuate.endpoint.HealthEndpoint' (OnClassCondition)

   WebMvcMappingsAutoConfiguration:
      Did not match:
         - @ConditionalOnClass did not find required class 'org.springframework.boot.actuate.autoconfigure.endpoint.condition.ConditionalOnAvailableEndpoint' (OnClassCondition)

   WebMvcObservationAutoConfiguration:
      Did not match:
         - @ConditionalOnClass did not find required class 'org.springframework.boot.micrometer.observation.autoconfigure.ObservationProperties' (OnClassCondition)

   WritableEnvironmentEndpointAutoConfiguration:
      Did not match:
         - @ConditionalOnClass did not find required class 'org.springframework.boot.actuate.autoconfigure.env.EnvironmentEndpointProperties' (OnClassCondition)


Exclusions:
-----------

    None


Unconditional classes:
----------------------

    org.springframework.boot.autoconfigure.context.ConfigurationPropertiesAutoConfiguration

    org.springframework.cloud.client.ReactiveCommonsClientAutoConfiguration

    org.springframework.boot.http.client.autoconfigure.service.HttpServiceClientPropertiesAutoConfiguration

    org.springframework.boot.autoconfigure.ssl.SslAutoConfiguration

    org.springframework.cloud.client.discovery.simple.SimpleDiscoveryClientAutoConfiguration

    org.springframework.boot.autoconfigure.context.PropertyPlaceholderAutoConfiguration

    org.springframework.boot.autoconfigure.context.LifecycleAutoConfiguration

    org.springframework.cloud.client.CommonsClientAutoConfiguration

    org.springframework.cloud.commons.config.CommonsConfigAutoConfiguration

    org.springframework.cloud.netflix.eureka.config.DiscoveryClientOptionalArgsConfiguration

    org.springframework.cloud.gateway.server.mvc.predicate.PredicateAutoConfiguration

    org.springframework.boot.http.client.autoconfigure.HttpClientAutoConfiguration

    org.springframework.cloud.client.loadbalancer.LoadBalancerDefaultMappingsProviderAutoConfiguration

    org.springframework.cloud.gateway.server.mvc.handler.HandlerFunctionAutoConfiguration

    org.springframework.cloud.gateway.server.mvc.filter.FilterAutoConfiguration

    org.springframework.cloud.client.discovery.composite.CompositeDiscoveryClientAutoConfiguration

    org.springframework.cloud.client.serviceregistry.ServiceRegistryAutoConfiguration

    org.springframework.cloud.autoconfigure.LifecycleMvcEndpointAutoConfiguration

    org.springframework.boot.autoconfigure.availability.ApplicationAvailabilityAutoConfiguration

    org.springframework.boot.autoconfigure.info.ProjectInfoAutoConfiguration



2026-09-08T00:57:57.665+05:30  INFO 14276 --- [api-gateway] [           main] c.a.api_gateway.ApiGatewayApplication    : Started ApiGatewayApplication in 12.693 seconds (process running for 13.394)
2026-09-08T00:57:57.667+05:30 DEBUG 14276 --- [api-gateway] [           main] o.s.b.a.ApplicationAvailabilityBean      : Application availability state LivenessState changed to CORRECT
2026-09-08T00:57:57.670+05:30 DEBUG 14276 --- [api-gateway] [           main] o.s.b.a.ApplicationAvailabilityBean      : Application availability state ReadinessState changed to ACCEPTING_TRAFFIC
2026-09-08T00:57:57.686+05:30  INFO 14276 --- [api-gateway] [foReplicator-%d] com.netflix.discovery.DiscoveryClient    : DiscoveryClient_API-GATEWAY/SHADAB:api-gateway:8082 - registration status: 204
2026-09-08T00:58:01.233+05:30  INFO 14276 --- [api-gateway] [nio-8082-exec-2] o.a.c.c.C.[Tomcat].[localhost].[/]       : Initializing Spring DispatcherServlet 'dispatcherServlet'
2026-09-08T00:58:01.247+05:30  INFO 14276 --- [api-gateway] [nio-8082-exec-2] o.s.web.servlet.DispatcherServlet        : Initializing Servlet 'dispatcherServlet'
2026-09-08T00:58:01.247+05:30 DEBUG 14276 --- [api-gateway] [nio-8082-exec-2] o.s.web.servlet.DispatcherServlet        : Detected AcceptHeaderLocaleResolver
2026-09-08T00:58:01.249+05:30 DEBUG 14276 --- [api-gateway] [nio-8082-exec-2] o.s.web.servlet.DispatcherServlet        : Detected org.springframework.web.servlet.view.DefaultRequestToViewNameTranslator@64d95a0e
2026-09-08T00:58:01.249+05:30 DEBUG 14276 --- [api-gateway] [nio-8082-exec-2] o.s.web.servlet.DispatcherServlet        : Detected org.springframework.web.servlet.support.SessionFlashMapManager@50e84230
2026-09-08T00:58:01.250+05:30 DEBUG 14276 --- [api-gateway] [nio-8082-exec-2] o.s.web.servlet.DispatcherServlet        : enableLoggingRequestDetails='false': request parameters and headers will be masked to prevent unsafe logging of potentially sensitive data
2026-09-08T00:58:01.250+05:30  INFO 14276 --- [api-gateway] [nio-8082-exec-2] o.s.web.servlet.DispatcherServlet        : Completed initialization in 3 ms
2026-09-08T00:58:01.259+05:30 DEBUG 14276 --- [api-gateway] [nio-8082-exec-2] o.s.web.servlet.DispatcherServlet        : GET "/driver-service/drivers", parameters={}
2026-09-08T00:58:01.280+05:30 DEBUG 14276 --- [api-gateway] [nio-8082-exec-2] o.s.w.s.f.support.RouterFunctionMapping  : Mapped to org.springframework.web.servlet.function.HandlerFilterFunction$$Lambda$1275/0x00000140466c5c10@2d2aa3c7
2026-09-08T00:58:01.383+05:30  WARN 14276 --- [api-gateway] [nio-8082-exec-2] o.s.c.l.core.RoundRobinLoadBalancer      : No servers available for service: driver-service
2026-09-08T00:58:01.390+05:30 DEBUG 14276 --- [api-gateway] [nio-8082-exec-2] o.s.web.servlet.DispatcherServlet        : Failed to complete request: org.springframework.web.client.HttpServerErrorException: 503 Unable to find instance for driver-service
2026-09-08T00:58:01.391+05:30 ERROR 14276 --- [api-gateway] [nio-8082-exec-2] o.a.c.c.C.[.[.[/].[dispatcherServlet]    : Servlet.service() for servlet [dispatcherServlet] in context with path [] threw exception [Request processing failed: org.springframework.web.client.HttpServerErrorException: 503 Unable to find instance for driver-service] with root cause

org.springframework.web.client.HttpServerErrorException: 503 Unable to find instance for driver-service
	at org.springframework.cloud.gateway.server.mvc.filter.LoadBalancerFilterFunctions.lambda$lb$5(LoadBalancerFilterFunctions.java:92) ~[spring-cloud-gateway-server-webmvc-5.0.3.jar:5.0.3]
	at org.springframework.web.servlet.function.HandlerFilterFunction.lambda$andThen$1(HandlerFilterFunction.java:58) ~[spring-webmvc-7.0.9.jar:7.0.9]
	at org.springframework.web.servlet.function.HandlerFilterFunction.lambda$ofRequestProcessor$0(HandlerFilterFunction.java:83) ~[spring-webmvc-7.0.9.jar:7.0.9]
	at org.springframework.web.servlet.function.HandlerFilterFunction.lambda$andThen$1(HandlerFilterFunction.java:58) ~[spring-webmvc-7.0.9.jar:7.0.9]
	at org.springframework.web.servlet.function.HandlerFilterFunction.lambda$ofRequestProcessor$0(HandlerFilterFunction.java:83) ~[spring-webmvc-7.0.9.jar:7.0.9]
	at org.springframework.web.servlet.function.HandlerFilterFunction.lambda$andThen$0(HandlerFilterFunction.java:59) ~[spring-webmvc-7.0.9.jar:7.0.9]
	at org.springframework.web.servlet.function.HandlerFilterFunction.lambda$andThen$0(HandlerFilterFunction.java:59) ~[spring-webmvc-7.0.9.jar:7.0.9]
	at org.springframework.web.servlet.function.HandlerFilterFunction.lambda$apply$0(HandlerFilterFunction.java:70) ~[spring-webmvc-7.0.9.jar:7.0.9]
	at org.springframework.web.servlet.function.support.HandlerFunctionAdapter.handle(HandlerFunctionAdapter.java:106) ~[spring-webmvc-7.0.9.jar:7.0.9]
	at org.springframework.web.servlet.DispatcherServlet.doDispatch(DispatcherServlet.java:963) ~[spring-webmvc-7.0.9.jar:7.0.9]
	at org.springframework.web.servlet.DispatcherServlet.doService(DispatcherServlet.java:866) ~[spring-webmvc-7.0.9.jar:7.0.9]
	at org.springframework.web.servlet.FrameworkServlet.processRequest(FrameworkServlet.java:1000) ~[spring-webmvc-7.0.9.jar:7.0.9]
	at org.springframework.web.servlet.FrameworkServlet.doGet(FrameworkServlet.java:892) ~[spring-webmvc-7.0.9.jar:7.0.9]
	at jakarta.servlet.http.HttpServlet.service(HttpServlet.java:622) ~[tomcat-embed-core-11.0.24.jar:6.1]
	at org.springframework.web.servlet.FrameworkServlet.service(FrameworkServlet.java:874) ~[spring-webmvc-7.0.9.jar:7.0.9]
	at jakarta.servlet.http.HttpServlet.service(HttpServlet.java:710) ~[tomcat-embed-core-11.0.24.jar:6.1]
	at org.apache.catalina.core.ApplicationFilterChain.doFilter(ApplicationFilterChain.java:132) ~[tomcat-embed-core-11.0.24.jar:11.0.24]
	at org.apache.tomcat.websocket.server.WsFilter.doFilter(WsFilter.java:59) ~[tomcat-embed-websocket-11.0.24.jar:11.0.24]
	at org.apache.catalina.core.ApplicationFilterChain.doFilter(ApplicationFilterChain.java:111) ~[tomcat-embed-core-11.0.24.jar:11.0.24]
	at org.springframework.cloud.gateway.server.mvc.filter.WeightCalculatorFilter.doFilter(WeightCalculatorFilter.java:233) ~[spring-cloud-gateway-server-webmvc-5.0.3.jar:5.0.3]
	at org.apache.catalina.core.ApplicationFilterChain.doFilter(ApplicationFilterChain.java:111) ~[tomcat-embed-core-11.0.24.jar:11.0.24]
	at org.springframework.cloud.gateway.server.mvc.filter.FormFilter.doFilter(FormFilter.java:93) ~[spring-cloud-gateway-server-webmvc-5.0.3.jar:5.0.3]
	at org.apache.catalina.core.ApplicationFilterChain.doFilter(ApplicationFilterChain.java:111) ~[tomcat-embed-core-11.0.24.jar:11.0.24]
	at org.springframework.web.filter.RequestContextFilter.doFilterInternal(RequestContextFilter.java:100) ~[spring-web-7.0.9.jar:7.0.9]
	at org.springframework.web.filter.OncePerRequestFilter.doFilter(OncePerRequestFilter.java:116) ~[spring-web-7.0.9.jar:7.0.9]
	at org.apache.catalina.core.ApplicationFilterChain.doFilter(ApplicationFilterChain.java:111) ~[tomcat-embed-core-11.0.24.jar:11.0.24]
	at org.springframework.web.filter.FormContentFilter.doFilterInternal(FormContentFilter.java:93) ~[spring-web-7.0.9.jar:7.0.9]
	at org.springframework.web.filter.OncePerRequestFilter.doFilter(OncePerRequestFilter.java:116) ~[spring-web-7.0.9.jar:7.0.9]
	at org.apache.catalina.core.ApplicationFilterChain.doFilter(ApplicationFilterChain.java:111) ~[tomcat-embed-core-11.0.24.jar:11.0.24]
	at org.springframework.web.filter.CharacterEncodingFilter.doFilterInternal(CharacterEncodingFilter.java:199) ~[spring-web-7.0.9.jar:7.0.9]
	at org.springframework.web.filter.OncePerRequestFilter.doFilter(OncePerRequestFilter.java:116) ~[spring-web-7.0.9.jar:7.0.9]
	at org.apache.catalina.core.ApplicationFilterChain.doFilter(ApplicationFilterChain.java:111) ~[tomcat-embed-core-11.0.24.jar:11.0.24]
	at org.apache.catalina.core.StandardWrapperValve.invoke(StandardWrapperValve.java:165) ~[tomcat-embed-core-11.0.24.jar:11.0.24]
	at org.apache.catalina.core.StandardContextValve.invoke(StandardContextValve.java:77) ~[tomcat-embed-core-11.0.24.jar:11.0.24]
	at org.apache.catalina.authenticator.AuthenticatorBase.invoke(AuthenticatorBase.java:535) ~[tomcat-embed-core-11.0.24.jar:11.0.24]
	at org.apache.catalina.core.StandardHostValve.invoke(StandardHostValve.java:115) ~[tomcat-embed-core-11.0.24.jar:11.0.24]
	at org.apache.catalina.valves.ErrorReportValve.invoke(ErrorReportValve.java:86) ~[tomcat-embed-core-11.0.24.jar:11.0.24]
	at org.apache.catalina.core.StandardEngineValve.invoke(StandardEngineValve.java:71) ~[tomcat-embed-core-11.0.24.jar:11.0.24]
	at org.apache.catalina.connector.CoyoteAdapter.service(CoyoteAdapter.java:347) ~[tomcat-embed-core-11.0.24.jar:11.0.24]
	at org.apache.coyote.http11.Http11Processor.service(Http11Processor.java:406) ~[tomcat-embed-core-11.0.24.jar:11.0.24]
	at org.apache.coyote.AbstractProcessorLight.process(AbstractProcessorLight.java:71) ~[tomcat-embed-core-11.0.24.jar:11.0.24]
	at org.apache.coyote.AbstractProtocol$ConnectionHandler.process(AbstractProtocol.java:1307) ~[tomcat-embed-core-11.0.24.jar:11.0.24]
	at org.apache.tomcat.util.net.NioEndpoint$SocketProcessor.doRun(NioEndpoint.java:2036) ~[tomcat-embed-core-11.0.24.jar:11.0.24]
	at org.apache.tomcat.util.net.SocketProcessorBase.run(SocketProcessorBase.java:74) ~[tomcat-embed-core-11.0.24.jar:11.0.24]
	at org.apache.tomcat.util.threads.ThreadPoolExecutor.runWorker(ThreadPoolExecutor.java:949) ~[tomcat-embed-core-11.0.24.jar:11.0.24]
	at org.apache.tomcat.util.threads.ThreadPoolExecutor$Worker.run(ThreadPoolExecutor.java:483) ~[tomcat-embed-core-11.0.24.jar:11.0.24]
	at org.apache.tomcat.util.threads.TaskThread$WrappingRunnable.run(TaskThread.java:74) ~[tomcat-embed-core-11.0.24.jar:11.0.24]
	at java.base/java.lang.Thread.run(Thread.java:840) ~[na:na]

2026-09-08T00:58:01.400+05:30 DEBUG 14276 --- [api-gateway] [nio-8082-exec-2] o.s.web.servlet.DispatcherServlet        : "ERROR" dispatch for GET "/error", parameters={}
2026-09-08T00:58:01.402+05:30 DEBUG 14276 --- [api-gateway] [nio-8082-exec-2] s.w.s.m.m.a.RequestMappingHandlerMapping : Mapped to org.springframework.boot.webmvc.autoconfigure.error.BasicErrorController#error(HttpServletRequest)
2026-09-08T00:58:01.413+05:30 DEBUG 14276 --- [api-gateway] [nio-8082-exec-2] o.s.w.s.m.m.a.HttpEntityMethodProcessor  : Using 'application/json', given [*/*] and supported [application/json, application/*+json]
2026-09-08T00:58:01.415+05:30 DEBUG 14276 --- [api-gateway] [nio-8082-exec-2] o.s.w.s.m.m.a.HttpEntityMethodProcessor  : Writing [{timestamp=Tue Sep 08 00:58:01 IST 2026, status=500, error=Internal Server Error, path=/driver-servi (truncated)...]
2026-09-08T00:58:01.442+05:30 DEBUG 14276 --- [api-gateway] [nio-8082-exec-2] o.s.web.servlet.DispatcherServlet        : Exiting from "ERROR" dispatch, status 500
2026-09-08T00:58:01.446+05:30 DEBUG 14276 --- [api-gateway] [nio-8082-exec-5] o.s.web.servlet.DispatcherServlet        : GET "/rider-service/riders", parameters={}
2026-09-08T00:58:01.447+05:30 DEBUG 14276 --- [api-gateway] [nio-8082-exec-5] o.s.w.s.f.support.RouterFunctionMapping  : Mapped to org.springframework.web.servlet.function.HandlerFilterFunction$$Lambda$1275/0x00000140466c5c10@5d265f3d
2026-09-08T00:58:01.465+05:30  WARN 14276 --- [api-gateway] [nio-8082-exec-5] o.s.c.l.core.RoundRobinLoadBalancer      : No servers available for service: rider-service
2026-09-08T00:58:01.466+05:30 DEBUG 14276 --- [api-gateway] [nio-8082-exec-5] o.s.web.servlet.DispatcherServlet        : Failed to complete request: org.springframework.web.client.HttpServerErrorException: 503 Unable to find instance for rider-service
2026-09-08T00:58:01.467+05:30 ERROR 14276 --- [api-gateway] [nio-8082-exec-5] o.a.c.c.C.[.[.[/].[dispatcherServlet]    : Servlet.service() for servlet [dispatcherServlet] in context with path [] threw exception [Request processing failed: org.springframework.web.client.HttpServerErrorException: 503 Unable to find instance for rider-service] with root cause

org.springframework.web.client.HttpServerErrorException: 503 Unable to find instance for rider-service
	at org.springframework.cloud.gateway.server.mvc.filter.LoadBalancerFilterFunctions.lambda$lb$5(LoadBalancerFilterFunctions.java:92) ~[spring-cloud-gateway-server-webmvc-5.0.3.jar:5.0.3]
	at org.springframework.web.servlet.function.HandlerFilterFunction.lambda$andThen$1(HandlerFilterFunction.java:58) ~[spring-webmvc-7.0.9.jar:7.0.9]
	at org.springframework.web.servlet.function.HandlerFilterFunction.lambda$ofRequestProcessor$0(HandlerFilterFunction.java:83) ~[spring-webmvc-7.0.9.jar:7.0.9]
	at org.springframework.web.servlet.function.HandlerFilterFunction.lambda$andThen$1(HandlerFilterFunction.java:58) ~[spring-webmvc-7.0.9.jar:7.0.9]
	at org.springframework.web.servlet.function.HandlerFilterFunction.lambda$ofRequestProcessor$0(HandlerFilterFunction.java:83) ~[spring-webmvc-7.0.9.jar:7.0.9]
	at org.springframework.web.servlet.function.HandlerFilterFunction.lambda$andThen$0(HandlerFilterFunction.java:59) ~[spring-webmvc-7.0.9.jar:7.0.9]
	at org.springframework.web.servlet.function.HandlerFilterFunction.lambda$andThen$0(HandlerFilterFunction.java:59) ~[spring-webmvc-7.0.9.jar:7.0.9]
	at org.springframework.web.servlet.function.HandlerFilterFunction.lambda$apply$0(HandlerFilterFunction.java:70) ~[spring-webmvc-7.0.9.jar:7.0.9]
	at org.springframework.web.servlet.function.support.HandlerFunctionAdapter.handle(HandlerFunctionAdapter.java:106) ~[spring-webmvc-7.0.9.jar:7.0.9]
	at org.springframework.web.servlet.DispatcherServlet.doDispatch(DispatcherServlet.java:963) ~[spring-webmvc-7.0.9.jar:7.0.9]
	at org.springframework.web.servlet.DispatcherServlet.doService(DispatcherServlet.java:866) ~[spring-webmvc-7.0.9.jar:7.0.9]
	at org.springframework.web.servlet.FrameworkServlet.processRequest(FrameworkServlet.java:1000) ~[spring-webmvc-7.0.9.jar:7.0.9]
	at org.springframework.web.servlet.FrameworkServlet.doGet(FrameworkServlet.java:892) ~[spring-webmvc-7.0.9.jar:7.0.9]
	at jakarta.servlet.http.HttpServlet.service(HttpServlet.java:622) ~[tomcat-embed-core-11.0.24.jar:6.1]
	at org.springframework.web.servlet.FrameworkServlet.service(FrameworkServlet.java:874) ~[spring-webmvc-7.0.9.jar:7.0.9]
	at jakarta.servlet.http.HttpServlet.service(HttpServlet.java:710) ~[tomcat-embed-core-11.0.24.jar:6.1]
	at org.apache.catalina.core.ApplicationFilterChain.doFilter(ApplicationFilterChain.java:132) ~[tomcat-embed-core-11.0.24.jar:11.0.24]
	at org.apache.tomcat.websocket.server.WsFilter.doFilter(WsFilter.java:59) ~[tomcat-embed-websocket-11.0.24.jar:11.0.24]
	at org.apache.catalina.core.ApplicationFilterChain.doFilter(ApplicationFilterChain.java:111) ~[tomcat-embed-core-11.0.24.jar:11.0.24]
	at org.springframework.cloud.gateway.server.mvc.filter.WeightCalculatorFilter.doFilter(WeightCalculatorFilter.java:233) ~[spring-cloud-gateway-server-webmvc-5.0.3.jar:5.0.3]
	at org.apache.catalina.core.ApplicationFilterChain.doFilter(ApplicationFilterChain.java:111) ~[tomcat-embed-core-11.0.24.jar:11.0.24]
	at org.springframework.cloud.gateway.server.mvc.filter.FormFilter.doFilter(FormFilter.java:93) ~[spring-cloud-gateway-server-webmvc-5.0.3.jar:5.0.3]
	at org.apache.catalina.core.ApplicationFilterChain.doFilter(ApplicationFilterChain.java:111) ~[tomcat-embed-core-11.0.24.jar:11.0.24]
	at org.springframework.web.filter.RequestContextFilter.doFilterInternal(RequestContextFilter.java:100) ~[spring-web-7.0.9.jar:7.0.9]
	at org.springframework.web.filter.OncePerRequestFilter.doFilter(OncePerRequestFilter.java:116) ~[spring-web-7.0.9.jar:7.0.9]
	at org.apache.catalina.core.ApplicationFilterChain.doFilter(ApplicationFilterChain.java:111) ~[tomcat-embed-core-11.0.24.jar:11.0.24]
	at org.springframework.web.filter.FormContentFilter.doFilterInternal(FormContentFilter.java:93) ~[spring-web-7.0.9.jar:7.0.9]
	at org.springframework.web.filter.OncePerRequestFilter.doFilter(OncePerRequestFilter.java:116) ~[spring-web-7.0.9.jar:7.0.9]
	at org.apache.catalina.core.ApplicationFilterChain.doFilter(ApplicationFilterChain.java:111) ~[tomcat-embed-core-11.0.24.jar:11.0.24]
	at org.springframework.web.filter.CharacterEncodingFilter.doFilterInternal(CharacterEncodingFilter.java:199) ~[spring-web-7.0.9.jar:7.0.9]
	at org.springframework.web.filter.OncePerRequestFilter.doFilter(OncePerRequestFilter.java:116) ~[spring-web-7.0.9.jar:7.0.9]
	at org.apache.catalina.core.ApplicationFilterChain.doFilter(ApplicationFilterChain.java:111) ~[tomcat-embed-core-11.0.24.jar:11.0.24]
	at org.apache.catalina.core.StandardWrapperValve.invoke(StandardWrapperValve.java:165) ~[tomcat-embed-core-11.0.24.jar:11.0.24]
	at org.apache.catalina.core.StandardContextValve.invoke(StandardContextValve.java:77) ~[tomcat-embed-core-11.0.24.jar:11.0.24]
	at org.apache.catalina.authenticator.AuthenticatorBase.invoke(AuthenticatorBase.java:535) ~[tomcat-embed-core-11.0.24.jar:11.0.24]
	at org.apache.catalina.core.StandardHostValve.invoke(StandardHostValve.java:115) ~[tomcat-embed-core-11.0.24.jar:11.0.24]
	at org.apache.catalina.valves.ErrorReportValve.invoke(ErrorReportValve.java:86) ~[tomcat-embed-core-11.0.24.jar:11.0.24]
	at org.apache.catalina.core.StandardEngineValve.invoke(StandardEngineValve.java:71) ~[tomcat-embed-core-11.0.24.jar:11.0.24]
	at org.apache.catalina.connector.CoyoteAdapter.service(CoyoteAdapter.java:347) ~[tomcat-embed-core-11.0.24.jar:11.0.24]
	at org.apache.coyote.http11.Http11Processor.service(Http11Processor.java:406) ~[tomcat-embed-core-11.0.24.jar:11.0.24]
	at org.apache.coyote.AbstractProcessorLight.process(AbstractProcessorLight.java:71) ~[tomcat-embed-core-11.0.24.jar:11.0.24]
	at org.apache.coyote.AbstractProtocol$ConnectionHandler.process(AbstractProtocol.java:1307) ~[tomcat-embed-core-11.0.24.jar:11.0.24]
	at org.apache.tomcat.util.net.NioEndpoint$SocketProcessor.doRun(NioEndpoint.java:2036) ~[tomcat-embed-core-11.0.24.jar:11.0.24]
	at org.apache.tomcat.util.net.SocketProcessorBase.run(SocketProcessorBase.java:74) ~[tomcat-embed-core-11.0.24.jar:11.0.24]
	at org.apache.tomcat.util.threads.ThreadPoolExecutor.runWorker(ThreadPoolExecutor.java:949) ~[tomcat-embed-core-11.0.24.jar:11.0.24]
	at org.apache.tomcat.util.threads.ThreadPoolExecutor$Worker.run(ThreadPoolExecutor.java:483) ~[tomcat-embed-core-11.0.24.jar:11.0.24]
	at org.apache.tomcat.util.threads.TaskThread$WrappingRunnable.run(TaskThread.java:74) ~[tomcat-embed-core-11.0.24.jar:11.0.24]
	at java.base/java.lang.Thread.run(Thread.java:840) ~[na:na]

2026-09-08T00:58:01.468+05:30 DEBUG 14276 --- [api-gateway] [nio-8082-exec-5] o.s.web.servlet.DispatcherServlet        : "ERROR" dispatch for GET "/error", parameters={}
2026-09-08T00:58:01.468+05:30 DEBUG 14276 --- [api-gateway] [nio-8082-exec-5] s.w.s.m.m.a.RequestMappingHandlerMapping : Mapped to org.springframework.boot.webmvc.autoconfigure.error.BasicErrorController#error(HttpServletRequest)
2026-09-08T00:58:01.469+05:30 DEBUG 14276 --- [api-gateway] [nio-8082-exec-5] o.s.w.s.m.m.a.HttpEntityMethodProcessor  : Using 'application/json', given [*/*] and supported [application/json, application/*+json]
2026-09-08T00:58:01.470+05:30 DEBUG 14276 --- [api-gateway] [nio-8082-exec-5] o.s.w.s.m.m.a.HttpEntityMethodProcessor  : Writing [{timestamp=Tue Sep 08 00:58:01 IST 2026, status=500, error=Internal Server Error, path=/rider-servic (truncated)...]
2026-09-08T00:58:01.471+05:30 DEBUG 14276 --- [api-gateway] [nio-8082-exec-5] o.s.web.servlet.DispatcherServlet        : Exiting from "ERROR" dispatch, status 500
2026-09-08T00:58:04.293+05:30 DEBUG 14276 --- [api-gateway] [nio-8082-exec-1] o.s.web.servlet.DispatcherServlet        : GET "/driver-service/drivers", parameters={}
2026-09-08T00:58:04.293+05:30 DEBUG 14276 --- [api-gateway] [nio-8082-exec-1] o.s.w.s.f.support.RouterFunctionMapping  : Mapped to org.springframework.web.servlet.function.HandlerFilterFunction$$Lambda$1275/0x00000140466c5c10@39ec8de3
2026-09-08T00:58:04.295+05:30  WARN 14276 --- [api-gateway] [nio-8082-exec-1] o.s.c.l.core.RoundRobinLoadBalancer      : No servers available for service: driver-service
2026-09-08T00:58:04.296+05:30 DEBUG 14276 --- [api-gateway] [nio-8082-exec-1] o.s.web.servlet.DispatcherServlet        : Failed to complete request: org.springframework.web.client.HttpServerErrorException: 503 Unable to find instance for driver-service
2026-09-08T00:58:04.296+05:30 ERROR 14276 --- [api-gateway] [nio-8082-exec-1] o.a.c.c.C.[.[.[/].[dispatcherServlet]    : Servlet.service() for servlet [dispatcherServlet] in context with path [] threw exception [Request processing failed: org.springframework.web.client.HttpServerErrorException: 503 Unable to find instance for driver-service] with root cause

org.springframework.web.client.HttpServerErrorException: 503 Unable to find instance for driver-service
	at org.springframework.cloud.gateway.server.mvc.filter.LoadBalancerFilterFunctions.lambda$lb$5(LoadBalancerFilterFunctions.java:92) ~[spring-cloud-gateway-server-webmvc-5.0.3.jar:5.0.3]
	at org.springframework.web.servlet.function.HandlerFilterFunction.lambda$andThen$1(HandlerFilterFunction.java:58) ~[spring-webmvc-7.0.9.jar:7.0.9]
	at org.springframework.web.servlet.function.HandlerFilterFunction.lambda$ofRequestProcessor$0(HandlerFilterFunction.java:83) ~[spring-webmvc-7.0.9.jar:7.0.9]
	at org.springframework.web.servlet.function.HandlerFilterFunction.lambda$andThen$1(HandlerFilterFunction.java:58) ~[spring-webmvc-7.0.9.jar:7.0.9]
	at org.springframework.web.servlet.function.HandlerFilterFunction.lambda$ofRequestProcessor$0(HandlerFilterFunction.java:83) ~[spring-webmvc-7.0.9.jar:7.0.9]
	at org.springframework.web.servlet.function.HandlerFilterFunction.lambda$andThen$0(HandlerFilterFunction.java:59) ~[spring-webmvc-7.0.9.jar:7.0.9]
	at org.springframework.web.servlet.function.HandlerFilterFunction.lambda$andThen$0(HandlerFilterFunction.java:59) ~[spring-webmvc-7.0.9.jar:7.0.9]
	at org.springframework.web.servlet.function.HandlerFilterFunction.lambda$apply$0(HandlerFilterFunction.java:70) ~[spring-webmvc-7.0.9.jar:7.0.9]
	at org.springframework.web.servlet.function.support.HandlerFunctionAdapter.handle(HandlerFunctionAdapter.java:106) ~[spring-webmvc-7.0.9.jar:7.0.9]
	at org.springframework.web.servlet.DispatcherServlet.doDispatch(DispatcherServlet.java:963) ~[spring-webmvc-7.0.9.jar:7.0.9]
	at org.springframework.web.servlet.DispatcherServlet.doService(DispatcherServlet.java:866) ~[spring-webmvc-7.0.9.jar:7.0.9]
	at org.springframework.web.servlet.FrameworkServlet.processRequest(FrameworkServlet.java:1000) ~[spring-webmvc-7.0.9.jar:7.0.9]
	at org.springframework.web.servlet.FrameworkServlet.doGet(FrameworkServlet.java:892) ~[spring-webmvc-7.0.9.jar:7.0.9]
	at jakarta.servlet.http.HttpServlet.service(HttpServlet.java:622) ~[tomcat-embed-core-11.0.24.jar:6.1]
	at org.springframework.web.servlet.FrameworkServlet.service(FrameworkServlet.java:874) ~[spring-webmvc-7.0.9.jar:7.0.9]
	at jakarta.servlet.http.HttpServlet.service(HttpServlet.java:710) ~[tomcat-embed-core-11.0.24.jar:6.1]
	at org.apache.catalina.core.ApplicationFilterChain.doFilter(ApplicationFilterChain.java:132) ~[tomcat-embed-core-11.0.24.jar:11.0.24]
	at org.apache.tomcat.websocket.server.WsFilter.doFilter(WsFilter.java:59) ~[tomcat-embed-websocket-11.0.24.jar:11.0.24]
	at org.apache.catalina.core.ApplicationFilterChain.doFilter(ApplicationFilterChain.java:111) ~[tomcat-embed-core-11.0.24.jar:11.0.24]
	at org.springframework.cloud.gateway.server.mvc.filter.WeightCalculatorFilter.doFilter(WeightCalculatorFilter.java:233) ~[spring-cloud-gateway-server-webmvc-5.0.3.jar:5.0.3]
	at org.apache.catalina.core.ApplicationFilterChain.doFilter(ApplicationFilterChain.java:111) ~[tomcat-embed-core-11.0.24.jar:11.0.24]
	at org.springframework.cloud.gateway.server.mvc.filter.FormFilter.doFilter(FormFilter.java:93) ~[spring-cloud-gateway-server-webmvc-5.0.3.jar:5.0.3]
	at org.apache.catalina.core.ApplicationFilterChain.doFilter(ApplicationFilterChain.java:111) ~[tomcat-embed-core-11.0.24.jar:11.0.24]
	at org.springframework.web.filter.RequestContextFilter.doFilterInternal(RequestContextFilter.java:100) ~[spring-web-7.0.9.jar:7.0.9]
	at org.springframework.web.filter.OncePerRequestFilter.doFilter(OncePerRequestFilter.java:116) ~[spring-web-7.0.9.jar:7.0.9]
	at org.apache.catalina.core.ApplicationFilterChain.doFilter(ApplicationFilterChain.java:111) ~[tomcat-embed-core-11.0.24.jar:11.0.24]
	at org.springframework.web.filter.FormContentFilter.doFilterInternal(FormContentFilter.java:93) ~[spring-web-7.0.9.jar:7.0.9]
	at org.springframework.web.filter.OncePerRequestFilter.doFilter(OncePerRequestFilter.java:116) ~[spring-web-7.0.9.jar:7.0.9]
	at org.apache.catalina.core.ApplicationFilterChain.doFilter(ApplicationFilterChain.java:111) ~[tomcat-embed-core-11.0.24.jar:11.0.24]
	at org.springframework.web.filter.CharacterEncodingFilter.doFilterInternal(CharacterEncodingFilter.java:199) ~[spring-web-7.0.9.jar:7.0.9]
	at org.springframework.web.filter.OncePerRequestFilter.doFilter(OncePerRequestFilter.java:116) ~[spring-web-7.0.9.jar:7.0.9]
	at org.apache.catalina.core.ApplicationFilterChain.doFilter(ApplicationFilterChain.java:111) ~[tomcat-embed-core-11.0.24.jar:11.0.24]
	at org.apache.catalina.core.StandardWrapperValve.invoke(StandardWrapperValve.java:165) ~[tomcat-embed-core-11.0.24.jar:11.0.24]
	at org.apache.catalina.core.StandardContextValve.invoke(StandardContextValve.java:77) ~[tomcat-embed-core-11.0.24.jar:11.0.24]
	at org.apache.catalina.authenticator.AuthenticatorBase.invoke(AuthenticatorBase.java:535) ~[tomcat-embed-core-11.0.24.jar:11.0.24]
	at org.apache.catalina.core.StandardHostValve.invoke(StandardHostValve.java:115) ~[tomcat-embed-core-11.0.24.jar:11.0.24]
	at org.apache.catalina.valves.ErrorReportValve.invoke(ErrorReportValve.java:86) ~[tomcat-embed-core-11.0.24.jar:11.0.24]
	at org.apache.catalina.core.StandardEngineValve.invoke(StandardEngineValve.java:71) ~[tomcat-embed-core-11.0.24.jar:11.0.24]
	at org.apache.catalina.connector.CoyoteAdapter.service(CoyoteAdapter.java:347) ~[tomcat-embed-core-11.0.24.jar:11.0.24]
	at org.apache.coyote.http11.Http11Processor.service(Http11Processor.java:406) ~[tomcat-embed-core-11.0.24.jar:11.0.24]
	at org.apache.coyote.AbstractProcessorLight.process(AbstractProcessorLight.java:71) ~[tomcat-embed-core-11.0.24.jar:11.0.24]
	at org.apache.coyote.AbstractProtocol$ConnectionHandler.process(AbstractProtocol.java:1307) ~[tomcat-embed-core-11.0.24.jar:11.0.24]
	at org.apache.tomcat.util.net.NioEndpoint$SocketProcessor.doRun(NioEndpoint.java:2036) ~[tomcat-embed-core-11.0.24.jar:11.0.24]
	at org.apache.tomcat.util.net.SocketProcessorBase.run(SocketProcessorBase.java:74) ~[tomcat-embed-core-11.0.24.jar:11.0.24]
	at org.apache.tomcat.util.threads.ThreadPoolExecutor.runWorker(ThreadPoolExecutor.java:949) ~[tomcat-embed-core-11.0.24.jar:11.0.24]
	at org.apache.tomcat.util.threads.ThreadPoolExecutor$Worker.run(ThreadPoolExecutor.java:483) ~[tomcat-embed-core-11.0.24.jar:11.0.24]
	at org.apache.tomcat.util.threads.TaskThread$WrappingRunnable.run(TaskThread.java:74) ~[tomcat-embed-core-11.0.24.jar:11.0.24]
	at java.base/java.lang.Thread.run(Thread.java:840) ~[na:na]

2026-09-08T00:58:04.297+05:30 DEBUG 14276 --- [api-gateway] [nio-8082-exec-1] o.s.web.servlet.DispatcherServlet        : "ERROR" dispatch for GET "/error", parameters={}
2026-09-08T00:58:04.298+05:30 DEBUG 14276 --- [api-gateway] [nio-8082-exec-1] s.w.s.m.m.a.RequestMappingHandlerMapping : Mapped to org.springframework.boot.webmvc.autoconfigure.error.BasicErrorController#error(HttpServletRequest)
2026-09-08T00:58:04.299+05:30 DEBUG 14276 --- [api-gateway] [nio-8082-exec-1] o.s.w.s.m.m.a.HttpEntityMethodProcessor  : Using 'application/json', given [*/*] and supported [application/json, application/*+json]
2026-09-08T00:58:04.299+05:30 DEBUG 14276 --- [api-gateway] [nio-8082-exec-1] o.s.w.s.m.m.a.HttpEntityMethodProcessor  : Writing [{timestamp=Tue Sep 08 00:58:04 IST 2026, status=500, error=Internal Server Error, path=/driver-servi (truncated)...]
2026-09-08T00:58:04.300+05:30 DEBUG 14276 --- [api-gateway] [nio-8082-exec-1] o.s.web.servlet.DispatcherServlet        : Exiting from "ERROR" dispatch, status 500
2026-09-08T00:58:04.303+05:30 DEBUG 14276 --- [api-gateway] [nio-8082-exec-6] o.s.web.servlet.DispatcherServlet        : GET "/rider-service/riders", parameters={}
2026-09-08T00:58:04.303+05:30 DEBUG 14276 --- [api-gateway] [nio-8082-exec-6] o.s.w.s.f.support.RouterFunctionMapping  : Mapped to org.springframework.web.servlet.function.HandlerFilterFunction$$Lambda$1275/0x00000140466c5c10@1a086e21
2026-09-08T00:58:04.304+05:30  WARN 14276 --- [api-gateway] [nio-8082-exec-6] o.s.c.l.core.RoundRobinLoadBalancer      : No servers available for service: rider-service
2026-09-08T00:58:04.304+05:30 DEBUG 14276 --- [api-gateway] [nio-8082-exec-6] o.s.web.servlet.DispatcherServlet        : Failed to complete request: org.springframework.web.client.HttpServerErrorException: 503 Unable to find instance for rider-service
2026-09-08T00:58:04.305+05:30 ERROR 14276 --- [api-gateway] [nio-8082-exec-6] o.a.c.c.C.[.[.[/].[dispatcherServlet]    : Servlet.service() for servlet [dispatcherServlet] in context with path [] threw exception [Request processing failed: org.springframework.web.client.HttpServerErrorException: 503 Unable to find instance for rider-service] with root cause

org.springframework.web.client.HttpServerErrorException: 503 Unable to find instance for rider-service
	at org.springframework.cloud.gateway.server.mvc.filter.LoadBalancerFilterFunctions.lambda$lb$5(LoadBalancerFilterFunctions.java:92) ~[spring-cloud-gateway-server-webmvc-5.0.3.jar:5.0.3]
	at org.springframework.web.servlet.function.HandlerFilterFunction.lambda$andThen$1(HandlerFilterFunction.java:58) ~[spring-webmvc-7.0.9.jar:7.0.9]
	at org.springframework.web.servlet.function.HandlerFilterFunction.lambda$ofRequestProcessor$0(HandlerFilterFunction.java:83) ~[spring-webmvc-7.0.9.jar:7.0.9]
	at org.springframework.web.servlet.function.HandlerFilterFunction.lambda$andThen$1(HandlerFilterFunction.java:58) ~[spring-webmvc-7.0.9.jar:7.0.9]
	at org.springframework.web.servlet.function.HandlerFilterFunction.lambda$ofRequestProcessor$0(HandlerFilterFunction.java:83) ~[spring-webmvc-7.0.9.jar:7.0.9]
	at org.springframework.web.servlet.function.HandlerFilterFunction.lambda$andThen$0(HandlerFilterFunction.java:59) ~[spring-webmvc-7.0.9.jar:7.0.9]
	at org.springframework.web.servlet.function.HandlerFilterFunction.lambda$andThen$0(HandlerFilterFunction.java:59) ~[spring-webmvc-7.0.9.jar:7.0.9]
	at org.springframework.web.servlet.function.HandlerFilterFunction.lambda$apply$0(HandlerFilterFunction.java:70) ~[spring-webmvc-7.0.9.jar:7.0.9]
	at org.springframework.web.servlet.function.support.HandlerFunctionAdapter.handle(HandlerFunctionAdapter.java:106) ~[spring-webmvc-7.0.9.jar:7.0.9]
	at org.springframework.web.servlet.DispatcherServlet.doDispatch(DispatcherServlet.java:963) ~[spring-webmvc-7.0.9.jar:7.0.9]
	at org.springframework.web.servlet.DispatcherServlet.doService(DispatcherServlet.java:866) ~[spring-webmvc-7.0.9.jar:7.0.9]
	at org.springframework.web.servlet.FrameworkServlet.processRequest(FrameworkServlet.java:1000) ~[spring-webmvc-7.0.9.jar:7.0.9]
	at org.springframework.web.servlet.FrameworkServlet.doGet(FrameworkServlet.java:892) ~[spring-webmvc-7.0.9.jar:7.0.9]
	at jakarta.servlet.http.HttpServlet.service(HttpServlet.java:622) ~[tomcat-embed-core-11.0.24.jar:6.1]
	at org.springframework.web.servlet.FrameworkServlet.service(FrameworkServlet.java:874) ~[spring-webmvc-7.0.9.jar:7.0.9]
	at jakarta.servlet.http.HttpServlet.service(HttpServlet.java:710) ~[tomcat-embed-core-11.0.24.jar:6.1]
	at org.apache.catalina.core.ApplicationFilterChain.doFilter(ApplicationFilterChain.java:132) ~[tomcat-embed-core-11.0.24.jar:11.0.24]
	at org.apache.tomcat.websocket.server.WsFilter.doFilter(WsFilter.java:59) ~[tomcat-embed-websocket-11.0.24.jar:11.0.24]
	at org.apache.catalina.core.ApplicationFilterChain.doFilter(ApplicationFilterChain.java:111) ~[tomcat-embed-core-11.0.24.jar:11.0.24]
	at org.springframework.cloud.gateway.server.mvc.filter.WeightCalculatorFilter.doFilter(WeightCalculatorFilter.java:233) ~[spring-cloud-gateway-server-webmvc-5.0.3.jar:5.0.3]
	at org.apache.catalina.core.ApplicationFilterChain.doFilter(ApplicationFilterChain.java:111) ~[tomcat-embed-core-11.0.24.jar:11.0.24]
	at org.springframework.cloud.gateway.server.mvc.filter.FormFilter.doFilter(FormFilter.java:93) ~[spring-cloud-gateway-server-webmvc-5.0.3.jar:5.0.3]
	at org.apache.catalina.core.ApplicationFilterChain.doFilter(ApplicationFilterChain.java:111) ~[tomcat-embed-core-11.0.24.jar:11.0.24]
	at org.springframework.web.filter.RequestContextFilter.doFilterInternal(RequestContextFilter.java:100) ~[spring-web-7.0.9.jar:7.0.9]
	at org.springframework.web.filter.OncePerRequestFilter.doFilter(OncePerRequestFilter.java:116) ~[spring-web-7.0.9.jar:7.0.9]
	at org.apache.catalina.core.ApplicationFilterChain.doFilter(ApplicationFilterChain.java:111) ~[tomcat-embed-core-11.0.24.jar:11.0.24]
	at org.springframework.web.filter.FormContentFilter.doFilterInternal(FormContentFilter.java:93) ~[spring-web-7.0.9.jar:7.0.9]
	at org.springframework.web.filter.OncePerRequestFilter.doFilter(OncePerRequestFilter.java:116) ~[spring-web-7.0.9.jar:7.0.9]
	at org.apache.catalina.core.ApplicationFilterChain.doFilter(ApplicationFilterChain.java:111) ~[tomcat-embed-core-11.0.24.jar:11.0.24]
	at org.springframework.web.filter.CharacterEncodingFilter.doFilterInternal(CharacterEncodingFilter.java:199) ~[spring-web-7.0.9.jar:7.0.9]
	at org.springframework.web.filter.OncePerRequestFilter.doFilter(OncePerRequestFilter.java:116) ~[spring-web-7.0.9.jar:7.0.9]
	at org.apache.catalina.core.ApplicationFilterChain.doFilter(ApplicationFilterChain.java:111) ~[tomcat-embed-core-11.0.24.jar:11.0.24]
	at org.apache.catalina.core.StandardWrapperValve.invoke(StandardWrapperValve.java:165) ~[tomcat-embed-core-11.0.24.jar:11.0.24]
	at org.apache.catalina.core.StandardContextValve.invoke(StandardContextValve.java:77) ~[tomcat-embed-core-11.0.24.jar:11.0.24]
	at org.apache.catalina.authenticator.AuthenticatorBase.invoke(AuthenticatorBase.java:535) ~[tomcat-embed-core-11.0.24.jar:11.0.24]
	at org.apache.catalina.core.StandardHostValve.invoke(StandardHostValve.java:115) ~[tomcat-embed-core-11.0.24.jar:11.0.24]
	at org.apache.catalina.valves.ErrorReportValve.invoke(ErrorReportValve.java:86) ~[tomcat-embed-core-11.0.24.jar:11.0.24]
	at org.apache.catalina.core.StandardEngineValve.invoke(StandardEngineValve.java:71) ~[tomcat-embed-core-11.0.24.jar:11.0.24]
	at org.apache.catalina.connector.CoyoteAdapter.service(CoyoteAdapter.java:347) ~[tomcat-embed-core-11.0.24.jar:11.0.24]
	at org.apache.coyote.http11.Http11Processor.service(Http11Processor.java:406) ~[tomcat-embed-core-11.0.24.jar:11.0.24]
	at org.apache.coyote.AbstractProcessorLight.process(AbstractProcessorLight.java:71) ~[tomcat-embed-core-11.0.24.jar:11.0.24]
	at org.apache.coyote.AbstractProtocol$ConnectionHandler.process(AbstractProtocol.java:1307) ~[tomcat-embed-core-11.0.24.jar:11.0.24]
	at org.apache.tomcat.util.net.NioEndpoint$SocketProcessor.doRun(NioEndpoint.java:2036) ~[tomcat-embed-core-11.0.24.jar:11.0.24]
	at org.apache.tomcat.util.net.SocketProcessorBase.run(SocketProcessorBase.java:74) ~[tomcat-embed-core-11.0.24.jar:11.0.24]
	at org.apache.tomcat.util.threads.ThreadPoolExecutor.runWorker(ThreadPoolExecutor.java:949) ~[tomcat-embed-core-11.0.24.jar:11.0.24]
	at org.apache.tomcat.util.threads.ThreadPoolExecutor$Worker.run(ThreadPoolExecutor.java:483) ~[tomcat-embed-core-11.0.24.jar:11.0.24]
	at org.apache.tomcat.util.threads.TaskThread$WrappingRunnable.run(TaskThread.java:74) ~[tomcat-embed-core-11.0.24.jar:11.0.24]
	at java.base/java.lang.Thread.run(Thread.java:840) ~[na:na]

2026-09-08T00:58:04.306+05:30 DEBUG 14276 --- [api-gateway] [nio-8082-exec-6] o.s.web.servlet.DispatcherServlet        : "ERROR" dispatch for GET "/error", parameters={}
2026-09-08T00:58:04.306+05:30 DEBUG 14276 --- [api-gateway] [nio-8082-exec-6] s.w.s.m.m.a.RequestMappingHandlerMapping : Mapped to org.springframework.boot.webmvc.autoconfigure.error.BasicErrorController#error(HttpServletRequest)
2026-09-08T00:58:04.306+05:30 DEBUG 14276 --- [api-gateway] [nio-8082-exec-6] o.s.w.s.m.m.a.HttpEntityMethodProcessor  : Using 'application/json', given [*/*] and supported [application/json, application/*+json]
2026-09-08T00:58:04.307+05:30 DEBUG 14276 --- [api-gateway] [nio-8082-exec-6] o.s.w.s.m.m.a.HttpEntityMethodProcessor  : Writing [{timestamp=Tue Sep 08 00:58:04 IST 2026, status=500, error=Internal Server Error, path=/rider-servic (truncated)...]
2026-09-08T00:58:04.308+05:30 DEBUG 14276 --- [api-gateway] [nio-8082-exec-6] o.s.web.servlet.DispatcherServlet        : Exiting from "ERROR" dispatch, status 500
2026-09-08T00:58:06.319+05:30 DEBUG 14276 --- [api-gateway] [nio-8082-exec-9] o.s.web.servlet.DispatcherServlet        : GET "/driver-service/drivers", parameters={}
2026-09-08T00:58:06.331+05:30 DEBUG 14276 --- [api-gateway] [nio-8082-exec-9] o.s.w.s.f.support.RouterFunctionMapping  : Mapped to org.springframework.web.servlet.function.HandlerFilterFunction$$Lambda$1275/0x00000140466c5c10@793b390e
2026-09-08T00:58:06.333+05:30  WARN 14276 --- [api-gateway] [nio-8082-exec-9] o.s.c.l.core.RoundRobinLoadBalancer      : No servers available for service: driver-service
2026-09-08T00:58:06.334+05:30 DEBUG 14276 --- [api-gateway] [nio-8082-exec-9] o.s.web.servlet.DispatcherServlet        : Failed to complete request: org.springframework.web.client.HttpServerErrorException: 503 Unable to find instance for driver-service
2026-09-08T00:58:06.335+05:30 ERROR 14276 --- [api-gateway] [nio-8082-exec-9] o.a.c.c.C.[.[.[/].[dispatcherServlet]    : Servlet.service() for servlet [dispatcherServlet] in context with path [] threw exception [Request processing failed: org.springframework.web.client.HttpServerErrorException: 503 Unable to find instance for driver-service] with root cause

org.springframework.web.client.HttpServerErrorException: 503 Unable to find instance for driver-service
	at org.springframework.cloud.gateway.server.mvc.filter.LoadBalancerFilterFunctions.lambda$lb$5(LoadBalancerFilterFunctions.java:92) ~[spring-cloud-gateway-server-webmvc-5.0.3.jar:5.0.3]
	at org.springframework.web.servlet.function.HandlerFilterFunction.lambda$andThen$1(HandlerFilterFunction.java:58) ~[spring-webmvc-7.0.9.jar:7.0.9]
	at org.springframework.web.servlet.function.HandlerFilterFunction.lambda$ofRequestProcessor$0(HandlerFilterFunction.java:83) ~[spring-webmvc-7.0.9.jar:7.0.9]
	at org.springframework.web.servlet.function.HandlerFilterFunction.lambda$andThen$1(HandlerFilterFunction.java:58) ~[spring-webmvc-7.0.9.jar:7.0.9]
	at org.springframework.web.servlet.function.HandlerFilterFunction.lambda$ofRequestProcessor$0(HandlerFilterFunction.java:83) ~[spring-webmvc-7.0.9.jar:7.0.9]
	at org.springframework.web.servlet.function.HandlerFilterFunction.lambda$andThen$0(HandlerFilterFunction.java:59) ~[spring-webmvc-7.0.9.jar:7.0.9]
	at org.springframework.web.servlet.function.HandlerFilterFunction.lambda$andThen$0(HandlerFilterFunction.java:59) ~[spring-webmvc-7.0.9.jar:7.0.9]
	at org.springframework.web.servlet.function.HandlerFilterFunction.lambda$apply$0(HandlerFilterFunction.java:70) ~[spring-webmvc-7.0.9.jar:7.0.9]
	at org.springframework.web.servlet.function.support.HandlerFunctionAdapter.handle(HandlerFunctionAdapter.java:106) ~[spring-webmvc-7.0.9.jar:7.0.9]
	at org.springframework.web.servlet.DispatcherServlet.doDispatch(DispatcherServlet.java:963) ~[spring-webmvc-7.0.9.jar:7.0.9]
	at org.springframework.web.servlet.DispatcherServlet.doService(DispatcherServlet.java:866) ~[spring-webmvc-7.0.9.jar:7.0.9]
	at org.springframework.web.servlet.FrameworkServlet.processRequest(FrameworkServlet.java:1000) ~[spring-webmvc-7.0.9.jar:7.0.9]
	at org.springframework.web.servlet.FrameworkServlet.doGet(FrameworkServlet.java:892) ~[spring-webmvc-7.0.9.jar:7.0.9]
	at jakarta.servlet.http.HttpServlet.service(HttpServlet.java:622) ~[tomcat-embed-core-11.0.24.jar:6.1]
	at org.springframework.web.servlet.FrameworkServlet.service(FrameworkServlet.java:874) ~[spring-webmvc-7.0.9.jar:7.0.9]
	at jakarta.servlet.http.HttpServlet.service(HttpServlet.java:710) ~[tomcat-embed-core-11.0.24.jar:6.1]
	at org.apache.catalina.core.ApplicationFilterChain.doFilter(ApplicationFilterChain.java:132) ~[tomcat-embed-core-11.0.24.jar:11.0.24]
	at org.apache.tomcat.websocket.server.WsFilter.doFilter(WsFilter.java:59) ~[tomcat-embed-websocket-11.0.24.jar:11.0.24]
	at org.apache.catalina.core.ApplicationFilterChain.doFilter(ApplicationFilterChain.java:111) ~[tomcat-embed-core-11.0.24.jar:11.0.24]
	at org.springframework.cloud.gateway.server.mvc.filter.WeightCalculatorFilter.doFilter(WeightCalculatorFilter.java:233) ~[spring-cloud-gateway-server-webmvc-5.0.3.jar:5.0.3]
	at org.apache.catalina.core.ApplicationFilterChain.doFilter(ApplicationFilterChain.java:111) ~[tomcat-embed-core-11.0.24.jar:11.0.24]
	at org.springframework.cloud.gateway.server.mvc.filter.FormFilter.doFilter(FormFilter.java:93) ~[spring-cloud-gateway-server-webmvc-5.0.3.jar:5.0.3]
	at org.apache.catalina.core.ApplicationFilterChain.doFilter(ApplicationFilterChain.java:111) ~[tomcat-embed-core-11.0.24.jar:11.0.24]
	at org.springframework.web.filter.RequestContextFilter.doFilterInternal(RequestContextFilter.java:100) ~[spring-web-7.0.9.jar:7.0.9]
	at org.springframework.web.filter.OncePerRequestFilter.doFilter(OncePerRequestFilter.java:116) ~[spring-web-7.0.9.jar:7.0.9]
	at org.apache.catalina.core.ApplicationFilterChain.doFilter(ApplicationFilterChain.java:111) ~[tomcat-embed-core-11.0.24.jar:11.0.24]
	at org.springframework.web.filter.FormContentFilter.doFilterInternal(FormContentFilter.java:93) ~[spring-web-7.0.9.jar:7.0.9]
	at org.springframework.web.filter.OncePerRequestFilter.doFilter(OncePerRequestFilter.java:116) ~[spring-web-7.0.9.jar:7.0.9]
	at org.apache.catalina.core.ApplicationFilterChain.doFilter(ApplicationFilterChain.java:111) ~[tomcat-embed-core-11.0.24.jar:11.0.24]
	at org.springframework.web.filter.CharacterEncodingFilter.doFilterInternal(CharacterEncodingFilter.java:199) ~[spring-web-7.0.9.jar:7.0.9]
	at org.springframework.web.filter.OncePerRequestFilter.doFilter(OncePerRequestFilter.java:116) ~[spring-web-7.0.9.jar:7.0.9]
	at org.apache.catalina.core.ApplicationFilterChain.doFilter(ApplicationFilterChain.java:111) ~[tomcat-embed-core-11.0.24.jar:11.0.24]
	at org.apache.catalina.core.StandardWrapperValve.invoke(StandardWrapperValve.java:165) ~[tomcat-embed-core-11.0.24.jar:11.0.24]
	at org.apache.catalina.core.StandardContextValve.invoke(StandardContextValve.java:77) ~[tomcat-embed-core-11.0.24.jar:11.0.24]
	at org.apache.catalina.authenticator.AuthenticatorBase.invoke(AuthenticatorBase.java:535) ~[tomcat-embed-core-11.0.24.jar:11.0.24]
	at org.apache.catalina.core.StandardHostValve.invoke(StandardHostValve.java:115) ~[tomcat-embed-core-11.0.24.jar:11.0.24]
	at org.apache.catalina.valves.ErrorReportValve.invoke(ErrorReportValve.java:86) ~[tomcat-embed-core-11.0.24.jar:11.0.24]
	at org.apache.catalina.core.StandardEngineValve.invoke(StandardEngineValve.java:71) ~[tomcat-embed-core-11.0.24.jar:11.0.24]
	at org.apache.catalina.connector.CoyoteAdapter.service(CoyoteAdapter.java:347) ~[tomcat-embed-core-11.0.24.jar:11.0.24]
	at org.apache.coyote.http11.Http11Processor.service(Http11Processor.java:406) ~[tomcat-embed-core-11.0.24.jar:11.0.24]
	at org.apache.coyote.AbstractProcessorLight.process(AbstractProcessorLight.java:71) ~[tomcat-embed-core-11.0.24.jar:11.0.24]
	at org.apache.coyote.AbstractProtocol$ConnectionHandler.process(AbstractProtocol.java:1307) ~[tomcat-embed-core-11.0.24.jar:11.0.24]
	at org.apache.tomcat.util.net.NioEndpoint$SocketProcessor.doRun(NioEndpoint.java:2036) ~[tomcat-embed-core-11.0.24.jar:11.0.24]
	at org.apache.tomcat.util.net.SocketProcessorBase.run(SocketProcessorBase.java:74) ~[tomcat-embed-core-11.0.24.jar:11.0.24]
	at org.apache.tomcat.util.threads.ThreadPoolExecutor.runWorker(ThreadPoolExecutor.java:949) ~[tomcat-embed-core-11.0.24.jar:11.0.24]
	at org.apache.tomcat.util.threads.ThreadPoolExecutor$Worker.run(ThreadPoolExecutor.java:483) ~[tomcat-embed-core-11.0.24.jar:11.0.24]
	at org.apache.tomcat.util.threads.TaskThread$WrappingRunnable.run(TaskThread.java:74) ~[tomcat-embed-core-11.0.24.jar:11.0.24]
	at java.base/java.lang.Thread.run(Thread.java:840) ~[na:na]

2026-09-08T00:58:06.338+05:30 DEBUG 14276 --- [api-gateway] [nio-8082-exec-9] o.s.web.servlet.DispatcherServlet        : "ERROR" dispatch for GET "/error", parameters={}
2026-09-08T00:58:06.339+05:30 DEBUG 14276 --- [api-gateway] [nio-8082-exec-9] s.w.s.m.m.a.RequestMappingHandlerMapping : Mapped to org.springframework.boot.webmvc.autoconfigure.error.BasicErrorController#error(HttpServletRequest)
2026-09-08T00:58:06.340+05:30 DEBUG 14276 --- [api-gateway] [nio-8082-exec-9] o.s.w.s.m.m.a.HttpEntityMethodProcessor  : Using 'application/json', given [*/*] and supported [application/json, application/*+json]
2026-09-08T00:58:06.340+05:30 DEBUG 14276 --- [api-gateway] [nio-8082-exec-9] o.s.w.s.m.m.a.HttpEntityMethodProcessor  : Writing [{timestamp=Tue Sep 08 00:58:06 IST 2026, status=500, error=Internal Server Error, path=/driver-servi (truncated)...]
2026-09-08T00:58:06.341+05:30 DEBUG 14276 --- [api-gateway] [nio-8082-exec-9] o.s.web.servlet.DispatcherServlet        : Exiting from "ERROR" dispatch, status 500
2026-09-08T00:58:06.358+05:30 DEBUG 14276 --- [api-gateway] [io-8082-exec-10] o.s.web.servlet.DispatcherServlet        : GET "/rider-service/riders", parameters={}
2026-09-08T00:58:06.359+05:30 DEBUG 14276 --- [api-gateway] [io-8082-exec-10] o.s.w.s.f.support.RouterFunctionMapping  : Mapped to org.springframework.web.servlet.function.HandlerFilterFunction$$Lambda$1275/0x00000140466c5c10@4e078e96
2026-09-08T00:58:06.360+05:30  WARN 14276 --- [api-gateway] [io-8082-exec-10] o.s.c.l.core.RoundRobinLoadBalancer      : No servers available for service: rider-service
2026-09-08T00:58:06.361+05:30 DEBUG 14276 --- [api-gateway] [io-8082-exec-10] o.s.web.servlet.DispatcherServlet        : Failed to complete request: org.springframework.web.client.HttpServerErrorException: 503 Unable to find instance for rider-service
2026-09-08T00:58:06.362+05:30 ERROR 14276 --- [api-gateway] [io-8082-exec-10] o.a.c.c.C.[.[.[/].[dispatcherServlet]    : Servlet.service() for servlet [dispatcherServlet] in context with path [] threw exception [Request processing failed: org.springframework.web.client.HttpServerErrorException: 503 Unable to find instance for rider-service] with root cause

org.springframework.web.client.HttpServerErrorException: 503 Unable to find instance for rider-service
	at org.springframework.cloud.gateway.server.mvc.filter.LoadBalancerFilterFunctions.lambda$lb$5(LoadBalancerFilterFunctions.java:92) ~[spring-cloud-gateway-server-webmvc-5.0.3.jar:5.0.3]
	at org.springframework.web.servlet.function.HandlerFilterFunction.lambda$andThen$1(HandlerFilterFunction.java:58) ~[spring-webmvc-7.0.9.jar:7.0.9]
	at org.springframework.web.servlet.function.HandlerFilterFunction.lambda$ofRequestProcessor$0(HandlerFilterFunction.java:83) ~[spring-webmvc-7.0.9.jar:7.0.9]
	at org.springframework.web.servlet.function.HandlerFilterFunction.lambda$andThen$1(HandlerFilterFunction.java:58) ~[spring-webmvc-7.0.9.jar:7.0.9]
	at org.springframework.web.servlet.function.HandlerFilterFunction.lambda$ofRequestProcessor$0(HandlerFilterFunction.java:83) ~[spring-webmvc-7.0.9.jar:7.0.9]
	at org.springframework.web.servlet.function.HandlerFilterFunction.lambda$andThen$0(HandlerFilterFunction.java:59) ~[spring-webmvc-7.0.9.jar:7.0.9]
	at org.springframework.web.servlet.function.HandlerFilterFunction.lambda$andThen$0(HandlerFilterFunction.java:59) ~[spring-webmvc-7.0.9.jar:7.0.9]
	at org.springframework.web.servlet.function.HandlerFilterFunction.lambda$apply$0(HandlerFilterFunction.java:70) ~[spring-webmvc-7.0.9.jar:7.0.9]
	at org.springframework.web.servlet.function.support.HandlerFunctionAdapter.handle(HandlerFunctionAdapter.java:106) ~[spring-webmvc-7.0.9.jar:7.0.9]
	at org.springframework.web.servlet.DispatcherServlet.doDispatch(DispatcherServlet.java:963) ~[spring-webmvc-7.0.9.jar:7.0.9]
	at org.springframework.web.servlet.DispatcherServlet.doService(DispatcherServlet.java:866) ~[spring-webmvc-7.0.9.jar:7.0.9]
	at org.springframework.web.servlet.FrameworkServlet.processRequest(FrameworkServlet.java:1000) ~[spring-webmvc-7.0.9.jar:7.0.9]
	at org.springframework.web.servlet.FrameworkServlet.doGet(FrameworkServlet.java:892) ~[spring-webmvc-7.0.9.jar:7.0.9]
	at jakarta.servlet.http.HttpServlet.service(HttpServlet.java:622) ~[tomcat-embed-core-11.0.24.jar:6.1]
	at org.springframework.web.servlet.FrameworkServlet.service(FrameworkServlet.java:874) ~[spring-webmvc-7.0.9.jar:7.0.9]
	at jakarta.servlet.http.HttpServlet.service(HttpServlet.java:710) ~[tomcat-embed-core-11.0.24.jar:6.1]
	at org.apache.catalina.core.ApplicationFilterChain.doFilter(ApplicationFilterChain.java:132) ~[tomcat-embed-core-11.0.24.jar:11.0.24]
	at org.apache.tomcat.websocket.server.WsFilter.doFilter(WsFilter.java:59) ~[tomcat-embed-websocket-11.0.24.jar:11.0.24]
	at org.apache.catalina.core.ApplicationFilterChain.doFilter(ApplicationFilterChain.java:111) ~[tomcat-embed-core-11.0.24.jar:11.0.24]
	at org.springframework.cloud.gateway.server.mvc.filter.WeightCalculatorFilter.doFilter(WeightCalculatorFilter.java:233) ~[spring-cloud-gateway-server-webmvc-5.0.3.jar:5.0.3]
	at org.apache.catalina.core.ApplicationFilterChain.doFilter(ApplicationFilterChain.java:111) ~[tomcat-embed-core-11.0.24.jar:11.0.24]
	at org.springframework.cloud.gateway.server.mvc.filter.FormFilter.doFilter(FormFilter.java:93) ~[spring-cloud-gateway-server-webmvc-5.0.3.jar:5.0.3]
	at org.apache.catalina.core.ApplicationFilterChain.doFilter(ApplicationFilterChain.java:111) ~[tomcat-embed-core-11.0.24.jar:11.0.24]
	at org.springframework.web.filter.RequestContextFilter.doFilterInternal(RequestContextFilter.java:100) ~[spring-web-7.0.9.jar:7.0.9]
	at org.springframework.web.filter.OncePerRequestFilter.doFilter(OncePerRequestFilter.java:116) ~[spring-web-7.0.9.jar:7.0.9]
	at org.apache.catalina.core.ApplicationFilterChain.doFilter(ApplicationFilterChain.java:111) ~[tomcat-embed-core-11.0.24.jar:11.0.24]
	at org.springframework.web.filter.FormContentFilter.doFilterInternal(FormContentFilter.java:93) ~[spring-web-7.0.9.jar:7.0.9]
	at org.springframework.web.filter.OncePerRequestFilter.doFilter(OncePerRequestFilter.java:116) ~[spring-web-7.0.9.jar:7.0.9]
	at org.apache.catalina.core.ApplicationFilterChain.doFilter(ApplicationFilterChain.java:111) ~[tomcat-embed-core-11.0.24.jar:11.0.24]
	at org.springframework.web.filter.CharacterEncodingFilter.doFilterInternal(CharacterEncodingFilter.java:199) ~[spring-web-7.0.9.jar:7.0.9]
	at org.springframework.web.filter.OncePerRequestFilter.doFilter(OncePerRequestFilter.java:116) ~[spring-web-7.0.9.jar:7.0.9]
	at org.apache.catalina.core.ApplicationFilterChain.doFilter(ApplicationFilterChain.java:111) ~[tomcat-embed-core-11.0.24.jar:11.0.24]
	at org.apache.catalina.core.StandardWrapperValve.invoke(StandardWrapperValve.java:165) ~[tomcat-embed-core-11.0.24.jar:11.0.24]
	at org.apache.catalina.core.StandardContextValve.invoke(StandardContextValve.java:77) ~[tomcat-embed-core-11.0.24.jar:11.0.24]
	at org.apache.catalina.authenticator.AuthenticatorBase.invoke(AuthenticatorBase.java:535) ~[tomcat-embed-core-11.0.24.jar:11.0.24]
	at org.apache.catalina.core.StandardHostValve.invoke(StandardHostValve.java:115) ~[tomcat-embed-core-11.0.24.jar:11.0.24]
	at org.apache.catalina.valves.ErrorReportValve.invoke(ErrorReportValve.java:86) ~[tomcat-embed-core-11.0.24.jar:11.0.24]
	at org.apache.catalina.core.StandardEngineValve.invoke(StandardEngineValve.java:71) ~[tomcat-embed-core-11.0.24.jar:11.0.24]
	at org.apache.catalina.connector.CoyoteAdapter.service(CoyoteAdapter.java:347) ~[tomcat-embed-core-11.0.24.jar:11.0.24]
	at org.apache.coyote.http11.Http11Processor.service(Http11Processor.java:406) ~[tomcat-embed-core-11.0.24.jar:11.0.24]
	at org.apache.coyote.AbstractProcessorLight.process(AbstractProcessorLight.java:71) ~[tomcat-embed-core-11.0.24.jar:11.0.24]
	at org.apache.coyote.AbstractProtocol$ConnectionHandler.process(AbstractProtocol.java:1307) ~[tomcat-embed-core-11.0.24.jar:11.0.24]
	at org.apache.tomcat.util.net.NioEndpoint$SocketProcessor.doRun(NioEndpoint.java:2036) ~[tomcat-embed-core-11.0.24.jar:11.0.24]
	at org.apache.tomcat.util.net.SocketProcessorBase.run(SocketProcessorBase.java:74) ~[tomcat-embed-core-11.0.24.jar:11.0.24]
	at org.apache.tomcat.util.threads.ThreadPoolExecutor.runWorker(ThreadPoolExecutor.java:949) ~[tomcat-embed-core-11.0.24.jar:11.0.24]
	at org.apache.tomcat.util.threads.ThreadPoolExecutor$Worker.run(ThreadPoolExecutor.java:483) ~[tomcat-embed-core-11.0.24.jar:11.0.24]
	at org.apache.tomcat.util.threads.TaskThread$WrappingRunnable.run(TaskThread.java:74) ~[tomcat-embed-core-11.0.24.jar:11.0.24]
	at java.base/java.lang.Thread.run(Thread.java:840) ~[na:na]

2026-09-08T00:58:06.363+05:30 DEBUG 14276 --- [api-gateway] [io-8082-exec-10] o.s.web.servlet.DispatcherServlet        : "ERROR" dispatch for GET "/error", parameters={}
2026-09-08T00:58:06.364+05:30 DEBUG 14276 --- [api-gateway] [io-8082-exec-10] s.w.s.m.m.a.RequestMappingHandlerMapping : Mapped to org.springframework.boot.webmvc.autoconfigure.error.BasicErrorController#error(HttpServletRequest)
2026-09-08T00:58:06.364+05:30 DEBUG 14276 --- [api-gateway] [io-8082-exec-10] o.s.w.s.m.m.a.HttpEntityMethodProcessor  : Using 'application/json', given [*/*] and supported [application/json, application/*+json]
2026-09-08T00:58:06.365+05:30 DEBUG 14276 --- [api-gateway] [io-8082-exec-10] o.s.w.s.m.m.a.HttpEntityMethodProcessor  : Writing [{timestamp=Tue Sep 08 00:58:06 IST 2026, status=500, error=Internal Server Error, path=/rider-servic (truncated)...]
2026-09-08T00:58:06.366+05:30 DEBUG 14276 --- [api-gateway] [io-8082-exec-10] o.s.web.servlet.DispatcherServlet        : Exiting from "ERROR" dispatch, status 500
2026-09-08T00:58:08.383+05:30 DEBUG 14276 --- [api-gateway] [nio-8082-exec-3] o.s.web.servlet.DispatcherServlet        : GET "/driver-service/drivers", parameters={}
2026-09-08T00:58:08.397+05:30 DEBUG 14276 --- [api-gateway] [nio-8082-exec-3] o.s.w.s.f.support.RouterFunctionMapping  : Mapped to org.springframework.web.servlet.function.HandlerFilterFunction$$Lambda$1275/0x00000140466c5c10@1ad05c6c
2026-09-08T00:58:08.399+05:30  WARN 14276 --- [api-gateway] [nio-8082-exec-3] o.s.c.l.core.RoundRobinLoadBalancer      : No servers available for service: driver-service
2026-09-08T00:58:08.400+05:30 DEBUG 14276 --- [api-gateway] [nio-8082-exec-3] o.s.web.servlet.DispatcherServlet        : Failed to complete request: org.springframework.web.client.HttpServerErrorException: 503 Unable to find instance for driver-service
2026-09-08T00:58:08.401+05:30 ERROR 14276 --- [api-gateway] [nio-8082-exec-3] o.a.c.c.C.[.[.[/].[dispatcherServlet]    : Servlet.service() for servlet [dispatcherServlet] in context with path [] threw exception [Request processing failed: org.springframework.web.client.HttpServerErrorException: 503 Unable to find instance for driver-service] with root cause

org.springframework.web.client.HttpServerErrorException: 503 Unable to find instance for driver-service
	at org.springframework.cloud.gateway.server.mvc.filter.LoadBalancerFilterFunctions.lambda$lb$5(LoadBalancerFilterFunctions.java:92) ~[spring-cloud-gateway-server-webmvc-5.0.3.jar:5.0.3]
	at org.springframework.web.servlet.function.HandlerFilterFunction.lambda$andThen$1(HandlerFilterFunction.java:58) ~[spring-webmvc-7.0.9.jar:7.0.9]
	at org.springframework.web.servlet.function.HandlerFilterFunction.lambda$ofRequestProcessor$0(HandlerFilterFunction.java:83) ~[spring-webmvc-7.0.9.jar:7.0.9]
	at org.springframework.web.servlet.function.HandlerFilterFunction.lambda$andThen$1(HandlerFilterFunction.java:58) ~[spring-webmvc-7.0.9.jar:7.0.9]
	at org.springframework.web.servlet.function.HandlerFilterFunction.lambda$ofRequestProcessor$0(HandlerFilterFunction.java:83) ~[spring-webmvc-7.0.9.jar:7.0.9]
	at org.springframework.web.servlet.function.HandlerFilterFunction.lambda$andThen$0(HandlerFilterFunction.java:59) ~[spring-webmvc-7.0.9.jar:7.0.9]
	at org.springframework.web.servlet.function.HandlerFilterFunction.lambda$andThen$0(HandlerFilterFunction.java:59) ~[spring-webmvc-7.0.9.jar:7.0.9]
	at org.springframework.web.servlet.function.HandlerFilterFunction.lambda$apply$0(HandlerFilterFunction.java:70) ~[spring-webmvc-7.0.9.jar:7.0.9]
	at org.springframework.web.servlet.function.support.HandlerFunctionAdapter.handle(HandlerFunctionAdapter.java:106) ~[spring-webmvc-7.0.9.jar:7.0.9]
	at org.springframework.web.servlet.DispatcherServlet.doDispatch(DispatcherServlet.java:963) ~[spring-webmvc-7.0.9.jar:7.0.9]
	at org.springframework.web.servlet.DispatcherServlet.doService(DispatcherServlet.java:866) ~[spring-webmvc-7.0.9.jar:7.0.9]
	at org.springframework.web.servlet.FrameworkServlet.processRequest(FrameworkServlet.java:1000) ~[spring-webmvc-7.0.9.jar:7.0.9]
	at org.springframework.web.servlet.FrameworkServlet.doGet(FrameworkServlet.java:892) ~[spring-webmvc-7.0.9.jar:7.0.9]
	at jakarta.servlet.http.HttpServlet.service(HttpServlet.java:622) ~[tomcat-embed-core-11.0.24.jar:6.1]
	at org.springframework.web.servlet.FrameworkServlet.service(FrameworkServlet.java:874) ~[spring-webmvc-7.0.9.jar:7.0.9]
	at jakarta.servlet.http.HttpServlet.service(HttpServlet.java:710) ~[tomcat-embed-core-11.0.24.jar:6.1]
	at org.apache.catalina.core.ApplicationFilterChain.doFilter(ApplicationFilterChain.java:132) ~[tomcat-embed-core-11.0.24.jar:11.0.24]
	at org.apache.tomcat.websocket.server.WsFilter.doFilter(WsFilter.java:59) ~[tomcat-embed-websocket-11.0.24.jar:11.0.24]
	at org.apache.catalina.core.ApplicationFilterChain.doFilter(ApplicationFilterChain.java:111) ~[tomcat-embed-core-11.0.24.jar:11.0.24]
	at org.springframework.cloud.gateway.server.mvc.filter.WeightCalculatorFilter.doFilter(WeightCalculatorFilter.java:233) ~[spring-cloud-gateway-server-webmvc-5.0.3.jar:5.0.3]
	at org.apache.catalina.core.ApplicationFilterChain.doFilter(ApplicationFilterChain.java:111) ~[tomcat-embed-core-11.0.24.jar:11.0.24]
	at org.springframework.cloud.gateway.server.mvc.filter.FormFilter.doFilter(FormFilter.java:93) ~[spring-cloud-gateway-server-webmvc-5.0.3.jar:5.0.3]
	at org.apache.catalina.core.ApplicationFilterChain.doFilter(ApplicationFilterChain.java:111) ~[tomcat-embed-core-11.0.24.jar:11.0.24]
	at org.springframework.web.filter.RequestContextFilter.doFilterInternal(RequestContextFilter.java:100) ~[spring-web-7.0.9.jar:7.0.9]
	at org.springframework.web.filter.OncePerRequestFilter.doFilter(OncePerRequestFilter.java:116) ~[spring-web-7.0.9.jar:7.0.9]
	at org.apache.catalina.core.ApplicationFilterChain.doFilter(ApplicationFilterChain.java:111) ~[tomcat-embed-core-11.0.24.jar:11.0.24]
	at org.springframework.web.filter.FormContentFilter.doFilterInternal(FormContentFilter.java:93) ~[spring-web-7.0.9.jar:7.0.9]
	at org.springframework.web.filter.OncePerRequestFilter.doFilter(OncePerRequestFilter.java:116) ~[spring-web-7.0.9.jar:7.0.9]
	at org.apache.catalina.core.ApplicationFilterChain.doFilter(ApplicationFilterChain.java:111) ~[tomcat-embed-core-11.0.24.jar:11.0.24]
	at org.springframework.web.filter.CharacterEncodingFilter.doFilterInternal(CharacterEncodingFilter.java:199) ~[spring-web-7.0.9.jar:7.0.9]
	at org.springframework.web.filter.OncePerRequestFilter.doFilter(OncePerRequestFilter.java:116) ~[spring-web-7.0.9.jar:7.0.9]
	at org.apache.catalina.core.ApplicationFilterChain.doFilter(ApplicationFilterChain.java:111) ~[tomcat-embed-core-11.0.24.jar:11.0.24]
	at org.apache.catalina.core.StandardWrapperValve.invoke(StandardWrapperValve.java:165) ~[tomcat-embed-core-11.0.24.jar:11.0.24]
	at org.apache.catalina.core.StandardContextValve.invoke(StandardContextValve.java:77) ~[tomcat-embed-core-11.0.24.jar:11.0.24]
	at org.apache.catalina.authenticator.AuthenticatorBase.invoke(AuthenticatorBase.java:535) ~[tomcat-embed-core-11.0.24.jar:11.0.24]
	at org.apache.catalina.core.StandardHostValve.invoke(StandardHostValve.java:115) ~[tomcat-embed-core-11.0.24.jar:11.0.24]
	at org.apache.catalina.valves.ErrorReportValve.invoke(ErrorReportValve.java:86) ~[tomcat-embed-core-11.0.24.jar:11.0.24]
	at org.apache.catalina.core.StandardEngineValve.invoke(StandardEngineValve.java:71) ~[tomcat-embed-core-11.0.24.jar:11.0.24]
	at org.apache.catalina.connector.CoyoteAdapter.service(CoyoteAdapter.java:347) ~[tomcat-embed-core-11.0.24.jar:11.0.24]
	at org.apache.coyote.http11.Http11Processor.service(Http11Processor.java:406) ~[tomcat-embed-core-11.0.24.jar:11.0.24]
	at org.apache.coyote.AbstractProcessorLight.process(AbstractProcessorLight.java:71) ~[tomcat-embed-core-11.0.24.jar:11.0.24]
	at org.apache.coyote.AbstractProtocol$ConnectionHandler.process(AbstractProtocol.java:1307) ~[tomcat-embed-core-11.0.24.jar:11.0.24]
	at org.apache.tomcat.util.net.NioEndpoint$SocketProcessor.doRun(NioEndpoint.java:2036) ~[tomcat-embed-core-11.0.24.jar:11.0.24]
	at org.apache.tomcat.util.net.SocketProcessorBase.run(SocketProcessorBase.java:74) ~[tomcat-embed-core-11.0.24.jar:11.0.24]
	at org.apache.tomcat.util.threads.ThreadPoolExecutor.runWorker(ThreadPoolExecutor.java:949) ~[tomcat-embed-core-11.0.24.jar:11.0.24]
	at org.apache.tomcat.util.threads.ThreadPoolExecutor$Worker.run(ThreadPoolExecutor.java:483) ~[tomcat-embed-core-11.0.24.jar:11.0.24]
	at org.apache.tomcat.util.threads.TaskThread$WrappingRunnable.run(TaskThread.java:74) ~[tomcat-embed-core-11.0.24.jar:11.0.24]
	at java.base/java.lang.Thread.run(Thread.java:840) ~[na:na]

2026-09-08T00:58:08.402+05:30 DEBUG 14276 --- [api-gateway] [nio-8082-exec-3] o.s.web.servlet.DispatcherServlet        : "ERROR" dispatch for GET "/error", parameters={}
2026-09-08T00:58:08.403+05:30 DEBUG 14276 --- [api-gateway] [nio-8082-exec-3] s.w.s.m.m.a.RequestMappingHandlerMapping : Mapped to org.springframework.boot.webmvc.autoconfigure.error.BasicErrorController#error(HttpServletRequest)
2026-09-08T00:58:08.404+05:30 DEBUG 14276 --- [api-gateway] [nio-8082-exec-3] o.s.w.s.m.m.a.HttpEntityMethodProcessor  : Using 'application/json', given [*/*] and supported [application/json, application/*+json]
2026-09-08T00:58:08.404+05:30 DEBUG 14276 --- [api-gateway] [nio-8082-exec-3] o.s.w.s.m.m.a.HttpEntityMethodProcessor  : Writing [{timestamp=Tue Sep 08 00:58:08 IST 2026, status=500, error=Internal Server Error, path=/driver-servi (truncated)...]
2026-09-08T00:58:08.405+05:30 DEBUG 14276 --- [api-gateway] [nio-8082-exec-3] o.s.web.servlet.DispatcherServlet        : Exiting from "ERROR" dispatch, status 500
2026-09-08T00:58:08.409+05:30 DEBUG 14276 --- [api-gateway] [nio-8082-exec-4] o.s.web.servlet.DispatcherServlet        : GET "/rider-service/riders", parameters={}
2026-09-08T00:58:08.409+05:30 DEBUG 14276 --- [api-gateway] [nio-8082-exec-4] o.s.w.s.f.support.RouterFunctionMapping  : Mapped to org.springframework.web.servlet.function.HandlerFilterFunction$$Lambda$1275/0x00000140466c5c10@7e43aa0f
2026-09-08T00:58:08.410+05:30  WARN 14276 --- [api-gateway] [nio-8082-exec-4] o.s.c.l.core.RoundRobinLoadBalancer      : No servers available for service: rider-service
2026-09-08T00:58:08.411+05:30 DEBUG 14276 --- [api-gateway] [nio-8082-exec-4] o.s.web.servlet.DispatcherServlet        : Failed to complete request: org.springframework.web.client.HttpServerErrorException: 503 Unable to find instance for rider-service
2026-09-08T00:58:08.412+05:30 ERROR 14276 --- [api-gateway] [nio-8082-exec-4] o.a.c.c.C.[.[.[/].[dispatcherServlet]    : Servlet.service() for servlet [dispatcherServlet] in context with path [] threw exception [Request processing failed: org.springframework.web.client.HttpServerErrorException: 503 Unable to find instance for rider-service] with root cause

org.springframework.web.client.HttpServerErrorException: 503 Unable to find instance for rider-service
	at org.springframework.cloud.gateway.server.mvc.filter.LoadBalancerFilterFunctions.lambda$lb$5(LoadBalancerFilterFunctions.java:92) ~[spring-cloud-gateway-server-webmvc-5.0.3.jar:5.0.3]
	at org.springframework.web.servlet.function.HandlerFilterFunction.lambda$andThen$1(HandlerFilterFunction.java:58) ~[spring-webmvc-7.0.9.jar:7.0.9]
	at org.springframework.web.servlet.function.HandlerFilterFunction.lambda$ofRequestProcessor$0(HandlerFilterFunction.java:83) ~[spring-webmvc-7.0.9.jar:7.0.9]
	at org.springframework.web.servlet.function.HandlerFilterFunction.lambda$andThen$1(HandlerFilterFunction.java:58) ~[spring-webmvc-7.0.9.jar:7.0.9]
	at org.springframework.web.servlet.function.HandlerFilterFunction.lambda$ofRequestProcessor$0(HandlerFilterFunction.java:83) ~[spring-webmvc-7.0.9.jar:7.0.9]
	at org.springframework.web.servlet.function.HandlerFilterFunction.lambda$andThen$0(HandlerFilterFunction.java:59) ~[spring-webmvc-7.0.9.jar:7.0.9]
	at org.springframework.web.servlet.function.HandlerFilterFunction.lambda$andThen$0(HandlerFilterFunction.java:59) ~[spring-webmvc-7.0.9.jar:7.0.9]
	at org.springframework.web.servlet.function.HandlerFilterFunction.lambda$apply$0(HandlerFilterFunction.java:70) ~[spring-webmvc-7.0.9.jar:7.0.9]
	at org.springframework.web.servlet.function.support.HandlerFunctionAdapter.handle(HandlerFunctionAdapter.java:106) ~[spring-webmvc-7.0.9.jar:7.0.9]
	at org.springframework.web.servlet.DispatcherServlet.doDispatch(DispatcherServlet.java:963) ~[spring-webmvc-7.0.9.jar:7.0.9]
	at org.springframework.web.servlet.DispatcherServlet.doService(DispatcherServlet.java:866) ~[spring-webmvc-7.0.9.jar:7.0.9]
	at org.springframework.web.servlet.FrameworkServlet.processRequest(FrameworkServlet.java:1000) ~[spring-webmvc-7.0.9.jar:7.0.9]
	at org.springframework.web.servlet.FrameworkServlet.doGet(FrameworkServlet.java:892) ~[spring-webmvc-7.0.9.jar:7.0.9]
	at jakarta.servlet.http.HttpServlet.service(HttpServlet.java:622) ~[tomcat-embed-core-11.0.24.jar:6.1]
	at org.springframework.web.servlet.FrameworkServlet.service(FrameworkServlet.java:874) ~[spring-webmvc-7.0.9.jar:7.0.9]
	at jakarta.servlet.http.HttpServlet.service(HttpServlet.java:710) ~[tomcat-embed-core-11.0.24.jar:6.1]
	at org.apache.catalina.core.ApplicationFilterChain.doFilter(ApplicationFilterChain.java:132) ~[tomcat-embed-core-11.0.24.jar:11.0.24]
	at org.apache.tomcat.websocket.server.WsFilter.doFilter(WsFilter.java:59) ~[tomcat-embed-websocket-11.0.24.jar:11.0.24]
	at org.apache.catalina.core.ApplicationFilterChain.doFilter(ApplicationFilterChain.java:111) ~[tomcat-embed-core-11.0.24.jar:11.0.24]
	at org.springframework.cloud.gateway.server.mvc.filter.WeightCalculatorFilter.doFilter(WeightCalculatorFilter.java:233) ~[spring-cloud-gateway-server-webmvc-5.0.3.jar:5.0.3]
	at org.apache.catalina.core.ApplicationFilterChain.doFilter(ApplicationFilterChain.java:111) ~[tomcat-embed-core-11.0.24.jar:11.0.24]
	at org.springframework.cloud.gateway.server.mvc.filter.FormFilter.doFilter(FormFilter.java:93) ~[spring-cloud-gateway-server-webmvc-5.0.3.jar:5.0.3]
	at org.apache.catalina.core.ApplicationFilterChain.doFilter(ApplicationFilterChain.java:111) ~[tomcat-embed-core-11.0.24.jar:11.0.24]
	at org.springframework.web.filter.RequestContextFilter.doFilterInternal(RequestContextFilter.java:100) ~[spring-web-7.0.9.jar:7.0.9]
	at org.springframework.web.filter.OncePerRequestFilter.doFilter(OncePerRequestFilter.java:116) ~[spring-web-7.0.9.jar:7.0.9]
	at org.apache.catalina.core.ApplicationFilterChain.doFilter(ApplicationFilterChain.java:111) ~[tomcat-embed-core-11.0.24.jar:11.0.24]
	at org.springframework.web.filter.FormContentFilter.doFilterInternal(FormContentFilter.java:93) ~[spring-web-7.0.9.jar:7.0.9]
	at org.springframework.web.filter.OncePerRequestFilter.doFilter(OncePerRequestFilter.java:116) ~[spring-web-7.0.9.jar:7.0.9]
	at org.apache.catalina.core.ApplicationFilterChain.doFilter(ApplicationFilterChain.java:111) ~[tomcat-embed-core-11.0.24.jar:11.0.24]
	at org.springframework.web.filter.CharacterEncodingFilter.doFilterInternal(CharacterEncodingFilter.java:199) ~[spring-web-7.0.9.jar:7.0.9]
	at org.springframework.web.filter.OncePerRequestFilter.doFilter(OncePerRequestFilter.java:116) ~[spring-web-7.0.9.jar:7.0.9]
	at org.apache.catalina.core.ApplicationFilterChain.doFilter(ApplicationFilterChain.java:111) ~[tomcat-embed-core-11.0.24.jar:11.0.24]
	at org.apache.catalina.core.StandardWrapperValve.invoke(StandardWrapperValve.java:165) ~[tomcat-embed-core-11.0.24.jar:11.0.24]
	at org.apache.catalina.core.StandardContextValve.invoke(StandardContextValve.java:77) ~[tomcat-embed-core-11.0.24.jar:11.0.24]
	at org.apache.catalina.authenticator.AuthenticatorBase.invoke(AuthenticatorBase.java:535) ~[tomcat-embed-core-11.0.24.jar:11.0.24]
	at org.apache.catalina.core.StandardHostValve.invoke(StandardHostValve.java:115) ~[tomcat-embed-core-11.0.24.jar:11.0.24]
	at org.apache.catalina.valves.ErrorReportValve.invoke(ErrorReportValve.java:86) ~[tomcat-embed-core-11.0.24.jar:11.0.24]
	at org.apache.catalina.core.StandardEngineValve.invoke(StandardEngineValve.java:71) ~[tomcat-embed-core-11.0.24.jar:11.0.24]
	at org.apache.catalina.connector.CoyoteAdapter.service(CoyoteAdapter.java:347) ~[tomcat-embed-core-11.0.24.jar:11.0.24]
	at org.apache.coyote.http11.Http11Processor.service(Http11Processor.java:406) ~[tomcat-embed-core-11.0.24.jar:11.0.24]
	at org.apache.coyote.AbstractProcessorLight.process(AbstractProcessorLight.java:71) ~[tomcat-embed-core-11.0.24.jar:11.0.24]
	at org.apache.coyote.AbstractProtocol$ConnectionHandler.process(AbstractProtocol.java:1307) ~[tomcat-embed-core-11.0.24.jar:11.0.24]
	at org.apache.tomcat.util.net.NioEndpoint$SocketProcessor.doRun(NioEndpoint.java:2036) ~[tomcat-embed-core-11.0.24.jar:11.0.24]
	at org.apache.tomcat.util.net.SocketProcessorBase.run(SocketProcessorBase.java:74) ~[tomcat-embed-core-11.0.24.jar:11.0.24]
	at org.apache.tomcat.util.threads.ThreadPoolExecutor.runWorker(ThreadPoolExecutor.java:949) ~[tomcat-embed-core-11.0.24.jar:11.0.24]
	at org.apache.tomcat.util.threads.ThreadPoolExecutor$Worker.run(ThreadPoolExecutor.java:483) ~[tomcat-embed-core-11.0.24.jar:11.0.24]
	at org.apache.tomcat.util.threads.TaskThread$WrappingRunnable.run(TaskThread.java:74) ~[tomcat-embed-core-11.0.24.jar:11.0.24]
	at java.base/java.lang.Thread.run(Thread.java:840) ~[na:na]

2026-09-08T00:58:08.413+05:30 DEBUG 14276 --- [api-gateway] [nio-8082-exec-4] o.s.web.servlet.DispatcherServlet        : "ERROR" dispatch for GET "/error", parameters={}
2026-09-08T00:58:08.413+05:30 DEBUG 14276 --- [api-gateway] [nio-8082-exec-4] s.w.s.m.m.a.RequestMappingHandlerMapping : Mapped to org.springframework.boot.webmvc.autoconfigure.error.BasicErrorController#error(HttpServletRequest)
2026-09-08T00:58:08.414+05:30 DEBUG 14276 --- [api-gateway] [nio-8082-exec-4] o.s.w.s.m.m.a.HttpEntityMethodProcessor  : Using 'application/json', given [*/*] and supported [application/json, application/*+json]
2026-09-08T00:58:08.414+05:30 DEBUG 14276 --- [api-gateway] [nio-8082-exec-4] o.s.w.s.m.m.a.HttpEntityMethodProcessor  : Writing [{timestamp=Tue Sep 08 00:58:08 IST 2026, status=500, error=Internal Server Error, path=/rider-servic (truncated)...]
2026-09-08T00:58:08.415+05:30 DEBUG 14276 --- [api-gateway] [nio-8082-exec-4] o.s.web.servlet.DispatcherServlet        : Exiting from "ERROR" dispatch, status 500
2026-09-08T00:58:10.426+05:30 DEBUG 14276 --- [api-gateway] [nio-8082-exec-7] o.s.web.servlet.DispatcherServlet        : GET "/driver-service/drivers", parameters={}
2026-09-08T00:58:10.439+05:30 DEBUG 14276 --- [api-gateway] [nio-8082-exec-7] o.s.w.s.f.support.RouterFunctionMapping  : Mapped to org.springframework.web.servlet.function.HandlerFilterFunction$$Lambda$1275/0x00000140466c5c10@2c1f78c9
2026-09-08T00:58:10.441+05:30  WARN 14276 --- [api-gateway] [nio-8082-exec-7] o.s.c.l.core.RoundRobinLoadBalancer      : No servers available for service: driver-service
2026-09-08T00:58:10.442+05:30 DEBUG 14276 --- [api-gateway] [nio-8082-exec-7] o.s.web.servlet.DispatcherServlet        : Failed to complete request: org.springframework.web.client.HttpServerErrorException: 503 Unable to find instance for driver-service
2026-09-08T00:58:10.443+05:30 ERROR 14276 --- [api-gateway] [nio-8082-exec-7] o.a.c.c.C.[.[.[/].[dispatcherServlet]    : Servlet.service() for servlet [dispatcherServlet] in context with path [] threw exception [Request processing failed: org.springframework.web.client.HttpServerErrorException: 503 Unable to find instance for driver-service] with root cause

org.springframework.web.client.HttpServerErrorException: 503 Unable to find instance for driver-service
	at org.springframework.cloud.gateway.server.mvc.filter.LoadBalancerFilterFunctions.lambda$lb$5(LoadBalancerFilterFunctions.java:92) ~[spring-cloud-gateway-server-webmvc-5.0.3.jar:5.0.3]
	at org.springframework.web.servlet.function.HandlerFilterFunction.lambda$andThen$1(HandlerFilterFunction.java:58) ~[spring-webmvc-7.0.9.jar:7.0.9]
	at org.springframework.web.servlet.function.HandlerFilterFunction.lambda$ofRequestProcessor$0(HandlerFilterFunction.java:83) ~[spring-webmvc-7.0.9.jar:7.0.9]
	at org.springframework.web.servlet.function.HandlerFilterFunction.lambda$andThen$1(HandlerFilterFunction.java:58) ~[spring-webmvc-7.0.9.jar:7.0.9]
	at org.springframework.web.servlet.function.HandlerFilterFunction.lambda$ofRequestProcessor$0(HandlerFilterFunction.java:83) ~[spring-webmvc-7.0.9.jar:7.0.9]
	at org.springframework.web.servlet.function.HandlerFilterFunction.lambda$andThen$0(HandlerFilterFunction.java:59) ~[spring-webmvc-7.0.9.jar:7.0.9]
	at org.springframework.web.servlet.function.HandlerFilterFunction.lambda$andThen$0(HandlerFilterFunction.java:59) ~[spring-webmvc-7.0.9.jar:7.0.9]
	at org.springframework.web.servlet.function.HandlerFilterFunction.lambda$apply$0(HandlerFilterFunction.java:70) ~[spring-webmvc-7.0.9.jar:7.0.9]
	at org.springframework.web.servlet.function.support.HandlerFunctionAdapter.handle(HandlerFunctionAdapter.java:106) ~[spring-webmvc-7.0.9.jar:7.0.9]
	at org.springframework.web.servlet.DispatcherServlet.doDispatch(DispatcherServlet.java:963) ~[spring-webmvc-7.0.9.jar:7.0.9]
	at org.springframework.web.servlet.DispatcherServlet.doService(DispatcherServlet.java:866) ~[spring-webmvc-7.0.9.jar:7.0.9]
	at org.springframework.web.servlet.FrameworkServlet.processRequest(FrameworkServlet.java:1000) ~[spring-webmvc-7.0.9.jar:7.0.9]
	at org.springframework.web.servlet.FrameworkServlet.doGet(FrameworkServlet.java:892) ~[spring-webmvc-7.0.9.jar:7.0.9]
	at jakarta.servlet.http.HttpServlet.service(HttpServlet.java:622) ~[tomcat-embed-core-11.0.24.jar:6.1]
	at org.springframework.web.servlet.FrameworkServlet.service(FrameworkServlet.java:874) ~[spring-webmvc-7.0.9.jar:7.0.9]
	at jakarta.servlet.http.HttpServlet.service(HttpServlet.java:710) ~[tomcat-embed-core-11.0.24.jar:6.1]
	at org.apache.catalina.core.ApplicationFilterChain.doFilter(ApplicationFilterChain.java:132) ~[tomcat-embed-core-11.0.24.jar:11.0.24]
	at org.apache.tomcat.websocket.server.WsFilter.doFilter(WsFilter.java:59) ~[tomcat-embed-websocket-11.0.24.jar:11.0.24]
	at org.apache.catalina.core.ApplicationFilterChain.doFilter(ApplicationFilterChain.java:111) ~[tomcat-embed-core-11.0.24.jar:11.0.24]
	at org.springframework.cloud.gateway.server.mvc.filter.WeightCalculatorFilter.doFilter(WeightCalculatorFilter.java:233) ~[spring-cloud-gateway-server-webmvc-5.0.3.jar:5.0.3]
	at org.apache.catalina.core.ApplicationFilterChain.doFilter(ApplicationFilterChain.java:111) ~[tomcat-embed-core-11.0.24.jar:11.0.24]
	at org.springframework.cloud.gateway.server.mvc.filter.FormFilter.doFilter(FormFilter.java:93) ~[spring-cloud-gateway-server-webmvc-5.0.3.jar:5.0.3]
	at org.apache.catalina.core.ApplicationFilterChain.doFilter(ApplicationFilterChain.java:111) ~[tomcat-embed-core-11.0.24.jar:11.0.24]
	at org.springframework.web.filter.RequestContextFilter.doFilterInternal(RequestContextFilter.java:100) ~[spring-web-7.0.9.jar:7.0.9]
	at org.springframework.web.filter.OncePerRequestFilter.doFilter(OncePerRequestFilter.java:116) ~[spring-web-7.0.9.jar:7.0.9]
	at org.apache.catalina.core.ApplicationFilterChain.doFilter(ApplicationFilterChain.java:111) ~[tomcat-embed-core-11.0.24.jar:11.0.24]
	at org.springframework.web.filter.FormContentFilter.doFilterInternal(FormContentFilter.java:93) ~[spring-web-7.0.9.jar:7.0.9]
	at org.springframework.web.filter.OncePerRequestFilter.doFilter(OncePerRequestFilter.java:116) ~[spring-web-7.0.9.jar:7.0.9]
	at org.apache.catalina.core.ApplicationFilterChain.doFilter(ApplicationFilterChain.java:111) ~[tomcat-embed-core-11.0.24.jar:11.0.24]
	at org.springframework.web.filter.CharacterEncodingFilter.doFilterInternal(CharacterEncodingFilter.java:199) ~[spring-web-7.0.9.jar:7.0.9]
	at org.springframework.web.filter.OncePerRequestFilter.doFilter(OncePerRequestFilter.java:116) ~[spring-web-7.0.9.jar:7.0.9]
	at org.apache.catalina.core.ApplicationFilterChain.doFilter(ApplicationFilterChain.java:111) ~[tomcat-embed-core-11.0.24.jar:11.0.24]
	at org.apache.catalina.core.StandardWrapperValve.invoke(StandardWrapperValve.java:165) ~[tomcat-embed-core-11.0.24.jar:11.0.24]
	at org.apache.catalina.core.StandardContextValve.invoke(StandardContextValve.java:77) ~[tomcat-embed-core-11.0.24.jar:11.0.24]
	at org.apache.catalina.authenticator.AuthenticatorBase.invoke(AuthenticatorBase.java:535) ~[tomcat-embed-core-11.0.24.jar:11.0.24]
	at org.apache.catalina.core.StandardHostValve.invoke(StandardHostValve.java:115) ~[tomcat-embed-core-11.0.24.jar:11.0.24]
	at org.apache.catalina.valves.ErrorReportValve.invoke(ErrorReportValve.java:86) ~[tomcat-embed-core-11.0.24.jar:11.0.24]
	at org.apache.catalina.core.StandardEngineValve.invoke(StandardEngineValve.java:71) ~[tomcat-embed-core-11.0.24.jar:11.0.24]
	at org.apache.catalina.connector.CoyoteAdapter.service(CoyoteAdapter.java:347) ~[tomcat-embed-core-11.0.24.jar:11.0.24]
	at org.apache.coyote.http11.Http11Processor.service(Http11Processor.java:406) ~[tomcat-embed-core-11.0.24.jar:11.0.24]
	at org.apache.coyote.AbstractProcessorLight.process(AbstractProcessorLight.java:71) ~[tomcat-embed-core-11.0.24.jar:11.0.24]
	at org.apache.coyote.AbstractProtocol$ConnectionHandler.process(AbstractProtocol.java:1307) ~[tomcat-embed-core-11.0.24.jar:11.0.24]
	at org.apache.tomcat.util.net.NioEndpoint$SocketProcessor.doRun(NioEndpoint.java:2036) ~[tomcat-embed-core-11.0.24.jar:11.0.24]
	at org.apache.tomcat.util.net.SocketProcessorBase.run(SocketProcessorBase.java:74) ~[tomcat-embed-core-11.0.24.jar:11.0.24]
	at org.apache.tomcat.util.threads.ThreadPoolExecutor.runWorker(ThreadPoolExecutor.java:949) ~[tomcat-embed-core-11.0.24.jar:11.0.24]
	at org.apache.tomcat.util.threads.ThreadPoolExecutor$Worker.run(ThreadPoolExecutor.java:483) ~[tomcat-embed-core-11.0.24.jar:11.0.24]
	at org.apache.tomcat.util.threads.TaskThread$WrappingRunnable.run(TaskThread.java:74) ~[tomcat-embed-core-11.0.24.jar:11.0.24]
	at java.base/java.lang.Thread.run(Thread.java:840) ~[na:na]

2026-09-08T00:58:10.446+05:30 DEBUG 14276 --- [api-gateway] [nio-8082-exec-7] o.s.web.servlet.DispatcherServlet        : "ERROR" dispatch for GET "/error", parameters={}
2026-09-08T00:58:10.447+05:30 DEBUG 14276 --- [api-gateway] [nio-8082-exec-7] s.w.s.m.m.a.RequestMappingHandlerMapping : Mapped to org.springframework.boot.webmvc.autoconfigure.error.BasicErrorController#error(HttpServletRequest)
2026-09-08T00:58:10.447+05:30 DEBUG 14276 --- [api-gateway] [nio-8082-exec-7] o.s.w.s.m.m.a.HttpEntityMethodProcessor  : Using 'application/json', given [*/*] and supported [application/json, application/*+json]
2026-09-08T00:58:10.448+05:30 DEBUG 14276 --- [api-gateway] [nio-8082-exec-7] o.s.w.s.m.m.a.HttpEntityMethodProcessor  : Writing [{timestamp=Tue Sep 08 00:58:10 IST 2026, status=500, error=Internal Server Error, path=/driver-servi (truncated)...]
2026-09-08T00:58:10.449+05:30 DEBUG 14276 --- [api-gateway] [nio-8082-exec-7] o.s.web.servlet.DispatcherServlet        : Exiting from "ERROR" dispatch, status 500
2026-09-08T00:58:10.453+05:30 DEBUG 14276 --- [api-gateway] [nio-8082-exec-8] o.s.web.servlet.DispatcherServlet        : GET "/rider-service/riders", parameters={}
2026-09-08T00:58:10.454+05:30 DEBUG 14276 --- [api-gateway] [nio-8082-exec-8] o.s.w.s.f.support.RouterFunctionMapping  : Mapped to org.springframework.web.servlet.function.HandlerFilterFunction$$Lambda$1275/0x00000140466c5c10@1c095184
2026-09-08T00:58:10.455+05:30  WARN 14276 --- [api-gateway] [nio-8082-exec-8] o.s.c.l.core.RoundRobinLoadBalancer      : No servers available for service: rider-service
2026-09-08T00:58:10.456+05:30 DEBUG 14276 --- [api-gateway] [nio-8082-exec-8] o.s.web.servlet.DispatcherServlet        : Failed to complete request: org.springframework.web.client.HttpServerErrorException: 503 Unable to find instance for rider-service
2026-09-08T00:58:10.456+05:30 ERROR 14276 --- [api-gateway] [nio-8082-exec-8] o.a.c.c.C.[.[.[/].[dispatcherServlet]    : Servlet.service() for servlet [dispatcherServlet] in context with path [] threw exception [Request processing failed: org.springframework.web.client.HttpServerErrorException: 503 Unable to find instance for rider-service] with root cause

org.springframework.web.client.HttpServerErrorException: 503 Unable to find instance for rider-service
	at org.springframework.cloud.gateway.server.mvc.filter.LoadBalancerFilterFunctions.lambda$lb$5(LoadBalancerFilterFunctions.java:92) ~[spring-cloud-gateway-server-webmvc-5.0.3.jar:5.0.3]
	at org.springframework.web.servlet.function.HandlerFilterFunction.lambda$andThen$1(HandlerFilterFunction.java:58) ~[spring-webmvc-7.0.9.jar:7.0.9]
	at org.springframework.web.servlet.function.HandlerFilterFunction.lambda$ofRequestProcessor$0(HandlerFilterFunction.java:83) ~[spring-webmvc-7.0.9.jar:7.0.9]
	at org.springframework.web.servlet.function.HandlerFilterFunction.lambda$andThen$1(HandlerFilterFunction.java:58) ~[spring-webmvc-7.0.9.jar:7.0.9]
	at org.springframework.web.servlet.function.HandlerFilterFunction.lambda$ofRequestProcessor$0(HandlerFilterFunction.java:83) ~[spring-webmvc-7.0.9.jar:7.0.9]
	at org.springframework.web.servlet.function.HandlerFilterFunction.lambda$andThen$0(HandlerFilterFunction.java:59) ~[spring-webmvc-7.0.9.jar:7.0.9]
	at org.springframework.web.servlet.function.HandlerFilterFunction.lambda$andThen$0(HandlerFilterFunction.java:59) ~[spring-webmvc-7.0.9.jar:7.0.9]
	at org.springframework.web.servlet.function.HandlerFilterFunction.lambda$apply$0(HandlerFilterFunction.java:70) ~[spring-webmvc-7.0.9.jar:7.0.9]
	at org.springframework.web.servlet.function.support.HandlerFunctionAdapter.handle(HandlerFunctionAdapter.java:106) ~[spring-webmvc-7.0.9.jar:7.0.9]
	at org.springframework.web.servlet.DispatcherServlet.doDispatch(DispatcherServlet.java:963) ~[spring-webmvc-7.0.9.jar:7.0.9]
	at org.springframework.web.servlet.DispatcherServlet.doService(DispatcherServlet.java:866) ~[spring-webmvc-7.0.9.jar:7.0.9]
	at org.springframework.web.servlet.FrameworkServlet.processRequest(FrameworkServlet.java:1000) ~[spring-webmvc-7.0.9.jar:7.0.9]
	at org.springframework.web.servlet.FrameworkServlet.doGet(FrameworkServlet.java:892) ~[spring-webmvc-7.0.9.jar:7.0.9]
	at jakarta.servlet.http.HttpServlet.service(HttpServlet.java:622) ~[tomcat-embed-core-11.0.24.jar:6.1]
	at org.springframework.web.servlet.FrameworkServlet.service(FrameworkServlet.java:874) ~[spring-webmvc-7.0.9.jar:7.0.9]
	at jakarta.servlet.http.HttpServlet.service(HttpServlet.java:710) ~[tomcat-embed-core-11.0.24.jar:6.1]
	at org.apache.catalina.core.ApplicationFilterChain.doFilter(ApplicationFilterChain.java:132) ~[tomcat-embed-core-11.0.24.jar:11.0.24]
	at org.apache.tomcat.websocket.server.WsFilter.doFilter(WsFilter.java:59) ~[tomcat-embed-websocket-11.0.24.jar:11.0.24]
	at org.apache.catalina.core.ApplicationFilterChain.doFilter(ApplicationFilterChain.java:111) ~[tomcat-embed-core-11.0.24.jar:11.0.24]
	at org.springframework.cloud.gateway.server.mvc.filter.WeightCalculatorFilter.doFilter(WeightCalculatorFilter.java:233) ~[spring-cloud-gateway-server-webmvc-5.0.3.jar:5.0.3]
	at org.apache.catalina.core.ApplicationFilterChain.doFilter(ApplicationFilterChain.java:111) ~[tomcat-embed-core-11.0.24.jar:11.0.24]
	at org.springframework.cloud.gateway.server.mvc.filter.FormFilter.doFilter(FormFilter.java:93) ~[spring-cloud-gateway-server-webmvc-5.0.3.jar:5.0.3]
	at org.apache.catalina.core.ApplicationFilterChain.doFilter(ApplicationFilterChain.java:111) ~[tomcat-embed-core-11.0.24.jar:11.0.24]
	at org.springframework.web.filter.RequestContextFilter.doFilterInternal(RequestContextFilter.java:100) ~[spring-web-7.0.9.jar:7.0.9]
	at org.springframework.web.filter.OncePerRequestFilter.doFilter(OncePerRequestFilter.java:116) ~[spring-web-7.0.9.jar:7.0.9]
	at org.apache.catalina.core.ApplicationFilterChain.doFilter(ApplicationFilterChain.java:111) ~[tomcat-embed-core-11.0.24.jar:11.0.24]
	at org.springframework.web.filter.FormContentFilter.doFilterInternal(FormContentFilter.java:93) ~[spring-web-7.0.9.jar:7.0.9]
	at org.springframework.web.filter.OncePerRequestFilter.doFilter(OncePerRequestFilter.java:116) ~[spring-web-7.0.9.jar:7.0.9]
	at org.apache.catalina.core.ApplicationFilterChain.doFilter(ApplicationFilterChain.java:111) ~[tomcat-embed-core-11.0.24.jar:11.0.24]
	at org.springframework.web.filter.CharacterEncodingFilter.doFilterInternal(CharacterEncodingFilter.java:199) ~[spring-web-7.0.9.jar:7.0.9]
	at org.springframework.web.filter.OncePerRequestFilter.doFilter(OncePerRequestFilter.java:116) ~[spring-web-7.0.9.jar:7.0.9]
	at org.apache.catalina.core.ApplicationFilterChain.doFilter(ApplicationFilterChain.java:111) ~[tomcat-embed-core-11.0.24.jar:11.0.24]
	at org.apache.catalina.core.StandardWrapperValve.invoke(StandardWrapperValve.java:165) ~[tomcat-embed-core-11.0.24.jar:11.0.24]
	at org.apache.catalina.core.StandardContextValve.invoke(StandardContextValve.java:77) ~[tomcat-embed-core-11.0.24.jar:11.0.24]
	at org.apache.catalina.authenticator.AuthenticatorBase.invoke(AuthenticatorBase.java:535) ~[tomcat-embed-core-11.0.24.jar:11.0.24]
	at org.apache.catalina.core.StandardHostValve.invoke(StandardHostValve.java:115) ~[tomcat-embed-core-11.0.24.jar:11.0.24]
	at org.apache.catalina.valves.ErrorReportValve.invoke(ErrorReportValve.java:86) ~[tomcat-embed-core-11.0.24.jar:11.0.24]
	at org.apache.catalina.core.StandardEngineValve.invoke(StandardEngineValve.java:71) ~[tomcat-embed-core-11.0.24.jar:11.0.24]
	at org.apache.catalina.connector.CoyoteAdapter.service(CoyoteAdapter.java:347) ~[tomcat-embed-core-11.0.24.jar:11.0.24]
	at org.apache.coyote.http11.Http11Processor.service(Http11Processor.java:406) ~[tomcat-embed-core-11.0.24.jar:11.0.24]
	at org.apache.coyote.AbstractProcessorLight.process(AbstractProcessorLight.java:71) ~[tomcat-embed-core-11.0.24.jar:11.0.24]
	at org.apache.coyote.AbstractProtocol$ConnectionHandler.process(AbstractProtocol.java:1307) ~[tomcat-embed-core-11.0.24.jar:11.0.24]
	at org.apache.tomcat.util.net.NioEndpoint$SocketProcessor.doRun(NioEndpoint.java:2036) ~[tomcat-embed-core-11.0.24.jar:11.0.24]
	at org.apache.tomcat.util.net.SocketProcessorBase.run(SocketProcessorBase.java:74) ~[tomcat-embed-core-11.0.24.jar:11.0.24]
	at org.apache.tomcat.util.threads.ThreadPoolExecutor.runWorker(ThreadPoolExecutor.java:949) ~[tomcat-embed-core-11.0.24.jar:11.0.24]
	at org.apache.tomcat.util.threads.ThreadPoolExecutor$Worker.run(ThreadPoolExecutor.java:483) ~[tomcat-embed-core-11.0.24.jar:11.0.24]
	at org.apache.tomcat.util.threads.TaskThread$WrappingRunnable.run(TaskThread.java:74) ~[tomcat-embed-core-11.0.24.jar:11.0.24]
	at java.base/java.lang.Thread.run(Thread.java:840) ~[na:na]

2026-09-08T00:58:10.457+05:30 DEBUG 14276 --- [api-gateway] [nio-8082-exec-8] o.s.web.servlet.DispatcherServlet        : "ERROR" dispatch for GET "/error", parameters={}
2026-09-08T00:58:10.458+05:30 DEBUG 14276 --- [api-gateway] [nio-8082-exec-8] s.w.s.m.m.a.RequestMappingHandlerMapping : Mapped to org.springframework.boot.webmvc.autoconfigure.error.BasicErrorController#error(HttpServletRequest)
2026-09-08T00:58:10.458+05:30 DEBUG 14276 --- [api-gateway] [nio-8082-exec-8] o.s.w.s.m.m.a.HttpEntityMethodProcessor  : Using 'application/json', given [*/*] and supported [application/json, application/*+json]
2026-09-08T00:58:10.459+05:30 DEBUG 14276 --- [api-gateway] [nio-8082-exec-8] o.s.w.s.m.m.a.HttpEntityMethodProcessor  : Writing [{timestamp=Tue Sep 08 00:58:10 IST 2026, status=500, error=Internal Server Error, path=/rider-servic (truncated)...]
2026-09-08T00:58:10.459+05:30 DEBUG 14276 --- [api-gateway] [nio-8082-exec-8] o.s.web.servlet.DispatcherServlet        : Exiting from "ERROR" dispatch, status 500
2026-09-08T00:58:12.472+05:30 DEBUG 14276 --- [api-gateway] [nio-8082-exec-2] o.s.web.servlet.DispatcherServlet        : GET "/driver-service/drivers", parameters={}
2026-09-08T00:58:12.486+05:30 DEBUG 14276 --- [api-gateway] [nio-8082-exec-2] o.s.w.s.f.support.RouterFunctionMapping  : Mapped to org.springframework.web.servlet.function.HandlerFilterFunction$$Lambda$1275/0x00000140466c5c10@4884651d
2026-09-08T00:58:12.488+05:30  WARN 14276 --- [api-gateway] [nio-8082-exec-2] o.s.c.l.core.RoundRobinLoadBalancer      : No servers available for service: driver-service
2026-09-08T00:58:12.489+05:30 DEBUG 14276 --- [api-gateway] [nio-8082-exec-2] o.s.web.servlet.DispatcherServlet        : Failed to complete request: org.springframework.web.client.HttpServerErrorException: 503 Unable to find instance for driver-service
2026-09-08T00:58:12.490+05:30 ERROR 14276 --- [api-gateway] [nio-8082-exec-2] o.a.c.c.C.[.[.[/].[dispatcherServlet]    : Servlet.service() for servlet [dispatcherServlet] in context with path [] threw exception [Request processing failed: org.springframework.web.client.HttpServerErrorException: 503 Unable to find instance for driver-service] with root cause

org.springframework.web.client.HttpServerErrorException: 503 Unable to find instance for driver-service
	at org.springframework.cloud.gateway.server.mvc.filter.LoadBalancerFilterFunctions.lambda$lb$5(LoadBalancerFilterFunctions.java:92) ~[spring-cloud-gateway-server-webmvc-5.0.3.jar:5.0.3]
	at org.springframework.web.servlet.function.HandlerFilterFunction.lambda$andThen$1(HandlerFilterFunction.java:58) ~[spring-webmvc-7.0.9.jar:7.0.9]
	at org.springframework.web.servlet.function.HandlerFilterFunction.lambda$ofRequestProcessor$0(HandlerFilterFunction.java:83) ~[spring-webmvc-7.0.9.jar:7.0.9]
	at org.springframework.web.servlet.function.HandlerFilterFunction.lambda$andThen$1(HandlerFilterFunction.java:58) ~[spring-webmvc-7.0.9.jar:7.0.9]
	at org.springframework.web.servlet.function.HandlerFilterFunction.lambda$ofRequestProcessor$0(HandlerFilterFunction.java:83) ~[spring-webmvc-7.0.9.jar:7.0.9]
	at org.springframework.web.servlet.function.HandlerFilterFunction.lambda$andThen$0(HandlerFilterFunction.java:59) ~[spring-webmvc-7.0.9.jar:7.0.9]
	at org.springframework.web.servlet.function.HandlerFilterFunction.lambda$andThen$0(HandlerFilterFunction.java:59) ~[spring-webmvc-7.0.9.jar:7.0.9]
	at org.springframework.web.servlet.function.HandlerFilterFunction.lambda$apply$0(HandlerFilterFunction.java:70) ~[spring-webmvc-7.0.9.jar:7.0.9]
	at org.springframework.web.servlet.function.support.HandlerFunctionAdapter.handle(HandlerFunctionAdapter.java:106) ~[spring-webmvc-7.0.9.jar:7.0.9]
	at org.springframework.web.servlet.DispatcherServlet.doDispatch(DispatcherServlet.java:963) ~[spring-webmvc-7.0.9.jar:7.0.9]
	at org.springframework.web.servlet.DispatcherServlet.doService(DispatcherServlet.java:866) ~[spring-webmvc-7.0.9.jar:7.0.9]
	at org.springframework.web.servlet.FrameworkServlet.processRequest(FrameworkServlet.java:1000) ~[spring-webmvc-7.0.9.jar:7.0.9]
	at org.springframework.web.servlet.FrameworkServlet.doGet(FrameworkServlet.java:892) ~[spring-webmvc-7.0.9.jar:7.0.9]
	at jakarta.servlet.http.HttpServlet.service(HttpServlet.java:622) ~[tomcat-embed-core-11.0.24.jar:6.1]
	at org.springframework.web.servlet.FrameworkServlet.service(FrameworkServlet.java:874) ~[spring-webmvc-7.0.9.jar:7.0.9]
	at jakarta.servlet.http.HttpServlet.service(HttpServlet.java:710) ~[tomcat-embed-core-11.0.24.jar:6.1]
	at org.apache.catalina.core.ApplicationFilterChain.doFilter(ApplicationFilterChain.java:132) ~[tomcat-embed-core-11.0.24.jar:11.0.24]
	at org.apache.tomcat.websocket.server.WsFilter.doFilter(WsFilter.java:59) ~[tomcat-embed-websocket-11.0.24.jar:11.0.24]
	at org.apache.catalina.core.ApplicationFilterChain.doFilter(ApplicationFilterChain.java:111) ~[tomcat-embed-core-11.0.24.jar:11.0.24]
	at org.springframework.cloud.gateway.server.mvc.filter.WeightCalculatorFilter.doFilter(WeightCalculatorFilter.java:233) ~[spring-cloud-gateway-server-webmvc-5.0.3.jar:5.0.3]
	at org.apache.catalina.core.ApplicationFilterChain.doFilter(ApplicationFilterChain.java:111) ~[tomcat-embed-core-11.0.24.jar:11.0.24]
	at org.springframework.cloud.gateway.server.mvc.filter.FormFilter.doFilter(FormFilter.java:93) ~[spring-cloud-gateway-server-webmvc-5.0.3.jar:5.0.3]
	at org.apache.catalina.core.ApplicationFilterChain.doFilter(ApplicationFilterChain.java:111) ~[tomcat-embed-core-11.0.24.jar:11.0.24]
	at org.springframework.web.filter.RequestContextFilter.doFilterInternal(RequestContextFilter.java:100) ~[spring-web-7.0.9.jar:7.0.9]
	at org.springframework.web.filter.OncePerRequestFilter.doFilter(OncePerRequestFilter.java:116) ~[spring-web-7.0.9.jar:7.0.9]
	at org.apache.catalina.core.ApplicationFilterChain.doFilter(ApplicationFilterChain.java:111) ~[tomcat-embed-core-11.0.24.jar:11.0.24]
	at org.springframework.web.filter.FormContentFilter.doFilterInternal(FormContentFilter.java:93) ~[spring-web-7.0.9.jar:7.0.9]
	at org.springframework.web.filter.OncePerRequestFilter.doFilter(OncePerRequestFilter.java:116) ~[spring-web-7.0.9.jar:7.0.9]
	at org.apache.catalina.core.ApplicationFilterChain.doFilter(ApplicationFilterChain.java:111) ~[tomcat-embed-core-11.0.24.jar:11.0.24]
	at org.springframework.web.filter.CharacterEncodingFilter.doFilterInternal(CharacterEncodingFilter.java:199) ~[spring-web-7.0.9.jar:7.0.9]
	at org.springframework.web.filter.OncePerRequestFilter.doFilter(OncePerRequestFilter.java:116) ~[spring-web-7.0.9.jar:7.0.9]
	at org.apache.catalina.core.ApplicationFilterChain.doFilter(ApplicationFilterChain.java:111) ~[tomcat-embed-core-11.0.24.jar:11.0.24]
	at org.apache.catalina.core.StandardWrapperValve.invoke(StandardWrapperValve.java:165) ~[tomcat-embed-core-11.0.24.jar:11.0.24]
	at org.apache.catalina.core.StandardContextValve.invoke(StandardContextValve.java:77) ~[tomcat-embed-core-11.0.24.jar:11.0.24]
	at org.apache.catalina.authenticator.AuthenticatorBase.invoke(AuthenticatorBase.java:535) ~[tomcat-embed-core-11.0.24.jar:11.0.24]
	at org.apache.catalina.core.StandardHostValve.invoke(StandardHostValve.java:115) ~[tomcat-embed-core-11.0.24.jar:11.0.24]
	at org.apache.catalina.valves.ErrorReportValve.invoke(ErrorReportValve.java:86) ~[tomcat-embed-core-11.0.24.jar:11.0.24]
	at org.apache.catalina.core.StandardEngineValve.invoke(StandardEngineValve.java:71) ~[tomcat-embed-core-11.0.24.jar:11.0.24]
	at org.apache.catalina.connector.CoyoteAdapter.service(CoyoteAdapter.java:347) ~[tomcat-embed-core-11.0.24.jar:11.0.24]
	at org.apache.coyote.http11.Http11Processor.service(Http11Processor.java:406) ~[tomcat-embed-core-11.0.24.jar:11.0.24]
	at org.apache.coyote.AbstractProcessorLight.process(AbstractProcessorLight.java:71) ~[tomcat-embed-core-11.0.24.jar:11.0.24]
	at org.apache.coyote.AbstractProtocol$ConnectionHandler.process(AbstractProtocol.java:1307) ~[tomcat-embed-core-11.0.24.jar:11.0.24]
	at org.apache.tomcat.util.net.NioEndpoint$SocketProcessor.doRun(NioEndpoint.java:2036) ~[tomcat-embed-core-11.0.24.jar:11.0.24]
	at org.apache.tomcat.util.net.SocketProcessorBase.run(SocketProcessorBase.java:74) ~[tomcat-embed-core-11.0.24.jar:11.0.24]
	at org.apache.tomcat.util.threads.ThreadPoolExecutor.runWorker(ThreadPoolExecutor.java:949) ~[tomcat-embed-core-11.0.24.jar:11.0.24]
	at org.apache.tomcat.util.threads.ThreadPoolExecutor$Worker.run(ThreadPoolExecutor.java:483) ~[tomcat-embed-core-11.0.24.jar:11.0.24]
	at org.apache.tomcat.util.threads.TaskThread$WrappingRunnable.run(TaskThread.java:74) ~[tomcat-embed-core-11.0.24.jar:11.0.24]
	at java.base/java.lang.Thread.run(Thread.java:840) ~[na:na]

2026-09-08T00:58:12.491+05:30 DEBUG 14276 --- [api-gateway] [nio-8082-exec-2] o.s.web.servlet.DispatcherServlet        : "ERROR" dispatch for GET "/error", parameters={}
2026-09-08T00:58:12.492+05:30 DEBUG 14276 --- [api-gateway] [nio-8082-exec-2] s.w.s.m.m.a.RequestMappingHandlerMapping : Mapped to org.springframework.boot.webmvc.autoconfigure.error.BasicErrorController#error(HttpServletRequest)
2026-09-08T00:58:12.493+05:30 DEBUG 14276 --- [api-gateway] [nio-8082-exec-2] o.s.w.s.m.m.a.HttpEntityMethodProcessor  : Using 'application/json', given [*/*] and supported [application/json, application/*+json]
2026-09-08T00:58:12.494+05:30 DEBUG 14276 --- [api-gateway] [nio-8082-exec-2] o.s.w.s.m.m.a.HttpEntityMethodProcessor  : Writing [{timestamp=Tue Sep 08 00:58:12 IST 2026, status=500, error=Internal Server Error, path=/driver-servi (truncated)...]
2026-09-08T00:58:12.495+05:30 DEBUG 14276 --- [api-gateway] [nio-8082-exec-2] o.s.web.servlet.DispatcherServlet        : Exiting from "ERROR" dispatch, status 500
2026-09-08T00:58:12.498+05:30 DEBUG 14276 --- [api-gateway] [nio-8082-exec-5] o.s.web.servlet.DispatcherServlet        : GET "/rider-service/riders", parameters={}
2026-09-08T00:58:12.499+05:30 DEBUG 14276 --- [api-gateway] [nio-8082-exec-5] o.s.w.s.f.support.RouterFunctionMapping  : Mapped to org.springframework.web.servlet.function.HandlerFilterFunction$$Lambda$1275/0x00000140466c5c10@262e0a86
2026-09-08T00:58:12.500+05:30  WARN 14276 --- [api-gateway] [nio-8082-exec-5] o.s.c.l.core.RoundRobinLoadBalancer      : No servers available for service: rider-service
2026-09-08T00:58:12.501+05:30 DEBUG 14276 --- [api-gateway] [nio-8082-exec-5] o.s.web.servlet.DispatcherServlet        : Failed to complete request: org.springframework.web.client.HttpServerErrorException: 503 Unable to find instance for rider-service
2026-09-08T00:58:12.501+05:30 ERROR 14276 --- [api-gateway] [nio-8082-exec-5] o.a.c.c.C.[.[.[/].[dispatcherServlet]    : Servlet.service() for servlet [dispatcherServlet] in context with path [] threw exception [Request processing failed: org.springframework.web.client.HttpServerErrorException: 503 Unable to find instance for rider-service] with root cause

org.springframework.web.client.HttpServerErrorException: 503 Unable to find instance for rider-service
	at org.springframework.cloud.gateway.server.mvc.filter.LoadBalancerFilterFunctions.lambda$lb$5(LoadBalancerFilterFunctions.java:92) ~[spring-cloud-gateway-server-webmvc-5.0.3.jar:5.0.3]
	at org.springframework.web.servlet.function.HandlerFilterFunction.lambda$andThen$1(HandlerFilterFunction.java:58) ~[spring-webmvc-7.0.9.jar:7.0.9]
	at org.springframework.web.servlet.function.HandlerFilterFunction.lambda$ofRequestProcessor$0(HandlerFilterFunction.java:83) ~[spring-webmvc-7.0.9.jar:7.0.9]
	at org.springframework.web.servlet.function.HandlerFilterFunction.lambda$andThen$1(HandlerFilterFunction.java:58) ~[spring-webmvc-7.0.9.jar:7.0.9]
	at org.springframework.web.servlet.function.HandlerFilterFunction.lambda$ofRequestProcessor$0(HandlerFilterFunction.java:83) ~[spring-webmvc-7.0.9.jar:7.0.9]
	at org.springframework.web.servlet.function.HandlerFilterFunction.lambda$andThen$0(HandlerFilterFunction.java:59) ~[spring-webmvc-7.0.9.jar:7.0.9]
	at org.springframework.web.servlet.function.HandlerFilterFunction.lambda$andThen$0(HandlerFilterFunction.java:59) ~[spring-webmvc-7.0.9.jar:7.0.9]
	at org.springframework.web.servlet.function.HandlerFilterFunction.lambda$apply$0(HandlerFilterFunction.java:70) ~[spring-webmvc-7.0.9.jar:7.0.9]
	at org.springframework.web.servlet.function.support.HandlerFunctionAdapter.handle(HandlerFunctionAdapter.java:106) ~[spring-webmvc-7.0.9.jar:7.0.9]
	at org.springframework.web.servlet.DispatcherServlet.doDispatch(DispatcherServlet.java:963) ~[spring-webmvc-7.0.9.jar:7.0.9]
	at org.springframework.web.servlet.DispatcherServlet.doService(DispatcherServlet.java:866) ~[spring-webmvc-7.0.9.jar:7.0.9]
	at org.springframework.web.servlet.FrameworkServlet.processRequest(FrameworkServlet.java:1000) ~[spring-webmvc-7.0.9.jar:7.0.9]
	at org.springframework.web.servlet.FrameworkServlet.doGet(FrameworkServlet.java:892) ~[spring-webmvc-7.0.9.jar:7.0.9]
	at jakarta.servlet.http.HttpServlet.service(HttpServlet.java:622) ~[tomcat-embed-core-11.0.24.jar:6.1]
	at org.springframework.web.servlet.FrameworkServlet.service(FrameworkServlet.java:874) ~[spring-webmvc-7.0.9.jar:7.0.9]
	at jakarta.servlet.http.HttpServlet.service(HttpServlet.java:710) ~[tomcat-embed-core-11.0.24.jar:6.1]
	at org.apache.catalina.core.ApplicationFilterChain.doFilter(ApplicationFilterChain.java:132) ~[tomcat-embed-core-11.0.24.jar:11.0.24]
	at org.apache.tomcat.websocket.server.WsFilter.doFilter(WsFilter.java:59) ~[tomcat-embed-websocket-11.0.24.jar:11.0.24]
	at org.apache.catalina.core.ApplicationFilterChain.doFilter(ApplicationFilterChain.java:111) ~[tomcat-embed-core-11.0.24.jar:11.0.24]
	at org.springframework.cloud.gateway.server.mvc.filter.WeightCalculatorFilter.doFilter(WeightCalculatorFilter.java:233) ~[spring-cloud-gateway-server-webmvc-5.0.3.jar:5.0.3]
	at org.apache.catalina.core.ApplicationFilterChain.doFilter(ApplicationFilterChain.java:111) ~[tomcat-embed-core-11.0.24.jar:11.0.24]
	at org.springframework.cloud.gateway.server.mvc.filter.FormFilter.doFilter(FormFilter.java:93) ~[spring-cloud-gateway-server-webmvc-5.0.3.jar:5.0.3]
	at org.apache.catalina.core.ApplicationFilterChain.doFilter(ApplicationFilterChain.java:111) ~[tomcat-embed-core-11.0.24.jar:11.0.24]
	at org.springframework.web.filter.RequestContextFilter.doFilterInternal(RequestContextFilter.java:100) ~[spring-web-7.0.9.jar:7.0.9]
	at org.springframework.web.filter.OncePerRequestFilter.doFilter(OncePerRequestFilter.java:116) ~[spring-web-7.0.9.jar:7.0.9]
	at org.apache.catalina.core.ApplicationFilterChain.doFilter(ApplicationFilterChain.java:111) ~[tomcat-embed-core-11.0.24.jar:11.0.24]
	at org.springframework.web.filter.FormContentFilter.doFilterInternal(FormContentFilter.java:93) ~[spring-web-7.0.9.jar:7.0.9]
	at org.springframework.web.filter.OncePerRequestFilter.doFilter(OncePerRequestFilter.java:116) ~[spring-web-7.0.9.jar:7.0.9]
	at org.apache.catalina.core.ApplicationFilterChain.doFilter(ApplicationFilterChain.java:111) ~[tomcat-embed-core-11.0.24.jar:11.0.24]
	at org.springframework.web.filter.CharacterEncodingFilter.doFilterInternal(CharacterEncodingFilter.java:199) ~[spring-web-7.0.9.jar:7.0.9]
	at org.springframework.web.filter.OncePerRequestFilter.doFilter(OncePerRequestFilter.java:116) ~[spring-web-7.0.9.jar:7.0.9]
	at org.apache.catalina.core.ApplicationFilterChain.doFilter(ApplicationFilterChain.java:111) ~[tomcat-embed-core-11.0.24.jar:11.0.24]
	at org.apache.catalina.core.StandardWrapperValve.invoke(StandardWrapperValve.java:165) ~[tomcat-embed-core-11.0.24.jar:11.0.24]
	at org.apache.catalina.core.StandardContextValve.invoke(StandardContextValve.java:77) ~[tomcat-embed-core-11.0.24.jar:11.0.24]
	at org.apache.catalina.authenticator.AuthenticatorBase.invoke(AuthenticatorBase.java:535) ~[tomcat-embed-core-11.0.24.jar:11.0.24]
	at org.apache.catalina.core.StandardHostValve.invoke(StandardHostValve.java:115) ~[tomcat-embed-core-11.0.24.jar:11.0.24]
	at org.apache.catalina.valves.ErrorReportValve.invoke(ErrorReportValve.java:86) ~[tomcat-embed-core-11.0.24.jar:11.0.24]
	at org.apache.catalina.core.StandardEngineValve.invoke(StandardEngineValve.java:71) ~[tomcat-embed-core-11.0.24.jar:11.0.24]
	at org.apache.catalina.connector.CoyoteAdapter.service(CoyoteAdapter.java:347) ~[tomcat-embed-core-11.0.24.jar:11.0.24]
	at org.apache.coyote.http11.Http11Processor.service(Http11Processor.java:406) ~[tomcat-embed-core-11.0.24.jar:11.0.24]
	at org.apache.coyote.AbstractProcessorLight.process(AbstractProcessorLight.java:71) ~[tomcat-embed-core-11.0.24.jar:11.0.24]
	at org.apache.coyote.AbstractProtocol$ConnectionHandler.process(AbstractProtocol.java:1307) ~[tomcat-embed-core-11.0.24.jar:11.0.24]
	at org.apache.tomcat.util.net.NioEndpoint$SocketProcessor.doRun(NioEndpoint.java:2036) ~[tomcat-embed-core-11.0.24.jar:11.0.24]
	at org.apache.tomcat.util.net.SocketProcessorBase.run(SocketProcessorBase.java:74) ~[tomcat-embed-core-11.0.24.jar:11.0.24]
	at org.apache.tomcat.util.threads.ThreadPoolExecutor.runWorker(ThreadPoolExecutor.java:949) ~[tomcat-embed-core-11.0.24.jar:11.0.24]
	at org.apache.tomcat.util.threads.ThreadPoolExecutor$Worker.run(ThreadPoolExecutor.java:483) ~[tomcat-embed-core-11.0.24.jar:11.0.24]
	at org.apache.tomcat.util.threads.TaskThread$WrappingRunnable.run(TaskThread.java:74) ~[tomcat-embed-core-11.0.24.jar:11.0.24]
	at java.base/java.lang.Thread.run(Thread.java:840) ~[na:na]

2026-09-08T00:58:12.502+05:30 DEBUG 14276 --- [api-gateway] [nio-8082-exec-5] o.s.web.servlet.DispatcherServlet        : "ERROR" dispatch for GET "/error", parameters={}
2026-09-08T00:58:12.502+05:30 DEBUG 14276 --- [api-gateway] [nio-8082-exec-5] s.w.s.m.m.a.RequestMappingHandlerMapping : Mapped to org.springframework.boot.webmvc.autoconfigure.error.BasicErrorController#error(HttpServletRequest)
2026-09-08T00:58:12.503+05:30 DEBUG 14276 --- [api-gateway] [nio-8082-exec-5] o.s.w.s.m.m.a.HttpEntityMethodProcessor  : Using 'application/json', given [*/*] and supported [application/json, application/*+json]
2026-09-08T00:58:12.503+05:30 DEBUG 14276 --- [api-gateway] [nio-8082-exec-5] o.s.w.s.m.m.a.HttpEntityMethodProcessor  : Writing [{timestamp=Tue Sep 08 00:58:12 IST 2026, status=500, error=Internal Server Error, path=/rider-servic (truncated)...]
2026-09-08T00:58:12.504+05:30 DEBUG 14276 --- [api-gateway] [nio-8082-exec-5] o.s.web.servlet.DispatcherServlet        : Exiting from "ERROR" dispatch, status 500
2026-09-08T00:58:14.509+05:30 DEBUG 14276 --- [api-gateway] [nio-8082-exec-1] o.s.web.servlet.DispatcherServlet        : GET "/driver-service/drivers", parameters={}
2026-09-08T00:58:14.522+05:30 DEBUG 14276 --- [api-gateway] [nio-8082-exec-1] o.s.w.s.f.support.RouterFunctionMapping  : Mapped to org.springframework.web.servlet.function.HandlerFilterFunction$$Lambda$1275/0x00000140466c5c10@3314e693
2026-09-08T00:58:14.524+05:30  WARN 14276 --- [api-gateway] [nio-8082-exec-1] o.s.c.l.core.RoundRobinLoadBalancer      : No servers available for service: driver-service
2026-09-08T00:58:14.525+05:30 DEBUG 14276 --- [api-gateway] [nio-8082-exec-1] o.s.web.servlet.DispatcherServlet        : Failed to complete request: org.springframework.web.client.HttpServerErrorException: 503 Unable to find instance for driver-service
2026-09-08T00:58:14.525+05:30 ERROR 14276 --- [api-gateway] [nio-8082-exec-1] o.a.c.c.C.[.[.[/].[dispatcherServlet]    : Servlet.service() for servlet [dispatcherServlet] in context with path [] threw exception [Request processing failed: org.springframework.web.client.HttpServerErrorException: 503 Unable to find instance for driver-service] with root cause

org.springframework.web.client.HttpServerErrorException: 503 Unable to find instance for driver-service
	at org.springframework.cloud.gateway.server.mvc.filter.LoadBalancerFilterFunctions.lambda$lb$5(LoadBalancerFilterFunctions.java:92) ~[spring-cloud-gateway-server-webmvc-5.0.3.jar:5.0.3]
	at org.springframework.web.servlet.function.HandlerFilterFunction.lambda$andThen$1(HandlerFilterFunction.java:58) ~[spring-webmvc-7.0.9.jar:7.0.9]
	at org.springframework.web.servlet.function.HandlerFilterFunction.lambda$ofRequestProcessor$0(HandlerFilterFunction.java:83) ~[spring-webmvc-7.0.9.jar:7.0.9]
	at org.springframework.web.servlet.function.HandlerFilterFunction.lambda$andThen$1(HandlerFilterFunction.java:58) ~[spring-webmvc-7.0.9.jar:7.0.9]
	at org.springframework.web.servlet.function.HandlerFilterFunction.lambda$ofRequestProcessor$0(HandlerFilterFunction.java:83) ~[spring-webmvc-7.0.9.jar:7.0.9]
	at org.springframework.web.servlet.function.HandlerFilterFunction.lambda$andThen$0(HandlerFilterFunction.java:59) ~[spring-webmvc-7.0.9.jar:7.0.9]
	at org.springframework.web.servlet.function.HandlerFilterFunction.lambda$andThen$0(HandlerFilterFunction.java:59) ~[spring-webmvc-7.0.9.jar:7.0.9]
	at org.springframework.web.servlet.function.HandlerFilterFunction.lambda$apply$0(HandlerFilterFunction.java:70) ~[spring-webmvc-7.0.9.jar:7.0.9]
	at org.springframework.web.servlet.function.support.HandlerFunctionAdapter.handle(HandlerFunctionAdapter.java:106) ~[spring-webmvc-7.0.9.jar:7.0.9]
	at org.springframework.web.servlet.DispatcherServlet.doDispatch(DispatcherServlet.java:963) ~[spring-webmvc-7.0.9.jar:7.0.9]
	at org.springframework.web.servlet.DispatcherServlet.doService(DispatcherServlet.java:866) ~[spring-webmvc-7.0.9.jar:7.0.9]
	at org.springframework.web.servlet.FrameworkServlet.processRequest(FrameworkServlet.java:1000) ~[spring-webmvc-7.0.9.jar:7.0.9]
	at org.springframework.web.servlet.FrameworkServlet.doGet(FrameworkServlet.java:892) ~[spring-webmvc-7.0.9.jar:7.0.9]
	at jakarta.servlet.http.HttpServlet.service(HttpServlet.java:622) ~[tomcat-embed-core-11.0.24.jar:6.1]
	at org.springframework.web.servlet.FrameworkServlet.service(FrameworkServlet.java:874) ~[spring-webmvc-7.0.9.jar:7.0.9]
	at jakarta.servlet.http.HttpServlet.service(HttpServlet.java:710) ~[tomcat-embed-core-11.0.24.jar:6.1]
	at org.apache.catalina.core.ApplicationFilterChain.doFilter(ApplicationFilterChain.java:132) ~[tomcat-embed-core-11.0.24.jar:11.0.24]
	at org.apache.tomcat.websocket.server.WsFilter.doFilter(WsFilter.java:59) ~[tomcat-embed-websocket-11.0.24.jar:11.0.24]
	at org.apache.catalina.core.ApplicationFilterChain.doFilter(ApplicationFilterChain.java:111) ~[tomcat-embed-core-11.0.24.jar:11.0.24]
	at org.springframework.cloud.gateway.server.mvc.filter.WeightCalculatorFilter.doFilter(WeightCalculatorFilter.java:233) ~[spring-cloud-gateway-server-webmvc-5.0.3.jar:5.0.3]
	at org.apache.catalina.core.ApplicationFilterChain.doFilter(ApplicationFilterChain.java:111) ~[tomcat-embed-core-11.0.24.jar:11.0.24]
	at org.springframework.cloud.gateway.server.mvc.filter.FormFilter.doFilter(FormFilter.java:93) ~[spring-cloud-gateway-server-webmvc-5.0.3.jar:5.0.3]
	at org.apache.catalina.core.ApplicationFilterChain.doFilter(ApplicationFilterChain.java:111) ~[tomcat-embed-core-11.0.24.jar:11.0.24]
	at org.springframework.web.filter.RequestContextFilter.doFilterInternal(RequestContextFilter.java:100) ~[spring-web-7.0.9.jar:7.0.9]
	at org.springframework.web.filter.OncePerRequestFilter.doFilter(OncePerRequestFilter.java:116) ~[spring-web-7.0.9.jar:7.0.9]
	at org.apache.catalina.core.ApplicationFilterChain.doFilter(ApplicationFilterChain.java:111) ~[tomcat-embed-core-11.0.24.jar:11.0.24]
	at org.springframework.web.filter.FormContentFilter.doFilterInternal(FormContentFilter.java:93) ~[spring-web-7.0.9.jar:7.0.9]
	at org.springframework.web.filter.OncePerRequestFilter.doFilter(OncePerRequestFilter.java:116) ~[spring-web-7.0.9.jar:7.0.9]
	at org.apache.catalina.core.ApplicationFilterChain.doFilter(ApplicationFilterChain.java:111) ~[tomcat-embed-core-11.0.24.jar:11.0.24]
	at org.springframework.web.filter.CharacterEncodingFilter.doFilterInternal(CharacterEncodingFilter.java:199) ~[spring-web-7.0.9.jar:7.0.9]
	at org.springframework.web.filter.OncePerRequestFilter.doFilter(OncePerRequestFilter.java:116) ~[spring-web-7.0.9.jar:7.0.9]
	at org.apache.catalina.core.ApplicationFilterChain.doFilter(ApplicationFilterChain.java:111) ~[tomcat-embed-core-11.0.24.jar:11.0.24]
	at org.apache.catalina.core.StandardWrapperValve.invoke(StandardWrapperValve.java:165) ~[tomcat-embed-core-11.0.24.jar:11.0.24]
	at org.apache.catalina.core.StandardContextValve.invoke(StandardContextValve.java:77) ~[tomcat-embed-core-11.0.24.jar:11.0.24]
	at org.apache.catalina.authenticator.AuthenticatorBase.invoke(AuthenticatorBase.java:535) ~[tomcat-embed-core-11.0.24.jar:11.0.24]
	at org.apache.catalina.core.StandardHostValve.invoke(StandardHostValve.java:115) ~[tomcat-embed-core-11.0.24.jar:11.0.24]
	at org.apache.catalina.valves.ErrorReportValve.invoke(ErrorReportValve.java:86) ~[tomcat-embed-core-11.0.24.jar:11.0.24]
	at org.apache.catalina.core.StandardEngineValve.invoke(StandardEngineValve.java:71) ~[tomcat-embed-core-11.0.24.jar:11.0.24]
	at org.apache.catalina.connector.CoyoteAdapter.service(CoyoteAdapter.java:347) ~[tomcat-embed-core-11.0.24.jar:11.0.24]
	at org.apache.coyote.http11.Http11Processor.service(Http11Processor.java:406) ~[tomcat-embed-core-11.0.24.jar:11.0.24]
	at org.apache.coyote.AbstractProcessorLight.process(AbstractProcessorLight.java:71) ~[tomcat-embed-core-11.0.24.jar:11.0.24]
	at org.apache.coyote.AbstractProtocol$ConnectionHandler.process(AbstractProtocol.java:1307) ~[tomcat-embed-core-11.0.24.jar:11.0.24]
	at org.apache.tomcat.util.net.NioEndpoint$SocketProcessor.doRun(NioEndpoint.java:2036) ~[tomcat-embed-core-11.0.24.jar:11.0.24]
	at org.apache.tomcat.util.net.SocketProcessorBase.run(SocketProcessorBase.java:74) ~[tomcat-embed-core-11.0.24.jar:11.0.24]
	at org.apache.tomcat.util.threads.ThreadPoolExecutor.runWorker(ThreadPoolExecutor.java:949) ~[tomcat-embed-core-11.0.24.jar:11.0.24]
	at org.apache.tomcat.util.threads.ThreadPoolExecutor$Worker.run(ThreadPoolExecutor.java:483) ~[tomcat-embed-core-11.0.24.jar:11.0.24]
	at org.apache.tomcat.util.threads.TaskThread$WrappingRunnable.run(TaskThread.java:74) ~[tomcat-embed-core-11.0.24.jar:11.0.24]
	at java.base/java.lang.Thread.run(Thread.java:840) ~[na:na]

2026-09-08T00:58:14.527+05:30 DEBUG 14276 --- [api-gateway] [nio-8082-exec-1] o.s.web.servlet.DispatcherServlet        : "ERROR" dispatch for GET "/error", parameters={}
2026-09-08T00:58:14.528+05:30 DEBUG 14276 --- [api-gateway] [nio-8082-exec-1] s.w.s.m.m.a.RequestMappingHandlerMapping : Mapped to org.springframework.boot.webmvc.autoconfigure.error.BasicErrorController#error(HttpServletRequest)
2026-09-08T00:58:14.528+05:30 DEBUG 14276 --- [api-gateway] [nio-8082-exec-1] o.s.w.s.m.m.a.HttpEntityMethodProcessor  : Using 'application/json', given [*/*] and supported [application/json, application/*+json]
2026-09-08T00:58:14.529+05:30 DEBUG 14276 --- [api-gateway] [nio-8082-exec-1] o.s.w.s.m.m.a.HttpEntityMethodProcessor  : Writing [{timestamp=Tue Sep 08 00:58:14 IST 2026, status=500, error=Internal Server Error, path=/driver-servi (truncated)...]
2026-09-08T00:58:14.530+05:30 DEBUG 14276 --- [api-gateway] [nio-8082-exec-1] o.s.web.servlet.DispatcherServlet        : Exiting from "ERROR" dispatch, status 500
2026-09-08T00:58:14.534+05:30 DEBUG 14276 --- [api-gateway] [nio-8082-exec-6] o.s.web.servlet.DispatcherServlet        : GET "/rider-service/riders", parameters={}
2026-09-08T00:58:14.534+05:30 DEBUG 14276 --- [api-gateway] [nio-8082-exec-6] o.s.w.s.f.support.RouterFunctionMapping  : Mapped to org.springframework.web.servlet.function.HandlerFilterFunction$$Lambda$1275/0x00000140466c5c10@10f00551
2026-09-08T00:58:14.535+05:30  WARN 14276 --- [api-gateway] [nio-8082-exec-6] o.s.c.l.core.RoundRobinLoadBalancer      : No servers available for service: rider-service
2026-09-08T00:58:14.536+05:30 DEBUG 14276 --- [api-gateway] [nio-8082-exec-6] o.s.web.servlet.DispatcherServlet        : Failed to complete request: org.springframework.web.client.HttpServerErrorException: 503 Unable to find instance for rider-service
2026-09-08T00:58:14.536+05:30 ERROR 14276 --- [api-gateway] [nio-8082-exec-6] o.a.c.c.C.[.[.[/].[dispatcherServlet]    : Servlet.service() for servlet [dispatcherServlet] in context with path [] threw exception [Request processing failed: org.springframework.web.client.HttpServerErrorException: 503 Unable to find instance for rider-service] with root cause

org.springframework.web.client.HttpServerErrorException: 503 Unable to find instance for rider-service
	at org.springframework.cloud.gateway.server.mvc.filter.LoadBalancerFilterFunctions.lambda$lb$5(LoadBalancerFilterFunctions.java:92) ~[spring-cloud-gateway-server-webmvc-5.0.3.jar:5.0.3]
	at org.springframework.web.servlet.function.HandlerFilterFunction.lambda$andThen$1(HandlerFilterFunction.java:58) ~[spring-webmvc-7.0.9.jar:7.0.9]
	at org.springframework.web.servlet.function.HandlerFilterFunction.lambda$ofRequestProcessor$0(HandlerFilterFunction.java:83) ~[spring-webmvc-7.0.9.jar:7.0.9]
	at org.springframework.web.servlet.function.HandlerFilterFunction.lambda$andThen$1(HandlerFilterFunction.java:58) ~[spring-webmvc-7.0.9.jar:7.0.9]
	at org.springframework.web.servlet.function.HandlerFilterFunction.lambda$ofRequestProcessor$0(HandlerFilterFunction.java:83) ~[spring-webmvc-7.0.9.jar:7.0.9]
	at org.springframework.web.servlet.function.HandlerFilterFunction.lambda$andThen$0(HandlerFilterFunction.java:59) ~[spring-webmvc-7.0.9.jar:7.0.9]
	at org.springframework.web.servlet.function.HandlerFilterFunction.lambda$andThen$0(HandlerFilterFunction.java:59) ~[spring-webmvc-7.0.9.jar:7.0.9]
	at org.springframework.web.servlet.function.HandlerFilterFunction.lambda$apply$0(HandlerFilterFunction.java:70) ~[spring-webmvc-7.0.9.jar:7.0.9]
	at org.springframework.web.servlet.function.support.HandlerFunctionAdapter.handle(HandlerFunctionAdapter.java:106) ~[spring-webmvc-7.0.9.jar:7.0.9]
	at org.springframework.web.servlet.DispatcherServlet.doDispatch(DispatcherServlet.java:963) ~[spring-webmvc-7.0.9.jar:7.0.9]
	at org.springframework.web.servlet.DispatcherServlet.doService(DispatcherServlet.java:866) ~[spring-webmvc-7.0.9.jar:7.0.9]
	at org.springframework.web.servlet.FrameworkServlet.processRequest(FrameworkServlet.java:1000) ~[spring-webmvc-7.0.9.jar:7.0.9]
	at org.springframework.web.servlet.FrameworkServlet.doGet(FrameworkServlet.java:892) ~[spring-webmvc-7.0.9.jar:7.0.9]
	at jakarta.servlet.http.HttpServlet.service(HttpServlet.java:622) ~[tomcat-embed-core-11.0.24.jar:6.1]
	at org.springframework.web.servlet.FrameworkServlet.service(FrameworkServlet.java:874) ~[spring-webmvc-7.0.9.jar:7.0.9]
	at jakarta.servlet.http.HttpServlet.service(HttpServlet.java:710) ~[tomcat-embed-core-11.0.24.jar:6.1]
	at org.apache.catalina.core.ApplicationFilterChain.doFilter(ApplicationFilterChain.java:132) ~[tomcat-embed-core-11.0.24.jar:11.0.24]
	at org.apache.tomcat.websocket.server.WsFilter.doFilter(WsFilter.java:59) ~[tomcat-embed-websocket-11.0.24.jar:11.0.24]
	at org.apache.catalina.core.ApplicationFilterChain.doFilter(ApplicationFilterChain.java:111) ~[tomcat-embed-core-11.0.24.jar:11.0.24]
	at org.springframework.cloud.gateway.server.mvc.filter.WeightCalculatorFilter.doFilter(WeightCalculatorFilter.java:233) ~[spring-cloud-gateway-server-webmvc-5.0.3.jar:5.0.3]
	at org.apache.catalina.core.ApplicationFilterChain.doFilter(ApplicationFilterChain.java:111) ~[tomcat-embed-core-11.0.24.jar:11.0.24]
	at org.springframework.cloud.gateway.server.mvc.filter.FormFilter.doFilter(FormFilter.java:93) ~[spring-cloud-gateway-server-webmvc-5.0.3.jar:5.0.3]
	at org.apache.catalina.core.ApplicationFilterChain.doFilter(ApplicationFilterChain.java:111) ~[tomcat-embed-core-11.0.24.jar:11.0.24]
	at org.springframework.web.filter.RequestContextFilter.doFilterInternal(RequestContextFilter.java:100) ~[spring-web-7.0.9.jar:7.0.9]
	at org.springframework.web.filter.OncePerRequestFilter.doFilter(OncePerRequestFilter.java:116) ~[spring-web-7.0.9.jar:7.0.9]
	at org.apache.catalina.core.ApplicationFilterChain.doFilter(ApplicationFilterChain.java:111) ~[tomcat-embed-core-11.0.24.jar:11.0.24]
	at org.springframework.web.filter.FormContentFilter.doFilterInternal(FormContentFilter.java:93) ~[spring-web-7.0.9.jar:7.0.9]
	at org.springframework.web.filter.OncePerRequestFilter.doFilter(OncePerRequestFilter.java:116) ~[spring-web-7.0.9.jar:7.0.9]
	at org.apache.catalina.core.ApplicationFilterChain.doFilter(ApplicationFilterChain.java:111) ~[tomcat-embed-core-11.0.24.jar:11.0.24]
	at org.springframework.web.filter.CharacterEncodingFilter.doFilterInternal(CharacterEncodingFilter.java:199) ~[spring-web-7.0.9.jar:7.0.9]
	at org.springframework.web.filter.OncePerRequestFilter.doFilter(OncePerRequestFilter.java:116) ~[spring-web-7.0.9.jar:7.0.9]
	at org.apache.catalina.core.ApplicationFilterChain.doFilter(ApplicationFilterChain.java:111) ~[tomcat-embed-core-11.0.24.jar:11.0.24]
	at org.apache.catalina.core.StandardWrapperValve.invoke(StandardWrapperValve.java:165) ~[tomcat-embed-core-11.0.24.jar:11.0.24]
	at org.apache.catalina.core.StandardContextValve.invoke(StandardContextValve.java:77) ~[tomcat-embed-core-11.0.24.jar:11.0.24]
	at org.apache.catalina.authenticator.AuthenticatorBase.invoke(AuthenticatorBase.java:535) ~[tomcat-embed-core-11.0.24.jar:11.0.24]
	at org.apache.catalina.core.StandardHostValve.invoke(StandardHostValve.java:115) ~[tomcat-embed-core-11.0.24.jar:11.0.24]
	at org.apache.catalina.valves.ErrorReportValve.invoke(ErrorReportValve.java:86) ~[tomcat-embed-core-11.0.24.jar:11.0.24]
	at org.apache.catalina.core.StandardEngineValve.invoke(StandardEngineValve.java:71) ~[tomcat-embed-core-11.0.24.jar:11.0.24]
	at org.apache.catalina.connector.CoyoteAdapter.service(CoyoteAdapter.java:347) ~[tomcat-embed-core-11.0.24.jar:11.0.24]
	at org.apache.coyote.http11.Http11Processor.service(Http11Processor.java:406) ~[tomcat-embed-core-11.0.24.jar:11.0.24]
	at org.apache.coyote.AbstractProcessorLight.process(AbstractProcessorLight.java:71) ~[tomcat-embed-core-11.0.24.jar:11.0.24]
	at org.apache.coyote.AbstractProtocol$ConnectionHandler.process(AbstractProtocol.java:1307) ~[tomcat-embed-core-11.0.24.jar:11.0.24]
	at org.apache.tomcat.util.net.NioEndpoint$SocketProcessor.doRun(NioEndpoint.java:2036) ~[tomcat-embed-core-11.0.24.jar:11.0.24]
	at org.apache.tomcat.util.net.SocketProcessorBase.run(SocketProcessorBase.java:74) ~[tomcat-embed-core-11.0.24.jar:11.0.24]
	at org.apache.tomcat.util.threads.ThreadPoolExecutor.runWorker(ThreadPoolExecutor.java:949) ~[tomcat-embed-core-11.0.24.jar:11.0.24]
	at org.apache.tomcat.util.threads.ThreadPoolExecutor$Worker.run(ThreadPoolExecutor.java:483) ~[tomcat-embed-core-11.0.24.jar:11.0.24]
	at org.apache.tomcat.util.threads.TaskThread$WrappingRunnable.run(TaskThread.java:74) ~[tomcat-embed-core-11.0.24.jar:11.0.24]
	at java.base/java.lang.Thread.run(Thread.java:840) ~[na:na]

2026-09-08T00:58:14.537+05:30 DEBUG 14276 --- [api-gateway] [nio-8082-exec-6] o.s.web.servlet.DispatcherServlet        : "ERROR" dispatch for GET "/error", parameters={}
2026-09-08T00:58:14.538+05:30 DEBUG 14276 --- [api-gateway] [nio-8082-exec-6] s.w.s.m.m.a.RequestMappingHandlerMapping : Mapped to org.springframework.boot.webmvc.autoconfigure.error.BasicErrorController#error(HttpServletRequest)
2026-09-08T00:58:14.539+05:30 DEBUG 14276 --- [api-gateway] [nio-8082-exec-6] o.s.w.s.m.m.a.HttpEntityMethodProcessor  : Using 'application/json', given [*/*] and supported [application/json, application/*+json]
2026-09-08T00:58:14.539+05:30 DEBUG 14276 --- [api-gateway] [nio-8082-exec-6] o.s.w.s.m.m.a.HttpEntityMethodProcessor  : Writing [{timestamp=Tue Sep 08 00:58:14 IST 2026, status=500, error=Internal Server Error, path=/rider-servic (truncated)...]
2026-09-08T00:58:14.541+05:30 DEBUG 14276 --- [api-gateway] [nio-8082-exec-6] o.s.web.servlet.DispatcherServlet        : Exiting from "ERROR" dispatch, status 500
2026-09-08T00:58:16.557+05:30 DEBUG 14276 --- [api-gateway] [nio-8082-exec-9] o.s.web.servlet.DispatcherServlet        : GET "/driver-service/drivers", parameters={}
2026-09-08T00:58:16.557+05:30 DEBUG 14276 --- [api-gateway] [nio-8082-exec-9] o.s.w.s.f.support.RouterFunctionMapping  : Mapped to org.springframework.web.servlet.function.HandlerFilterFunction$$Lambda$1275/0x00000140466c5c10@73c3527e
2026-09-08T00:58:16.559+05:30  WARN 14276 --- [api-gateway] [nio-8082-exec-9] o.s.c.l.core.RoundRobinLoadBalancer      : No servers available for service: driver-service
2026-09-08T00:58:16.559+05:30 DEBUG 14276 --- [api-gateway] [nio-8082-exec-9] o.s.web.servlet.DispatcherServlet        : Failed to complete request: org.springframework.web.client.HttpServerErrorException: 503 Unable to find instance for driver-service
2026-09-08T00:58:16.560+05:30 ERROR 14276 --- [api-gateway] [nio-8082-exec-9] o.a.c.c.C.[.[.[/].[dispatcherServlet]    : Servlet.service() for servlet [dispatcherServlet] in context with path [] threw exception [Request processing failed: org.springframework.web.client.HttpServerErrorException: 503 Unable to find instance for driver-service] with root cause

org.springframework.web.client.HttpServerErrorException: 503 Unable to find instance for driver-service
	at org.springframework.cloud.gateway.server.mvc.filter.LoadBalancerFilterFunctions.lambda$lb$5(LoadBalancerFilterFunctions.java:92) ~[spring-cloud-gateway-server-webmvc-5.0.3.jar:5.0.3]
	at org.springframework.web.servlet.function.HandlerFilterFunction.lambda$andThen$1(HandlerFilterFunction.java:58) ~[spring-webmvc-7.0.9.jar:7.0.9]
	at org.springframework.web.servlet.function.HandlerFilterFunction.lambda$ofRequestProcessor$0(HandlerFilterFunction.java:83) ~[spring-webmvc-7.0.9.jar:7.0.9]
	at org.springframework.web.servlet.function.HandlerFilterFunction.lambda$andThen$1(HandlerFilterFunction.java:58) ~[spring-webmvc-7.0.9.jar:7.0.9]
	at org.springframework.web.servlet.function.HandlerFilterFunction.lambda$ofRequestProcessor$0(HandlerFilterFunction.java:83) ~[spring-webmvc-7.0.9.jar:7.0.9]
	at org.springframework.web.servlet.function.HandlerFilterFunction.lambda$andThen$0(HandlerFilterFunction.java:59) ~[spring-webmvc-7.0.9.jar:7.0.9]
	at org.springframework.web.servlet.function.HandlerFilterFunction.lambda$andThen$0(HandlerFilterFunction.java:59) ~[spring-webmvc-7.0.9.jar:7.0.9]
	at org.springframework.web.servlet.function.HandlerFilterFunction.lambda$apply$0(HandlerFilterFunction.java:70) ~[spring-webmvc-7.0.9.jar:7.0.9]
	at org.springframework.web.servlet.function.support.HandlerFunctionAdapter.handle(HandlerFunctionAdapter.java:106) ~[spring-webmvc-7.0.9.jar:7.0.9]
	at org.springframework.web.servlet.DispatcherServlet.doDispatch(DispatcherServlet.java:963) ~[spring-webmvc-7.0.9.jar:7.0.9]
	at org.springframework.web.servlet.DispatcherServlet.doService(DispatcherServlet.java:866) ~[spring-webmvc-7.0.9.jar:7.0.9]
	at org.springframework.web.servlet.FrameworkServlet.processRequest(FrameworkServlet.java:1000) ~[spring-webmvc-7.0.9.jar:7.0.9]
	at org.springframework.web.servlet.FrameworkServlet.doGet(FrameworkServlet.java:892) ~[spring-webmvc-7.0.9.jar:7.0.9]
	at jakarta.servlet.http.HttpServlet.service(HttpServlet.java:622) ~[tomcat-embed-core-11.0.24.jar:6.1]
	at org.springframework.web.servlet.FrameworkServlet.service(FrameworkServlet.java:874) ~[spring-webmvc-7.0.9.jar:7.0.9]
	at jakarta.servlet.http.HttpServlet.service(HttpServlet.java:710) ~[tomcat-embed-core-11.0.24.jar:6.1]
	at org.apache.catalina.core.ApplicationFilterChain.doFilter(ApplicationFilterChain.java:132) ~[tomcat-embed-core-11.0.24.jar:11.0.24]
	at org.apache.tomcat.websocket.server.WsFilter.doFilter(WsFilter.java:59) ~[tomcat-embed-websocket-11.0.24.jar:11.0.24]
	at org.apache.catalina.core.ApplicationFilterChain.doFilter(ApplicationFilterChain.java:111) ~[tomcat-embed-core-11.0.24.jar:11.0.24]
	at org.springframework.cloud.gateway.server.mvc.filter.WeightCalculatorFilter.doFilter(WeightCalculatorFilter.java:233) ~[spring-cloud-gateway-server-webmvc-5.0.3.jar:5.0.3]
	at org.apache.catalina.core.ApplicationFilterChain.doFilter(ApplicationFilterChain.java:111) ~[tomcat-embed-core-11.0.24.jar:11.0.24]
	at org.springframework.cloud.gateway.server.mvc.filter.FormFilter.doFilter(FormFilter.java:93) ~[spring-cloud-gateway-server-webmvc-5.0.3.jar:5.0.3]
	at org.apache.catalina.core.ApplicationFilterChain.doFilter(ApplicationFilterChain.java:111) ~[tomcat-embed-core-11.0.24.jar:11.0.24]
	at org.springframework.web.filter.RequestContextFilter.doFilterInternal(RequestContextFilter.java:100) ~[spring-web-7.0.9.jar:7.0.9]
	at org.springframework.web.filter.OncePerRequestFilter.doFilter(OncePerRequestFilter.java:116) ~[spring-web-7.0.9.jar:7.0.9]
	at org.apache.catalina.core.ApplicationFilterChain.doFilter(ApplicationFilterChain.java:111) ~[tomcat-embed-core-11.0.24.jar:11.0.24]
	at org.springframework.web.filter.FormContentFilter.doFilterInternal(FormContentFilter.java:93) ~[spring-web-7.0.9.jar:7.0.9]
	at org.springframework.web.filter.OncePerRequestFilter.doFilter(OncePerRequestFilter.java:116) ~[spring-web-7.0.9.jar:7.0.9]
	at org.apache.catalina.core.ApplicationFilterChain.doFilter(ApplicationFilterChain.java:111) ~[tomcat-embed-core-11.0.24.jar:11.0.24]
	at org.springframework.web.filter.CharacterEncodingFilter.doFilterInternal(CharacterEncodingFilter.java:199) ~[spring-web-7.0.9.jar:7.0.9]
	at org.springframework.web.filter.OncePerRequestFilter.doFilter(OncePerRequestFilter.java:116) ~[spring-web-7.0.9.jar:7.0.9]
	at org.apache.catalina.core.ApplicationFilterChain.doFilter(ApplicationFilterChain.java:111) ~[tomcat-embed-core-11.0.24.jar:11.0.24]
	at org.apache.catalina.core.StandardWrapperValve.invoke(StandardWrapperValve.java:165) ~[tomcat-embed-core-11.0.24.jar:11.0.24]
	at org.apache.catalina.core.StandardContextValve.invoke(StandardContextValve.java:77) ~[tomcat-embed-core-11.0.24.jar:11.0.24]
	at org.apache.catalina.authenticator.AuthenticatorBase.invoke(AuthenticatorBase.java:535) ~[tomcat-embed-core-11.0.24.jar:11.0.24]
	at org.apache.catalina.core.StandardHostValve.invoke(StandardHostValve.java:115) ~[tomcat-embed-core-11.0.24.jar:11.0.24]
	at org.apache.catalina.valves.ErrorReportValve.invoke(ErrorReportValve.java:86) ~[tomcat-embed-core-11.0.24.jar:11.0.24]
	at org.apache.catalina.core.StandardEngineValve.invoke(StandardEngineValve.java:71) ~[tomcat-embed-core-11.0.24.jar:11.0.24]
	at org.apache.catalina.connector.CoyoteAdapter.service(CoyoteAdapter.java:347) ~[tomcat-embed-core-11.0.24.jar:11.0.24]
	at org.apache.coyote.http11.Http11Processor.service(Http11Processor.java:406) ~[tomcat-embed-core-11.0.24.jar:11.0.24]
	at org.apache.coyote.AbstractProcessorLight.process(AbstractProcessorLight.java:71) ~[tomcat-embed-core-11.0.24.jar:11.0.24]
	at org.apache.coyote.AbstractProtocol$ConnectionHandler.process(AbstractProtocol.java:1307) ~[tomcat-embed-core-11.0.24.jar:11.0.24]
	at org.apache.tomcat.util.net.NioEndpoint$SocketProcessor.doRun(NioEndpoint.java:2036) ~[tomcat-embed-core-11.0.24.jar:11.0.24]
	at org.apache.tomcat.util.net.SocketProcessorBase.run(SocketProcessorBase.java:74) ~[tomcat-embed-core-11.0.24.jar:11.0.24]
	at org.apache.tomcat.util.threads.ThreadPoolExecutor.runWorker(ThreadPoolExecutor.java:949) ~[tomcat-embed-core-11.0.24.jar:11.0.24]
	at org.apache.tomcat.util.threads.ThreadPoolExecutor$Worker.run(ThreadPoolExecutor.java:483) ~[tomcat-embed-core-11.0.24.jar:11.0.24]
	at org.apache.tomcat.util.threads.TaskThread$WrappingRunnable.run(TaskThread.java:74) ~[tomcat-embed-core-11.0.24.jar:11.0.24]
	at java.base/java.lang.Thread.run(Thread.java:840) ~[na:na]

2026-09-08T00:58:16.561+05:30 DEBUG 14276 --- [api-gateway] [nio-8082-exec-9] o.s.web.servlet.DispatcherServlet        : "ERROR" dispatch for GET "/error", parameters={}
2026-09-08T00:58:16.562+05:30 DEBUG 14276 --- [api-gateway] [nio-8082-exec-9] s.w.s.m.m.a.RequestMappingHandlerMapping : Mapped to org.springframework.boot.webmvc.autoconfigure.error.BasicErrorController#error(HttpServletRequest)
2026-09-08T00:58:16.562+05:30 DEBUG 14276 --- [api-gateway] [nio-8082-exec-9] o.s.w.s.m.m.a.HttpEntityMethodProcessor  : Using 'application/json', given [*/*] and supported [application/json, application/*+json]
2026-09-08T00:58:16.562+05:30 DEBUG 14276 --- [api-gateway] [nio-8082-exec-9] o.s.w.s.m.m.a.HttpEntityMethodProcessor  : Writing [{timestamp=Tue Sep 08 00:58:16 IST 2026, status=500, error=Internal Server Error, path=/driver-servi (truncated)...]
2026-09-08T00:58:16.563+05:30 DEBUG 14276 --- [api-gateway] [nio-8082-exec-9] o.s.web.servlet.DispatcherServlet        : Exiting from "ERROR" dispatch, status 500
2026-09-08T00:58:16.565+05:30 DEBUG 14276 --- [api-gateway] [io-8082-exec-10] o.s.web.servlet.DispatcherServlet        : GET "/rider-service/riders", parameters={}
2026-09-08T00:58:16.566+05:30 DEBUG 14276 --- [api-gateway] [io-8082-exec-10] o.s.w.s.f.support.RouterFunctionMapping  : Mapped to org.springframework.web.servlet.function.HandlerFilterFunction$$Lambda$1275/0x00000140466c5c10@44ffe5e6
2026-09-08T00:58:16.567+05:30  WARN 14276 --- [api-gateway] [io-8082-exec-10] o.s.c.l.core.RoundRobinLoadBalancer      : No servers available for service: rider-service
2026-09-08T00:58:16.568+05:30 DEBUG 14276 --- [api-gateway] [io-8082-exec-10] o.s.web.servlet.DispatcherServlet        : Failed to complete request: org.springframework.web.client.HttpServerErrorException: 503 Unable to find instance for rider-service
2026-09-08T00:58:16.568+05:30 ERROR 14276 --- [api-gateway] [io-8082-exec-10] o.a.c.c.C.[.[.[/].[dispatcherServlet]    : Servlet.service() for servlet [dispatcherServlet] in context with path [] threw exception [Request processing failed: org.springframework.web.client.HttpServerErrorException: 503 Unable to find instance for rider-service] with root cause

org.springframework.web.client.HttpServerErrorException: 503 Unable to find instance for rider-service
	at org.springframework.cloud.gateway.server.mvc.filter.LoadBalancerFilterFunctions.lambda$lb$5(LoadBalancerFilterFunctions.java:92) ~[spring-cloud-gateway-server-webmvc-5.0.3.jar:5.0.3]
	at org.springframework.web.servlet.function.HandlerFilterFunction.lambda$andThen$1(HandlerFilterFunction.java:58) ~[spring-webmvc-7.0.9.jar:7.0.9]
	at org.springframework.web.servlet.function.HandlerFilterFunction.lambda$ofRequestProcessor$0(HandlerFilterFunction.java:83) ~[spring-webmvc-7.0.9.jar:7.0.9]
	at org.springframework.web.servlet.function.HandlerFilterFunction.lambda$andThen$1(HandlerFilterFunction.java:58) ~[spring-webmvc-7.0.9.jar:7.0.9]
	at org.springframework.web.servlet.function.HandlerFilterFunction.lambda$ofRequestProcessor$0(HandlerFilterFunction.java:83) ~[spring-webmvc-7.0.9.jar:7.0.9]
	at org.springframework.web.servlet.function.HandlerFilterFunction.lambda$andThen$0(HandlerFilterFunction.java:59) ~[spring-webmvc-7.0.9.jar:7.0.9]
	at org.springframework.web.servlet.function.HandlerFilterFunction.lambda$andThen$0(HandlerFilterFunction.java:59) ~[spring-webmvc-7.0.9.jar:7.0.9]
	at org.springframework.web.servlet.function.HandlerFilterFunction.lambda$apply$0(HandlerFilterFunction.java:70) ~[spring-webmvc-7.0.9.jar:7.0.9]
	at org.springframework.web.servlet.function.support.HandlerFunctionAdapter.handle(HandlerFunctionAdapter.java:106) ~[spring-webmvc-7.0.9.jar:7.0.9]
	at org.springframework.web.servlet.DispatcherServlet.doDispatch(DispatcherServlet.java:963) ~[spring-webmvc-7.0.9.jar:7.0.9]
	at org.springframework.web.servlet.DispatcherServlet.doService(DispatcherServlet.java:866) ~[spring-webmvc-7.0.9.jar:7.0.9]
	at org.springframework.web.servlet.FrameworkServlet.processRequest(FrameworkServlet.java:1000) ~[spring-webmvc-7.0.9.jar:7.0.9]
	at org.springframework.web.servlet.FrameworkServlet.doGet(FrameworkServlet.java:892) ~[spring-webmvc-7.0.9.jar:7.0.9]
	at jakarta.servlet.http.HttpServlet.service(HttpServlet.java:622) ~[tomcat-embed-core-11.0.24.jar:6.1]
	at org.springframework.web.servlet.FrameworkServlet.service(FrameworkServlet.java:874) ~[spring-webmvc-7.0.9.jar:7.0.9]
	at jakarta.servlet.http.HttpServlet.service(HttpServlet.java:710) ~[tomcat-embed-core-11.0.24.jar:6.1]
	at org.apache.catalina.core.ApplicationFilterChain.doFilter(ApplicationFilterChain.java:132) ~[tomcat-embed-core-11.0.24.jar:11.0.24]
	at org.apache.tomcat.websocket.server.WsFilter.doFilter(WsFilter.java:59) ~[tomcat-embed-websocket-11.0.24.jar:11.0.24]
	at org.apache.catalina.core.ApplicationFilterChain.doFilter(ApplicationFilterChain.java:111) ~[tomcat-embed-core-11.0.24.jar:11.0.24]
	at org.springframework.cloud.gateway.server.mvc.filter.WeightCalculatorFilter.doFilter(WeightCalculatorFilter.java:233) ~[spring-cloud-gateway-server-webmvc-5.0.3.jar:5.0.3]
	at org.apache.catalina.core.ApplicationFilterChain.doFilter(ApplicationFilterChain.java:111) ~[tomcat-embed-core-11.0.24.jar:11.0.24]
	at org.springframework.cloud.gateway.server.mvc.filter.FormFilter.doFilter(FormFilter.java:93) ~[spring-cloud-gateway-server-webmvc-5.0.3.jar:5.0.3]
	at org.apache.catalina.core.ApplicationFilterChain.doFilter(ApplicationFilterChain.java:111) ~[tomcat-embed-core-11.0.24.jar:11.0.24]
	at org.springframework.web.filter.RequestContextFilter.doFilterInternal(RequestContextFilter.java:100) ~[spring-web-7.0.9.jar:7.0.9]
	at org.springframework.web.filter.OncePerRequestFilter.doFilter(OncePerRequestFilter.java:116) ~[spring-web-7.0.9.jar:7.0.9]
	at org.apache.catalina.core.ApplicationFilterChain.doFilter(ApplicationFilterChain.java:111) ~[tomcat-embed-core-11.0.24.jar:11.0.24]
	at org.springframework.web.filter.FormContentFilter.doFilterInternal(FormContentFilter.java:93) ~[spring-web-7.0.9.jar:7.0.9]
	at org.springframework.web.filter.OncePerRequestFilter.doFilter(OncePerRequestFilter.java:116) ~[spring-web-7.0.9.jar:7.0.9]
	at org.apache.catalina.core.ApplicationFilterChain.doFilter(ApplicationFilterChain.java:111) ~[tomcat-embed-core-11.0.24.jar:11.0.24]
	at org.springframework.web.filter.CharacterEncodingFilter.doFilterInternal(CharacterEncodingFilter.java:199) ~[spring-web-7.0.9.jar:7.0.9]
	at org.springframework.web.filter.OncePerRequestFilter.doFilter(OncePerRequestFilter.java:116) ~[spring-web-7.0.9.jar:7.0.9]
	at org.apache.catalina.core.ApplicationFilterChain.doFilter(ApplicationFilterChain.java:111) ~[tomcat-embed-core-11.0.24.jar:11.0.24]
	at org.apache.catalina.core.StandardWrapperValve.invoke(StandardWrapperValve.java:165) ~[tomcat-embed-core-11.0.24.jar:11.0.24]
	at org.apache.catalina.core.StandardContextValve.invoke(StandardContextValve.java:77) ~[tomcat-embed-core-11.0.24.jar:11.0.24]
	at org.apache.catalina.authenticator.AuthenticatorBase.invoke(AuthenticatorBase.java:535) ~[tomcat-embed-core-11.0.24.jar:11.0.24]
	at org.apache.catalina.core.StandardHostValve.invoke(StandardHostValve.java:115) ~[tomcat-embed-core-11.0.24.jar:11.0.24]
	at org.apache.catalina.valves.ErrorReportValve.invoke(ErrorReportValve.java:86) ~[tomcat-embed-core-11.0.24.jar:11.0.24]
	at org.apache.catalina.core.StandardEngineValve.invoke(StandardEngineValve.java:71) ~[tomcat-embed-core-11.0.24.jar:11.0.24]
	at org.apache.catalina.connector.CoyoteAdapter.service(CoyoteAdapter.java:347) ~[tomcat-embed-core-11.0.24.jar:11.0.24]
	at org.apache.coyote.http11.Http11Processor.service(Http11Processor.java:406) ~[tomcat-embed-core-11.0.24.jar:11.0.24]
	at org.apache.coyote.AbstractProcessorLight.process(AbstractProcessorLight.java:71) ~[tomcat-embed-core-11.0.24.jar:11.0.24]
	at org.apache.coyote.AbstractProtocol$ConnectionHandler.process(AbstractProtocol.java:1307) ~[tomcat-embed-core-11.0.24.jar:11.0.24]
	at org.apache.tomcat.util.net.NioEndpoint$SocketProcessor.doRun(NioEndpoint.java:2036) ~[tomcat-embed-core-11.0.24.jar:11.0.24]
	at org.apache.tomcat.util.net.SocketProcessorBase.run(SocketProcessorBase.java:74) ~[tomcat-embed-core-11.0.24.jar:11.0.24]
	at org.apache.tomcat.util.threads.ThreadPoolExecutor.runWorker(ThreadPoolExecutor.java:949) ~[tomcat-embed-core-11.0.24.jar:11.0.24]
	at org.apache.tomcat.util.threads.ThreadPoolExecutor$Worker.run(ThreadPoolExecutor.java:483) ~[tomcat-embed-core-11.0.24.jar:11.0.24]
	at org.apache.tomcat.util.threads.TaskThread$WrappingRunnable.run(TaskThread.java:74) ~[tomcat-embed-core-11.0.24.jar:11.0.24]
	at java.base/java.lang.Thread.run(Thread.java:840) ~[na:na]

2026-09-08T00:58:16.569+05:30 DEBUG 14276 --- [api-gateway] [io-8082-exec-10] o.s.web.servlet.DispatcherServlet        : "ERROR" dispatch for GET "/error", parameters={}
2026-09-08T00:58:16.570+05:30 DEBUG 14276 --- [api-gateway] [io-8082-exec-10] s.w.s.m.m.a.RequestMappingHandlerMapping : Mapped to org.springframework.boot.webmvc.autoconfigure.error.BasicErrorController#error(HttpServletRequest)
2026-09-08T00:58:16.570+05:30 DEBUG 14276 --- [api-gateway] [io-8082-exec-10] o.s.w.s.m.m.a.HttpEntityMethodProcessor  : Using 'application/json', given [*/*] and supported [application/json, application/*+json]
2026-09-08T00:58:16.571+05:30 DEBUG 14276 --- [api-gateway] [io-8082-exec-10] o.s.w.s.m.m.a.HttpEntityMethodProcessor  : Writing [{timestamp=Tue Sep 08 00:58:16 IST 2026, status=500, error=Internal Server Error, path=/rider-servic (truncated)...]
2026-09-08T00:58:16.572+05:30 DEBUG 14276 --- [api-gateway] [io-8082-exec-10] o.s.web.servlet.DispatcherServlet        : Exiting from "ERROR" dispatch, status 500
2026-09-08T00:58:18.587+05:30 DEBUG 14276 --- [api-gateway] [nio-8082-exec-3] o.s.web.servlet.DispatcherServlet        : GET "/driver-service/drivers", parameters={}
2026-09-08T00:58:18.601+05:30 DEBUG 14276 --- [api-gateway] [nio-8082-exec-3] o.s.w.s.f.support.RouterFunctionMapping  : Mapped to org.springframework.web.servlet.function.HandlerFilterFunction$$Lambda$1275/0x00000140466c5c10@4d81be88
2026-09-08T00:58:18.602+05:30  WARN 14276 --- [api-gateway] [nio-8082-exec-3] o.s.c.l.core.RoundRobinLoadBalancer      : No servers available for service: driver-service
2026-09-08T00:58:18.603+05:30 DEBUG 14276 --- [api-gateway] [nio-8082-exec-3] o.s.web.servlet.DispatcherServlet        : Failed to complete request: org.springframework.web.client.HttpServerErrorException: 503 Unable to find instance for driver-service
2026-09-08T00:58:18.604+05:30 ERROR 14276 --- [api-gateway] [nio-8082-exec-3] o.a.c.c.C.[.[.[/].[dispatcherServlet]    : Servlet.service() for servlet [dispatcherServlet] in context with path [] threw exception [Request processing failed: org.springframework.web.client.HttpServerErrorException: 503 Unable to find instance for driver-service] with root cause

org.springframework.web.client.HttpServerErrorException: 503 Unable to find instance for driver-service
	at org.springframework.cloud.gateway.server.mvc.filter.LoadBalancerFilterFunctions.lambda$lb$5(LoadBalancerFilterFunctions.java:92) ~[spring-cloud-gateway-server-webmvc-5.0.3.jar:5.0.3]
	at org.springframework.web.servlet.function.HandlerFilterFunction.lambda$andThen$1(HandlerFilterFunction.java:58) ~[spring-webmvc-7.0.9.jar:7.0.9]
	at org.springframework.web.servlet.function.HandlerFilterFunction.lambda$ofRequestProcessor$0(HandlerFilterFunction.java:83) ~[spring-webmvc-7.0.9.jar:7.0.9]
	at org.springframework.web.servlet.function.HandlerFilterFunction.lambda$andThen$1(HandlerFilterFunction.java:58) ~[spring-webmvc-7.0.9.jar:7.0.9]
	at org.springframework.web.servlet.function.HandlerFilterFunction.lambda$ofRequestProcessor$0(HandlerFilterFunction.java:83) ~[spring-webmvc-7.0.9.jar:7.0.9]
	at org.springframework.web.servlet.function.HandlerFilterFunction.lambda$andThen$0(HandlerFilterFunction.java:59) ~[spring-webmvc-7.0.9.jar:7.0.9]
	at org.springframework.web.servlet.function.HandlerFilterFunction.lambda$andThen$0(HandlerFilterFunction.java:59) ~[spring-webmvc-7.0.9.jar:7.0.9]
	at org.springframework.web.servlet.function.HandlerFilterFunction.lambda$apply$0(HandlerFilterFunction.java:70) ~[spring-webmvc-7.0.9.jar:7.0.9]
	at org.springframework.web.servlet.function.support.HandlerFunctionAdapter.handle(HandlerFunctionAdapter.java:106) ~[spring-webmvc-7.0.9.jar:7.0.9]
	at org.springframework.web.servlet.DispatcherServlet.doDispatch(DispatcherServlet.java:963) ~[spring-webmvc-7.0.9.jar:7.0.9]
	at org.springframework.web.servlet.DispatcherServlet.doService(DispatcherServlet.java:866) ~[spring-webmvc-7.0.9.jar:7.0.9]
	at org.springframework.web.servlet.FrameworkServlet.processRequest(FrameworkServlet.java:1000) ~[spring-webmvc-7.0.9.jar:7.0.9]
	at org.springframework.web.servlet.FrameworkServlet.doGet(FrameworkServlet.java:892) ~[spring-webmvc-7.0.9.jar:7.0.9]
	at jakarta.servlet.http.HttpServlet.service(HttpServlet.java:622) ~[tomcat-embed-core-11.0.24.jar:6.1]
	at org.springframework.web.servlet.FrameworkServlet.service(FrameworkServlet.java:874) ~[spring-webmvc-7.0.9.jar:7.0.9]
	at jakarta.servlet.http.HttpServlet.service(HttpServlet.java:710) ~[tomcat-embed-core-11.0.24.jar:6.1]
	at org.apache.catalina.core.ApplicationFilterChain.doFilter(ApplicationFilterChain.java:132) ~[tomcat-embed-core-11.0.24.jar:11.0.24]
	at org.apache.tomcat.websocket.server.WsFilter.doFilter(WsFilter.java:59) ~[tomcat-embed-websocket-11.0.24.jar:11.0.24]
	at org.apache.catalina.core.ApplicationFilterChain.doFilter(ApplicationFilterChain.java:111) ~[tomcat-embed-core-11.0.24.jar:11.0.24]
	at org.springframework.cloud.gateway.server.mvc.filter.WeightCalculatorFilter.doFilter(WeightCalculatorFilter.java:233) ~[spring-cloud-gateway-server-webmvc-5.0.3.jar:5.0.3]
	at org.apache.catalina.core.ApplicationFilterChain.doFilter(ApplicationFilterChain.java:111) ~[tomcat-embed-core-11.0.24.jar:11.0.24]
	at org.springframework.cloud.gateway.server.mvc.filter.FormFilter.doFilter(FormFilter.java:93) ~[spring-cloud-gateway-server-webmvc-5.0.3.jar:5.0.3]
	at org.apache.catalina.core.ApplicationFilterChain.doFilter(ApplicationFilterChain.java:111) ~[tomcat-embed-core-11.0.24.jar:11.0.24]
	at org.springframework.web.filter.RequestContextFilter.doFilterInternal(RequestContextFilter.java:100) ~[spring-web-7.0.9.jar:7.0.9]
	at org.springframework.web.filter.OncePerRequestFilter.doFilter(OncePerRequestFilter.java:116) ~[spring-web-7.0.9.jar:7.0.9]
	at org.apache.catalina.core.ApplicationFilterChain.doFilter(ApplicationFilterChain.java:111) ~[tomcat-embed-core-11.0.24.jar:11.0.24]
	at org.springframework.web.filter.FormContentFilter.doFilterInternal(FormContentFilter.java:93) ~[spring-web-7.0.9.jar:7.0.9]
	at org.springframework.web.filter.OncePerRequestFilter.doFilter(OncePerRequestFilter.java:116) ~[spring-web-7.0.9.jar:7.0.9]
	at org.apache.catalina.core.ApplicationFilterChain.doFilter(ApplicationFilterChain.java:111) ~[tomcat-embed-core-11.0.24.jar:11.0.24]
	at org.springframework.web.filter.CharacterEncodingFilter.doFilterInternal(CharacterEncodingFilter.java:199) ~[spring-web-7.0.9.jar:7.0.9]
	at org.springframework.web.filter.OncePerRequestFilter.doFilter(OncePerRequestFilter.java:116) ~[spring-web-7.0.9.jar:7.0.9]
	at org.apache.catalina.core.ApplicationFilterChain.doFilter(ApplicationFilterChain.java:111) ~[tomcat-embed-core-11.0.24.jar:11.0.24]
	at org.apache.catalina.core.StandardWrapperValve.invoke(StandardWrapperValve.java:165) ~[tomcat-embed-core-11.0.24.jar:11.0.24]
	at org.apache.catalina.core.StandardContextValve.invoke(StandardContextValve.java:77) ~[tomcat-embed-core-11.0.24.jar:11.0.24]
	at org.apache.catalina.authenticator.AuthenticatorBase.invoke(AuthenticatorBase.java:535) ~[tomcat-embed-core-11.0.24.jar:11.0.24]
	at org.apache.catalina.core.StandardHostValve.invoke(StandardHostValve.java:115) ~[tomcat-embed-core-11.0.24.jar:11.0.24]
	at org.apache.catalina.valves.ErrorReportValve.invoke(ErrorReportValve.java:86) ~[tomcat-embed-core-11.0.24.jar:11.0.24]
	at org.apache.catalina.core.StandardEngineValve.invoke(StandardEngineValve.java:71) ~[tomcat-embed-core-11.0.24.jar:11.0.24]
	at org.apache.catalina.connector.CoyoteAdapter.service(CoyoteAdapter.java:347) ~[tomcat-embed-core-11.0.24.jar:11.0.24]
	at org.apache.coyote.http11.Http11Processor.service(Http11Processor.java:406) ~[tomcat-embed-core-11.0.24.jar:11.0.24]
	at org.apache.coyote.AbstractProcessorLight.process(AbstractProcessorLight.java:71) ~[tomcat-embed-core-11.0.24.jar:11.0.24]
	at org.apache.coyote.AbstractProtocol$ConnectionHandler.process(AbstractProtocol.java:1307) ~[tomcat-embed-core-11.0.24.jar:11.0.24]
	at org.apache.tomcat.util.net.NioEndpoint$SocketProcessor.doRun(NioEndpoint.java:2036) ~[tomcat-embed-core-11.0.24.jar:11.0.24]
	at org.apache.tomcat.util.net.SocketProcessorBase.run(SocketProcessorBase.java:74) ~[tomcat-embed-core-11.0.24.jar:11.0.24]
	at org.apache.tomcat.util.threads.ThreadPoolExecutor.runWorker(ThreadPoolExecutor.java:949) ~[tomcat-embed-core-11.0.24.jar:11.0.24]
	at org.apache.tomcat.util.threads.ThreadPoolExecutor$Worker.run(ThreadPoolExecutor.java:483) ~[tomcat-embed-core-11.0.24.jar:11.0.24]
	at org.apache.tomcat.util.threads.TaskThread$WrappingRunnable.run(TaskThread.java:74) ~[tomcat-embed-core-11.0.24.jar:11.0.24]
	at java.base/java.lang.Thread.run(Thread.java:840) ~[na:na]

2026-09-08T00:58:18.605+05:30 DEBUG 14276 --- [api-gateway] [nio-8082-exec-3] o.s.web.servlet.DispatcherServlet        : "ERROR" dispatch for GET "/error", parameters={}
2026-09-08T00:58:18.605+05:30 DEBUG 14276 --- [api-gateway] [nio-8082-exec-3] s.w.s.m.m.a.RequestMappingHandlerMapping : Mapped to org.springframework.boot.webmvc.autoconfigure.error.BasicErrorController#error(HttpServletRequest)
2026-09-08T00:58:18.606+05:30 DEBUG 14276 --- [api-gateway] [nio-8082-exec-3] o.s.w.s.m.m.a.HttpEntityMethodProcessor  : Using 'application/json', given [*/*] and supported [application/json, application/*+json]
2026-09-08T00:58:18.606+05:30 DEBUG 14276 --- [api-gateway] [nio-8082-exec-3] o.s.w.s.m.m.a.HttpEntityMethodProcessor  : Writing [{timestamp=Tue Sep 08 00:58:18 IST 2026, status=500, error=Internal Server Error, path=/driver-servi (truncated)...]
2026-09-08T00:58:18.607+05:30 DEBUG 14276 --- [api-gateway] [nio-8082-exec-3] o.s.web.servlet.DispatcherServlet        : Exiting from "ERROR" dispatch, status 500
2026-09-08T00:58:18.611+05:30 DEBUG 14276 --- [api-gateway] [nio-8082-exec-4] o.s.web.servlet.DispatcherServlet        : GET "/rider-service/riders", parameters={}
2026-09-08T00:58:18.612+05:30 DEBUG 14276 --- [api-gateway] [nio-8082-exec-4] o.s.w.s.f.support.RouterFunctionMapping  : Mapped to org.springframework.web.servlet.function.HandlerFilterFunction$$Lambda$1275/0x00000140466c5c10@74bbc17f
2026-09-08T00:58:18.613+05:30  WARN 14276 --- [api-gateway] [nio-8082-exec-4] o.s.c.l.core.RoundRobinLoadBalancer      : No servers available for service: rider-service
2026-09-08T00:58:18.613+05:30 DEBUG 14276 --- [api-gateway] [nio-8082-exec-4] o.s.web.servlet.DispatcherServlet        : Failed to complete request: org.springframework.web.client.HttpServerErrorException: 503 Unable to find instance for rider-service
2026-09-08T00:58:18.614+05:30 ERROR 14276 --- [api-gateway] [nio-8082-exec-4] o.a.c.c.C.[.[.[/].[dispatcherServlet]    : Servlet.service() for servlet [dispatcherServlet] in context with path [] threw exception [Request processing failed: org.springframework.web.client.HttpServerErrorException: 503 Unable to find instance for rider-service] with root cause

org.springframework.web.client.HttpServerErrorException: 503 Unable to find instance for rider-service
	at org.springframework.cloud.gateway.server.mvc.filter.LoadBalancerFilterFunctions.lambda$lb$5(LoadBalancerFilterFunctions.java:92) ~[spring-cloud-gateway-server-webmvc-5.0.3.jar:5.0.3]
	at org.springframework.web.servlet.function.HandlerFilterFunction.lambda$andThen$1(HandlerFilterFunction.java:58) ~[spring-webmvc-7.0.9.jar:7.0.9]
	at org.springframework.web.servlet.function.HandlerFilterFunction.lambda$ofRequestProcessor$0(HandlerFilterFunction.java:83) ~[spring-webmvc-7.0.9.jar:7.0.9]
	at org.springframework.web.servlet.function.HandlerFilterFunction.lambda$andThen$1(HandlerFilterFunction.java:58) ~[spring-webmvc-7.0.9.jar:7.0.9]
	at org.springframework.web.servlet.function.HandlerFilterFunction.lambda$ofRequestProcessor$0(HandlerFilterFunction.java:83) ~[spring-webmvc-7.0.9.jar:7.0.9]
	at org.springframework.web.servlet.function.HandlerFilterFunction.lambda$andThen$0(HandlerFilterFunction.java:59) ~[spring-webmvc-7.0.9.jar:7.0.9]
	at org.springframework.web.servlet.function.HandlerFilterFunction.lambda$andThen$0(HandlerFilterFunction.java:59) ~[spring-webmvc-7.0.9.jar:7.0.9]
	at org.springframework.web.servlet.function.HandlerFilterFunction.lambda$apply$0(HandlerFilterFunction.java:70) ~[spring-webmvc-7.0.9.jar:7.0.9]
	at org.springframework.web.servlet.function.support.HandlerFunctionAdapter.handle(HandlerFunctionAdapter.java:106) ~[spring-webmvc-7.0.9.jar:7.0.9]
	at org.springframework.web.servlet.DispatcherServlet.doDispatch(DispatcherServlet.java:963) ~[spring-webmvc-7.0.9.jar:7.0.9]
	at org.springframework.web.servlet.DispatcherServlet.doService(DispatcherServlet.java:866) ~[spring-webmvc-7.0.9.jar:7.0.9]
	at org.springframework.web.servlet.FrameworkServlet.processRequest(FrameworkServlet.java:1000) ~[spring-webmvc-7.0.9.jar:7.0.9]
	at org.springframework.web.servlet.FrameworkServlet.doGet(FrameworkServlet.java:892) ~[spring-webmvc-7.0.9.jar:7.0.9]
	at jakarta.servlet.http.HttpServlet.service(HttpServlet.java:622) ~[tomcat-embed-core-11.0.24.jar:6.1]
	at org.springframework.web.servlet.FrameworkServlet.service(FrameworkServlet.java:874) ~[spring-webmvc-7.0.9.jar:7.0.9]
	at jakarta.servlet.http.HttpServlet.service(HttpServlet.java:710) ~[tomcat-embed-core-11.0.24.jar:6.1]
	at org.apache.catalina.core.ApplicationFilterChain.doFilter(ApplicationFilterChain.java:132) ~[tomcat-embed-core-11.0.24.jar:11.0.24]
	at org.apache.tomcat.websocket.server.WsFilter.doFilter(WsFilter.java:59) ~[tomcat-embed-websocket-11.0.24.jar:11.0.24]
	at org.apache.catalina.core.ApplicationFilterChain.doFilter(ApplicationFilterChain.java:111) ~[tomcat-embed-core-11.0.24.jar:11.0.24]
	at org.springframework.cloud.gateway.server.mvc.filter.WeightCalculatorFilter.doFilter(WeightCalculatorFilter.java:233) ~[spring-cloud-gateway-server-webmvc-5.0.3.jar:5.0.3]
	at org.apache.catalina.core.ApplicationFilterChain.doFilter(ApplicationFilterChain.java:111) ~[tomcat-embed-core-11.0.24.jar:11.0.24]
	at org.springframework.cloud.gateway.server.mvc.filter.FormFilter.doFilter(FormFilter.java:93) ~[spring-cloud-gateway-server-webmvc-5.0.3.jar:5.0.3]
	at org.apache.catalina.core.ApplicationFilterChain.doFilter(ApplicationFilterChain.java:111) ~[tomcat-embed-core-11.0.24.jar:11.0.24]
	at org.springframework.web.filter.RequestContextFilter.doFilterInternal(RequestContextFilter.java:100) ~[spring-web-7.0.9.jar:7.0.9]
	at org.springframework.web.filter.OncePerRequestFilter.doFilter(OncePerRequestFilter.java:116) ~[spring-web-7.0.9.jar:7.0.9]
	at org.apache.catalina.core.ApplicationFilterChain.doFilter(ApplicationFilterChain.java:111) ~[tomcat-embed-core-11.0.24.jar:11.0.24]
	at org.springframework.web.filter.FormContentFilter.doFilterInternal(FormContentFilter.java:93) ~[spring-web-7.0.9.jar:7.0.9]
	at org.springframework.web.filter.OncePerRequestFilter.doFilter(OncePerRequestFilter.java:116) ~[spring-web-7.0.9.jar:7.0.9]
	at org.apache.catalina.core.ApplicationFilterChain.doFilter(ApplicationFilterChain.java:111) ~[tomcat-embed-core-11.0.24.jar:11.0.24]
	at org.springframework.web.filter.CharacterEncodingFilter.doFilterInternal(CharacterEncodingFilter.java:199) ~[spring-web-7.0.9.jar:7.0.9]
	at org.springframework.web.filter.OncePerRequestFilter.doFilter(OncePerRequestFilter.java:116) ~[spring-web-7.0.9.jar:7.0.9]
	at org.apache.catalina.core.ApplicationFilterChain.doFilter(ApplicationFilterChain.java:111) ~[tomcat-embed-core-11.0.24.jar:11.0.24]
	at org.apache.catalina.core.StandardWrapperValve.invoke(StandardWrapperValve.java:165) ~[tomcat-embed-core-11.0.24.jar:11.0.24]
	at org.apache.catalina.core.StandardContextValve.invoke(StandardContextValve.java:77) ~[tomcat-embed-core-11.0.24.jar:11.0.24]
	at org.apache.catalina.authenticator.AuthenticatorBase.invoke(AuthenticatorBase.java:535) ~[tomcat-embed-core-11.0.24.jar:11.0.24]
	at org.apache.catalina.core.StandardHostValve.invoke(StandardHostValve.java:115) ~[tomcat-embed-core-11.0.24.jar:11.0.24]
	at org.apache.catalina.valves.ErrorReportValve.invoke(ErrorReportValve.java:86) ~[tomcat-embed-core-11.0.24.jar:11.0.24]
	at org.apache.catalina.core.StandardEngineValve.invoke(StandardEngineValve.java:71) ~[tomcat-embed-core-11.0.24.jar:11.0.24]
	at org.apache.catalina.connector.CoyoteAdapter.service(CoyoteAdapter.java:347) ~[tomcat-embed-core-11.0.24.jar:11.0.24]
	at org.apache.coyote.http11.Http11Processor.service(Http11Processor.java:406) ~[tomcat-embed-core-11.0.24.jar:11.0.24]
	at org.apache.coyote.AbstractProcessorLight.process(AbstractProcessorLight.java:71) ~[tomcat-embed-core-11.0.24.jar:11.0.24]
	at org.apache.coyote.AbstractProtocol$ConnectionHandler.process(AbstractProtocol.java:1307) ~[tomcat-embed-core-11.0.24.jar:11.0.24]
	at org.apache.tomcat.util.net.NioEndpoint$SocketProcessor.doRun(NioEndpoint.java:2036) ~[tomcat-embed-core-11.0.24.jar:11.0.24]
	at org.apache.tomcat.util.net.SocketProcessorBase.run(SocketProcessorBase.java:74) ~[tomcat-embed-core-11.0.24.jar:11.0.24]
	at org.apache.tomcat.util.threads.ThreadPoolExecutor.runWorker(ThreadPoolExecutor.java:949) ~[tomcat-embed-core-11.0.24.jar:11.0.24]
	at org.apache.tomcat.util.threads.ThreadPoolExecutor$Worker.run(ThreadPoolExecutor.java:483) ~[tomcat-embed-core-11.0.24.jar:11.0.24]
	at org.apache.tomcat.util.threads.TaskThread$WrappingRunnable.run(TaskThread.java:74) ~[tomcat-embed-core-11.0.24.jar:11.0.24]
	at java.base/java.lang.Thread.run(Thread.java:840) ~[na:na]

2026-09-08T00:58:18.614+05:30 DEBUG 14276 --- [api-gateway] [nio-8082-exec-4] o.s.web.servlet.DispatcherServlet        : "ERROR" dispatch for GET "/error", parameters={}
2026-09-08T00:58:18.615+05:30 DEBUG 14276 --- [api-gateway] [nio-8082-exec-4] s.w.s.m.m.a.RequestMappingHandlerMapping : Mapped to org.springframework.boot.webmvc.autoconfigure.error.BasicErrorController#error(HttpServletRequest)
2026-09-08T00:58:18.615+05:30 DEBUG 14276 --- [api-gateway] [nio-8082-exec-4] o.s.w.s.m.m.a.HttpEntityMethodProcessor  : Using 'application/json', given [*/*] and supported [application/json, application/*+json]
2026-09-08T00:58:18.615+05:30 DEBUG 14276 --- [api-gateway] [nio-8082-exec-4] o.s.w.s.m.m.a.HttpEntityMethodProcessor  : Writing [{timestamp=Tue Sep 08 00:58:18 IST 2026, status=500, error=Internal Server Error, path=/rider-servic (truncated)...]
2026-09-08T00:58:18.616+05:30 DEBUG 14276 --- [api-gateway] [nio-8082-exec-4] o.s.web.servlet.DispatcherServlet        : Exiting from "ERROR" dispatch, status 500
2026-09-08T00:58:20.635+05:30 DEBUG 14276 --- [api-gateway] [nio-8082-exec-7] o.s.web.servlet.DispatcherServlet        : GET "/driver-service/drivers", parameters={}
2026-09-08T00:58:20.650+05:30 DEBUG 14276 --- [api-gateway] [nio-8082-exec-7] o.s.w.s.f.support.RouterFunctionMapping  : Mapped to org.springframework.web.servlet.function.HandlerFilterFunction$$Lambda$1275/0x00000140466c5c10@26e713b9
2026-09-08T00:58:20.652+05:30  WARN 14276 --- [api-gateway] [nio-8082-exec-7] o.s.c.l.core.RoundRobinLoadBalancer      : No servers available for service: driver-service
2026-09-08T00:58:20.653+05:30 DEBUG 14276 --- [api-gateway] [nio-8082-exec-7] o.s.web.servlet.DispatcherServlet        : Failed to complete request: org.springframework.web.client.HttpServerErrorException: 503 Unable to find instance for driver-service
2026-09-08T00:58:20.653+05:30 ERROR 14276 --- [api-gateway] [nio-8082-exec-7] o.a.c.c.C.[.[.[/].[dispatcherServlet]    : Servlet.service() for servlet [dispatcherServlet] in context with path [] threw exception [Request processing failed: org.springframework.web.client.HttpServerErrorException: 503 Unable to find instance for driver-service] with root cause

org.springframework.web.client.HttpServerErrorException: 503 Unable to find instance for driver-service
	at org.springframework.cloud.gateway.server.mvc.filter.LoadBalancerFilterFunctions.lambda$lb$5(LoadBalancerFilterFunctions.java:92) ~[spring-cloud-gateway-server-webmvc-5.0.3.jar:5.0.3]
	at org.springframework.web.servlet.function.HandlerFilterFunction.lambda$andThen$1(HandlerFilterFunction.java:58) ~[spring-webmvc-7.0.9.jar:7.0.9]
	at org.springframework.web.servlet.function.HandlerFilterFunction.lambda$ofRequestProcessor$0(HandlerFilterFunction.java:83) ~[spring-webmvc-7.0.9.jar:7.0.9]
	at org.springframework.web.servlet.function.HandlerFilterFunction.lambda$andThen$1(HandlerFilterFunction.java:58) ~[spring-webmvc-7.0.9.jar:7.0.9]
	at org.springframework.web.servlet.function.HandlerFilterFunction.lambda$ofRequestProcessor$0(HandlerFilterFunction.java:83) ~[spring-webmvc-7.0.9.jar:7.0.9]
	at org.springframework.web.servlet.function.HandlerFilterFunction.lambda$andThen$0(HandlerFilterFunction.java:59) ~[spring-webmvc-7.0.9.jar:7.0.9]
	at org.springframework.web.servlet.function.HandlerFilterFunction.lambda$andThen$0(HandlerFilterFunction.java:59) ~[spring-webmvc-7.0.9.jar:7.0.9]
	at org.springframework.web.servlet.function.HandlerFilterFunction.lambda$apply$0(HandlerFilterFunction.java:70) ~[spring-webmvc-7.0.9.jar:7.0.9]
	at org.springframework.web.servlet.function.support.HandlerFunctionAdapter.handle(HandlerFunctionAdapter.java:106) ~[spring-webmvc-7.0.9.jar:7.0.9]
	at org.springframework.web.servlet.DispatcherServlet.doDispatch(DispatcherServlet.java:963) ~[spring-webmvc-7.0.9.jar:7.0.9]
	at org.springframework.web.servlet.DispatcherServlet.doService(DispatcherServlet.java:866) ~[spring-webmvc-7.0.9.jar:7.0.9]
	at org.springframework.web.servlet.FrameworkServlet.processRequest(FrameworkServlet.java:1000) ~[spring-webmvc-7.0.9.jar:7.0.9]
	at org.springframework.web.servlet.FrameworkServlet.doGet(FrameworkServlet.java:892) ~[spring-webmvc-7.0.9.jar:7.0.9]
	at jakarta.servlet.http.HttpServlet.service(HttpServlet.java:622) ~[tomcat-embed-core-11.0.24.jar:6.1]
	at org.springframework.web.servlet.FrameworkServlet.service(FrameworkServlet.java:874) ~[spring-webmvc-7.0.9.jar:7.0.9]
	at jakarta.servlet.http.HttpServlet.service(HttpServlet.java:710) ~[tomcat-embed-core-11.0.24.jar:6.1]
	at org.apache.catalina.core.ApplicationFilterChain.doFilter(ApplicationFilterChain.java:132) ~[tomcat-embed-core-11.0.24.jar:11.0.24]
	at org.apache.tomcat.websocket.server.WsFilter.doFilter(WsFilter.java:59) ~[tomcat-embed-websocket-11.0.24.jar:11.0.24]
	at org.apache.catalina.core.ApplicationFilterChain.doFilter(ApplicationFilterChain.java:111) ~[tomcat-embed-core-11.0.24.jar:11.0.24]
	at org.springframework.cloud.gateway.server.mvc.filter.WeightCalculatorFilter.doFilter(WeightCalculatorFilter.java:233) ~[spring-cloud-gateway-server-webmvc-5.0.3.jar:5.0.3]
	at org.apache.catalina.core.ApplicationFilterChain.doFilter(ApplicationFilterChain.java:111) ~[tomcat-embed-core-11.0.24.jar:11.0.24]
	at org.springframework.cloud.gateway.server.mvc.filter.FormFilter.doFilter(FormFilter.java:93) ~[spring-cloud-gateway-server-webmvc-5.0.3.jar:5.0.3]
	at org.apache.catalina.core.ApplicationFilterChain.doFilter(ApplicationFilterChain.java:111) ~[tomcat-embed-core-11.0.24.jar:11.0.24]
	at org.springframework.web.filter.RequestContextFilter.doFilterInternal(RequestContextFilter.java:100) ~[spring-web-7.0.9.jar:7.0.9]
	at org.springframework.web.filter.OncePerRequestFilter.doFilter(OncePerRequestFilter.java:116) ~[spring-web-7.0.9.jar:7.0.9]
	at org.apache.catalina.core.ApplicationFilterChain.doFilter(ApplicationFilterChain.java:111) ~[tomcat-embed-core-11.0.24.jar:11.0.24]
	at org.springframework.web.filter.FormContentFilter.doFilterInternal(FormContentFilter.java:93) ~[spring-web-7.0.9.jar:7.0.9]
	at org.springframework.web.filter.OncePerRequestFilter.doFilter(OncePerRequestFilter.java:116) ~[spring-web-7.0.9.jar:7.0.9]
	at org.apache.catalina.core.ApplicationFilterChain.doFilter(ApplicationFilterChain.java:111) ~[tomcat-embed-core-11.0.24.jar:11.0.24]
	at org.springframework.web.filter.CharacterEncodingFilter.doFilterInternal(CharacterEncodingFilter.java:199) ~[spring-web-7.0.9.jar:7.0.9]
	at org.springframework.web.filter.OncePerRequestFilter.doFilter(OncePerRequestFilter.java:116) ~[spring-web-7.0.9.jar:7.0.9]
	at org.apache.catalina.core.ApplicationFilterChain.doFilter(ApplicationFilterChain.java:111) ~[tomcat-embed-core-11.0.24.jar:11.0.24]
	at org.apache.catalina.core.StandardWrapperValve.invoke(StandardWrapperValve.java:165) ~[tomcat-embed-core-11.0.24.jar:11.0.24]
	at org.apache.catalina.core.StandardContextValve.invoke(StandardContextValve.java:77) ~[tomcat-embed-core-11.0.24.jar:11.0.24]
	at org.apache.catalina.authenticator.AuthenticatorBase.invoke(AuthenticatorBase.java:535) ~[tomcat-embed-core-11.0.24.jar:11.0.24]
	at org.apache.catalina.core.StandardHostValve.invoke(StandardHostValve.java:115) ~[tomcat-embed-core-11.0.24.jar:11.0.24]
	at org.apache.catalina.valves.ErrorReportValve.invoke(ErrorReportValve.java:86) ~[tomcat-embed-core-11.0.24.jar:11.0.24]
	at org.apache.catalina.core.StandardEngineValve.invoke(StandardEngineValve.java:71) ~[tomcat-embed-core-11.0.24.jar:11.0.24]
	at org.apache.catalina.connector.CoyoteAdapter.service(CoyoteAdapter.java:347) ~[tomcat-embed-core-11.0.24.jar:11.0.24]
	at org.apache.coyote.http11.Http11Processor.service(Http11Processor.java:406) ~[tomcat-embed-core-11.0.24.jar:11.0.24]
	at org.apache.coyote.AbstractProcessorLight.process(AbstractProcessorLight.java:71) ~[tomcat-embed-core-11.0.24.jar:11.0.24]
	at org.apache.coyote.AbstractProtocol$ConnectionHandler.process(AbstractProtocol.java:1307) ~[tomcat-embed-core-11.0.24.jar:11.0.24]
	at org.apache.tomcat.util.net.NioEndpoint$SocketProcessor.doRun(NioEndpoint.java:2036) ~[tomcat-embed-core-11.0.24.jar:11.0.24]
	at org.apache.tomcat.util.net.SocketProcessorBase.run(SocketProcessorBase.java:74) ~[tomcat-embed-core-11.0.24.jar:11.0.24]
	at org.apache.tomcat.util.threads.ThreadPoolExecutor.runWorker(ThreadPoolExecutor.java:949) ~[tomcat-embed-core-11.0.24.jar:11.0.24]
	at org.apache.tomcat.util.threads.ThreadPoolExecutor$Worker.run(ThreadPoolExecutor.java:483) ~[tomcat-embed-core-11.0.24.jar:11.0.24]
	at org.apache.tomcat.util.threads.TaskThread$WrappingRunnable.run(TaskThread.java:74) ~[tomcat-embed-core-11.0.24.jar:11.0.24]
	at java.base/java.lang.Thread.run(Thread.java:840) ~[na:na]

2026-09-08T00:58:20.655+05:30 DEBUG 14276 --- [api-gateway] [nio-8082-exec-7] o.s.web.servlet.DispatcherServlet        : "ERROR" dispatch for GET "/error", parameters={}
2026-09-08T00:58:20.655+05:30 DEBUG 14276 --- [api-gateway] [nio-8082-exec-7] s.w.s.m.m.a.RequestMappingHandlerMapping : Mapped to org.springframework.boot.webmvc.autoconfigure.error.BasicErrorController#error(HttpServletRequest)
2026-09-08T00:58:20.656+05:30 DEBUG 14276 --- [api-gateway] [nio-8082-exec-7] o.s.w.s.m.m.a.HttpEntityMethodProcessor  : Using 'application/json', given [*/*] and supported [application/json, application/*+json]
2026-09-08T00:58:20.657+05:30 DEBUG 14276 --- [api-gateway] [nio-8082-exec-7] o.s.w.s.m.m.a.HttpEntityMethodProcessor  : Writing [{timestamp=Tue Sep 08 00:58:20 IST 2026, status=500, error=Internal Server Error, path=/driver-servi (truncated)...]
2026-09-08T00:58:20.658+05:30 DEBUG 14276 --- [api-gateway] [nio-8082-exec-7] o.s.web.servlet.DispatcherServlet        : Exiting from "ERROR" dispatch, status 500
2026-09-08T00:58:20.662+05:30 DEBUG 14276 --- [api-gateway] [nio-8082-exec-8] o.s.web.servlet.DispatcherServlet        : GET "/rider-service/riders", parameters={}
2026-09-08T00:58:20.663+05:30 DEBUG 14276 --- [api-gateway] [nio-8082-exec-8] o.s.w.s.f.support.RouterFunctionMapping  : Mapped to org.springframework.web.servlet.function.HandlerFilterFunction$$Lambda$1275/0x00000140466c5c10@16f13af4
2026-09-08T00:58:20.664+05:30  WARN 14276 --- [api-gateway] [nio-8082-exec-8] o.s.c.l.core.RoundRobinLoadBalancer      : No servers available for service: rider-service
2026-09-08T00:58:20.664+05:30 DEBUG 14276 --- [api-gateway] [nio-8082-exec-8] o.s.web.servlet.DispatcherServlet        : Failed to complete request: org.springframework.web.client.HttpServerErrorException: 503 Unable to find instance for rider-service
2026-09-08T00:58:20.665+05:30 ERROR 14276 --- [api-gateway] [nio-8082-exec-8] o.a.c.c.C.[.[.[/].[dispatcherServlet]    : Servlet.service() for servlet [dispatcherServlet] in context with path [] threw exception [Request processing failed: org.springframework.web.client.HttpServerErrorException: 503 Unable to find instance for rider-service] with root cause

org.springframework.web.client.HttpServerErrorException: 503 Unable to find instance for rider-service
	at org.springframework.cloud.gateway.server.mvc.filter.LoadBalancerFilterFunctions.lambda$lb$5(LoadBalancerFilterFunctions.java:92) ~[spring-cloud-gateway-server-webmvc-5.0.3.jar:5.0.3]
	at org.springframework.web.servlet.function.HandlerFilterFunction.lambda$andThen$1(HandlerFilterFunction.java:58) ~[spring-webmvc-7.0.9.jar:7.0.9]
	at org.springframework.web.servlet.function.HandlerFilterFunction.lambda$ofRequestProcessor$0(HandlerFilterFunction.java:83) ~[spring-webmvc-7.0.9.jar:7.0.9]
	at org.springframework.web.servlet.function.HandlerFilterFunction.lambda$andThen$1(HandlerFilterFunction.java:58) ~[spring-webmvc-7.0.9.jar:7.0.9]
	at org.springframework.web.servlet.function.HandlerFilterFunction.lambda$ofRequestProcessor$0(HandlerFilterFunction.java:83) ~[spring-webmvc-7.0.9.jar:7.0.9]
	at org.springframework.web.servlet.function.HandlerFilterFunction.lambda$andThen$0(HandlerFilterFunction.java:59) ~[spring-webmvc-7.0.9.jar:7.0.9]
	at org.springframework.web.servlet.function.HandlerFilterFunction.lambda$andThen$0(HandlerFilterFunction.java:59) ~[spring-webmvc-7.0.9.jar:7.0.9]
	at org.springframework.web.servlet.function.HandlerFilterFunction.lambda$apply$0(HandlerFilterFunction.java:70) ~[spring-webmvc-7.0.9.jar:7.0.9]
	at org.springframework.web.servlet.function.support.HandlerFunctionAdapter.handle(HandlerFunctionAdapter.java:106) ~[spring-webmvc-7.0.9.jar:7.0.9]
	at org.springframework.web.servlet.DispatcherServlet.doDispatch(DispatcherServlet.java:963) ~[spring-webmvc-7.0.9.jar:7.0.9]
	at org.springframework.web.servlet.DispatcherServlet.doService(DispatcherServlet.java:866) ~[spring-webmvc-7.0.9.jar:7.0.9]
	at org.springframework.web.servlet.FrameworkServlet.processRequest(FrameworkServlet.java:1000) ~[spring-webmvc-7.0.9.jar:7.0.9]
	at org.springframework.web.servlet.FrameworkServlet.doGet(FrameworkServlet.java:892) ~[spring-webmvc-7.0.9.jar:7.0.9]
	at jakarta.servlet.http.HttpServlet.service(HttpServlet.java:622) ~[tomcat-embed-core-11.0.24.jar:6.1]
	at org.springframework.web.servlet.FrameworkServlet.service(FrameworkServlet.java:874) ~[spring-webmvc-7.0.9.jar:7.0.9]
	at jakarta.servlet.http.HttpServlet.service(HttpServlet.java:710) ~[tomcat-embed-core-11.0.24.jar:6.1]
	at org.apache.catalina.core.ApplicationFilterChain.doFilter(ApplicationFilterChain.java:132) ~[tomcat-embed-core-11.0.24.jar:11.0.24]
	at org.apache.tomcat.websocket.server.WsFilter.doFilter(WsFilter.java:59) ~[tomcat-embed-websocket-11.0.24.jar:11.0.24]
	at org.apache.catalina.core.ApplicationFilterChain.doFilter(ApplicationFilterChain.java:111) ~[tomcat-embed-core-11.0.24.jar:11.0.24]
	at org.springframework.cloud.gateway.server.mvc.filter.WeightCalculatorFilter.doFilter(WeightCalculatorFilter.java:233) ~[spring-cloud-gateway-server-webmvc-5.0.3.jar:5.0.3]
	at org.apache.catalina.core.ApplicationFilterChain.doFilter(ApplicationFilterChain.java:111) ~[tomcat-embed-core-11.0.24.jar:11.0.24]
	at org.springframework.cloud.gateway.server.mvc.filter.FormFilter.doFilter(FormFilter.java:93) ~[spring-cloud-gateway-server-webmvc-5.0.3.jar:5.0.3]
	at org.apache.catalina.core.ApplicationFilterChain.doFilter(ApplicationFilterChain.java:111) ~[tomcat-embed-core-11.0.24.jar:11.0.24]
	at org.springframework.web.filter.RequestContextFilter.doFilterInternal(RequestContextFilter.java:100) ~[spring-web-7.0.9.jar:7.0.9]
	at org.springframework.web.filter.OncePerRequestFilter.doFilter(OncePerRequestFilter.java:116) ~[spring-web-7.0.9.jar:7.0.9]
	at org.apache.catalina.core.ApplicationFilterChain.doFilter(ApplicationFilterChain.java:111) ~[tomcat-embed-core-11.0.24.jar:11.0.24]
	at org.springframework.web.filter.FormContentFilter.doFilterInternal(FormContentFilter.java:93) ~[spring-web-7.0.9.jar:7.0.9]
	at org.springframework.web.filter.OncePerRequestFilter.doFilter(OncePerRequestFilter.java:116) ~[spring-web-7.0.9.jar:7.0.9]
	at org.apache.catalina.core.ApplicationFilterChain.doFilter(ApplicationFilterChain.java:111) ~[tomcat-embed-core-11.0.24.jar:11.0.24]
	at org.springframework.web.filter.CharacterEncodingFilter.doFilterInternal(CharacterEncodingFilter.java:199) ~[spring-web-7.0.9.jar:7.0.9]
	at org.springframework.web.filter.OncePerRequestFilter.doFilter(OncePerRequestFilter.java:116) ~[spring-web-7.0.9.jar:7.0.9]
	at org.apache.catalina.core.ApplicationFilterChain.doFilter(ApplicationFilterChain.java:111) ~[tomcat-embed-core-11.0.24.jar:11.0.24]
	at org.apache.catalina.core.StandardWrapperValve.invoke(StandardWrapperValve.java:165) ~[tomcat-embed-core-11.0.24.jar:11.0.24]
	at org.apache.catalina.core.StandardContextValve.invoke(StandardContextValve.java:77) ~[tomcat-embed-core-11.0.24.jar:11.0.24]
	at org.apache.catalina.authenticator.AuthenticatorBase.invoke(AuthenticatorBase.java:535) ~[tomcat-embed-core-11.0.24.jar:11.0.24]
	at org.apache.catalina.core.StandardHostValve.invoke(StandardHostValve.java:115) ~[tomcat-embed-core-11.0.24.jar:11.0.24]
	at org.apache.catalina.valves.ErrorReportValve.invoke(ErrorReportValve.java:86) ~[tomcat-embed-core-11.0.24.jar:11.0.24]
	at org.apache.catalina.core.StandardEngineValve.invoke(StandardEngineValve.java:71) ~[tomcat-embed-core-11.0.24.jar:11.0.24]
	at org.apache.catalina.connector.CoyoteAdapter.service(CoyoteAdapter.java:347) ~[tomcat-embed-core-11.0.24.jar:11.0.24]
	at org.apache.coyote.http11.Http11Processor.service(Http11Processor.java:406) ~[tomcat-embed-core-11.0.24.jar:11.0.24]
	at org.apache.coyote.AbstractProcessorLight.process(AbstractProcessorLight.java:71) ~[tomcat-embed-core-11.0.24.jar:11.0.24]
	at org.apache.coyote.AbstractProtocol$ConnectionHandler.process(AbstractProtocol.java:1307) ~[tomcat-embed-core-11.0.24.jar:11.0.24]
	at org.apache.tomcat.util.net.NioEndpoint$SocketProcessor.doRun(NioEndpoint.java:2036) ~[tomcat-embed-core-11.0.24.jar:11.0.24]
	at org.apache.tomcat.util.net.SocketProcessorBase.run(SocketProcessorBase.java:74) ~[tomcat-embed-core-11.0.24.jar:11.0.24]
	at org.apache.tomcat.util.threads.ThreadPoolExecutor.runWorker(ThreadPoolExecutor.java:949) ~[tomcat-embed-core-11.0.24.jar:11.0.24]
	at org.apache.tomcat.util.threads.ThreadPoolExecutor$Worker.run(ThreadPoolExecutor.java:483) ~[tomcat-embed-core-11.0.24.jar:11.0.24]
	at org.apache.tomcat.util.threads.TaskThread$WrappingRunnable.run(TaskThread.java:74) ~[tomcat-embed-core-11.0.24.jar:11.0.24]
	at java.base/java.lang.Thread.run(Thread.java:840) ~[na:na]

2026-09-08T00:58:20.666+05:30 DEBUG 14276 --- [api-gateway] [nio-8082-exec-8] o.s.web.servlet.DispatcherServlet        : "ERROR" dispatch for GET "/error", parameters={}
2026-09-08T00:58:20.666+05:30 DEBUG 14276 --- [api-gateway] [nio-8082-exec-8] s.w.s.m.m.a.RequestMappingHandlerMapping : Mapped to org.springframework.boot.webmvc.autoconfigure.error.BasicErrorController#error(HttpServletRequest)
2026-09-08T00:58:20.667+05:30 DEBUG 14276 --- [api-gateway] [nio-8082-exec-8] o.s.w.s.m.m.a.HttpEntityMethodProcessor  : Using 'application/json', given [*/*] and supported [application/json, application/*+json]
2026-09-08T00:58:20.667+05:30 DEBUG 14276 --- [api-gateway] [nio-8082-exec-8] o.s.w.s.m.m.a.HttpEntityMethodProcessor  : Writing [{timestamp=Tue Sep 08 00:58:20 IST 2026, status=500, error=Internal Server Error, path=/rider-servic (truncated)...]
2026-09-08T00:58:20.668+05:30 DEBUG 14276 --- [api-gateway] [nio-8082-exec-8] o.s.web.servlet.DispatcherServlet        : Exiting from "ERROR" dispatch, status 500
2026-09-08T00:58:22.680+05:30 DEBUG 14276 --- [api-gateway] [nio-8082-exec-2] o.s.web.servlet.DispatcherServlet        : GET "/driver-service/drivers", parameters={}
2026-09-08T00:58:22.695+05:30 DEBUG 14276 --- [api-gateway] [nio-8082-exec-2] o.s.w.s.f.support.RouterFunctionMapping  : Mapped to org.springframework.web.servlet.function.HandlerFilterFunction$$Lambda$1275/0x00000140466c5c10@7e038f3f
2026-09-08T00:58:22.697+05:30  WARN 14276 --- [api-gateway] [nio-8082-exec-2] o.s.c.l.core.RoundRobinLoadBalancer      : No servers available for service: driver-service
2026-09-08T00:58:22.698+05:30 DEBUG 14276 --- [api-gateway] [nio-8082-exec-2] o.s.web.servlet.DispatcherServlet        : Failed to complete request: org.springframework.web.client.HttpServerErrorException: 503 Unable to find instance for driver-service
2026-09-08T00:58:22.698+05:30 ERROR 14276 --- [api-gateway] [nio-8082-exec-2] o.a.c.c.C.[.[.[/].[dispatcherServlet]    : Servlet.service() for servlet [dispatcherServlet] in context with path [] threw exception [Request processing failed: org.springframework.web.client.HttpServerErrorException: 503 Unable to find instance for driver-service] with root cause

org.springframework.web.client.HttpServerErrorException: 503 Unable to find instance for driver-service
	at org.springframework.cloud.gateway.server.mvc.filter.LoadBalancerFilterFunctions.lambda$lb$5(LoadBalancerFilterFunctions.java:92) ~[spring-cloud-gateway-server-webmvc-5.0.3.jar:5.0.3]
	at org.springframework.web.servlet.function.HandlerFilterFunction.lambda$andThen$1(HandlerFilterFunction.java:58) ~[spring-webmvc-7.0.9.jar:7.0.9]
	at org.springframework.web.servlet.function.HandlerFilterFunction.lambda$ofRequestProcessor$0(HandlerFilterFunction.java:83) ~[spring-webmvc-7.0.9.jar:7.0.9]
	at org.springframework.web.servlet.function.HandlerFilterFunction.lambda$andThen$1(HandlerFilterFunction.java:58) ~[spring-webmvc-7.0.9.jar:7.0.9]
	at org.springframework.web.servlet.function.HandlerFilterFunction.lambda$ofRequestProcessor$0(HandlerFilterFunction.java:83) ~[spring-webmvc-7.0.9.jar:7.0.9]
	at org.springframework.web.servlet.function.HandlerFilterFunction.lambda$andThen$0(HandlerFilterFunction.java:59) ~[spring-webmvc-7.0.9.jar:7.0.9]
	at org.springframework.web.servlet.function.HandlerFilterFunction.lambda$andThen$0(HandlerFilterFunction.java:59) ~[spring-webmvc-7.0.9.jar:7.0.9]
	at org.springframework.web.servlet.function.HandlerFilterFunction.lambda$apply$0(HandlerFilterFunction.java:70) ~[spring-webmvc-7.0.9.jar:7.0.9]
	at org.springframework.web.servlet.function.support.HandlerFunctionAdapter.handle(HandlerFunctionAdapter.java:106) ~[spring-webmvc-7.0.9.jar:7.0.9]
	at org.springframework.web.servlet.DispatcherServlet.doDispatch(DispatcherServlet.java:963) ~[spring-webmvc-7.0.9.jar:7.0.9]
	at org.springframework.web.servlet.DispatcherServlet.doService(DispatcherServlet.java:866) ~[spring-webmvc-7.0.9.jar:7.0.9]
	at org.springframework.web.servlet.FrameworkServlet.processRequest(FrameworkServlet.java:1000) ~[spring-webmvc-7.0.9.jar:7.0.9]
	at org.springframework.web.servlet.FrameworkServlet.doGet(FrameworkServlet.java:892) ~[spring-webmvc-7.0.9.jar:7.0.9]
	at jakarta.servlet.http.HttpServlet.service(HttpServlet.java:622) ~[tomcat-embed-core-11.0.24.jar:6.1]
	at org.springframework.web.servlet.FrameworkServlet.service(FrameworkServlet.java:874) ~[spring-webmvc-7.0.9.jar:7.0.9]
	at jakarta.servlet.http.HttpServlet.service(HttpServlet.java:710) ~[tomcat-embed-core-11.0.24.jar:6.1]
	at org.apache.catalina.core.ApplicationFilterChain.doFilter(ApplicationFilterChain.java:132) ~[tomcat-embed-core-11.0.24.jar:11.0.24]
	at org.apache.tomcat.websocket.server.WsFilter.doFilter(WsFilter.java:59) ~[tomcat-embed-websocket-11.0.24.jar:11.0.24]
	at org.apache.catalina.core.ApplicationFilterChain.doFilter(ApplicationFilterChain.java:111) ~[tomcat-embed-core-11.0.24.jar:11.0.24]
	at org.springframework.cloud.gateway.server.mvc.filter.WeightCalculatorFilter.doFilter(WeightCalculatorFilter.java:233) ~[spring-cloud-gateway-server-webmvc-5.0.3.jar:5.0.3]
	at org.apache.catalina.core.ApplicationFilterChain.doFilter(ApplicationFilterChain.java:111) ~[tomcat-embed-core-11.0.24.jar:11.0.24]
	at org.springframework.cloud.gateway.server.mvc.filter.FormFilter.doFilter(FormFilter.java:93) ~[spring-cloud-gateway-server-webmvc-5.0.3.jar:5.0.3]
	at org.apache.catalina.core.ApplicationFilterChain.doFilter(ApplicationFilterChain.java:111) ~[tomcat-embed-core-11.0.24.jar:11.0.24]
	at org.springframework.web.filter.RequestContextFilter.doFilterInternal(RequestContextFilter.java:100) ~[spring-web-7.0.9.jar:7.0.9]
	at org.springframework.web.filter.OncePerRequestFilter.doFilter(OncePerRequestFilter.java:116) ~[spring-web-7.0.9.jar:7.0.9]
	at org.apache.catalina.core.ApplicationFilterChain.doFilter(ApplicationFilterChain.java:111) ~[tomcat-embed-core-11.0.24.jar:11.0.24]
	at org.springframework.web.filter.FormContentFilter.doFilterInternal(FormContentFilter.java:93) ~[spring-web-7.0.9.jar:7.0.9]
	at org.springframework.web.filter.OncePerRequestFilter.doFilter(OncePerRequestFilter.java:116) ~[spring-web-7.0.9.jar:7.0.9]
	at org.apache.catalina.core.ApplicationFilterChain.doFilter(ApplicationFilterChain.java:111) ~[tomcat-embed-core-11.0.24.jar:11.0.24]
	at org.springframework.web.filter.CharacterEncodingFilter.doFilterInternal(CharacterEncodingFilter.java:199) ~[spring-web-7.0.9.jar:7.0.9]
	at org.springframework.web.filter.OncePerRequestFilter.doFilter(OncePerRequestFilter.java:116) ~[spring-web-7.0.9.jar:7.0.9]
	at org.apache.catalina.core.ApplicationFilterChain.doFilter(ApplicationFilterChain.java:111) ~[tomcat-embed-core-11.0.24.jar:11.0.24]
	at org.apache.catalina.core.StandardWrapperValve.invoke(StandardWrapperValve.java:165) ~[tomcat-embed-core-11.0.24.jar:11.0.24]
	at org.apache.catalina.core.StandardContextValve.invoke(StandardContextValve.java:77) ~[tomcat-embed-core-11.0.24.jar:11.0.24]
	at org.apache.catalina.authenticator.AuthenticatorBase.invoke(AuthenticatorBase.java:535) ~[tomcat-embed-core-11.0.24.jar:11.0.24]
	at org.apache.catalina.core.StandardHostValve.invoke(StandardHostValve.java:115) ~[tomcat-embed-core-11.0.24.jar:11.0.24]
	at org.apache.catalina.valves.ErrorReportValve.invoke(ErrorReportValve.java:86) ~[tomcat-embed-core-11.0.24.jar:11.0.24]
	at org.apache.catalina.core.StandardEngineValve.invoke(StandardEngineValve.java:71) ~[tomcat-embed-core-11.0.24.jar:11.0.24]
	at org.apache.catalina.connector.CoyoteAdapter.service(CoyoteAdapter.java:347) ~[tomcat-embed-core-11.0.24.jar:11.0.24]
	at org.apache.coyote.http11.Http11Processor.service(Http11Processor.java:406) ~[tomcat-embed-core-11.0.24.jar:11.0.24]
	at org.apache.coyote.AbstractProcessorLight.process(AbstractProcessorLight.java:71) ~[tomcat-embed-core-11.0.24.jar:11.0.24]
	at org.apache.coyote.AbstractProtocol$ConnectionHandler.process(AbstractProtocol.java:1307) ~[tomcat-embed-core-11.0.24.jar:11.0.24]
	at org.apache.tomcat.util.net.NioEndpoint$SocketProcessor.doRun(NioEndpoint.java:2036) ~[tomcat-embed-core-11.0.24.jar:11.0.24]
	at org.apache.tomcat.util.net.SocketProcessorBase.run(SocketProcessorBase.java:74) ~[tomcat-embed-core-11.0.24.jar:11.0.24]
	at org.apache.tomcat.util.threads.ThreadPoolExecutor.runWorker(ThreadPoolExecutor.java:949) ~[tomcat-embed-core-11.0.24.jar:11.0.24]
	at org.apache.tomcat.util.threads.ThreadPoolExecutor$Worker.run(ThreadPoolExecutor.java:483) ~[tomcat-embed-core-11.0.24.jar:11.0.24]
	at org.apache.tomcat.util.threads.TaskThread$WrappingRunnable.run(TaskThread.java:74) ~[tomcat-embed-core-11.0.24.jar:11.0.24]
	at java.base/java.lang.Thread.run(Thread.java:840) ~[na:na]

2026-09-08T00:58:22.700+05:30 DEBUG 14276 --- [api-gateway] [nio-8082-exec-2] o.s.web.servlet.DispatcherServlet        : "ERROR" dispatch for GET "/error", parameters={}
2026-09-08T00:58:22.701+05:30 DEBUG 14276 --- [api-gateway] [nio-8082-exec-2] s.w.s.m.m.a.RequestMappingHandlerMapping : Mapped to org.springframework.boot.webmvc.autoconfigure.error.BasicErrorController#error(HttpServletRequest)
2026-09-08T00:58:22.701+05:30 DEBUG 14276 --- [api-gateway] [nio-8082-exec-2] o.s.w.s.m.m.a.HttpEntityMethodProcessor  : Using 'application/json', given [*/*] and supported [application/json, application/*+json]
2026-09-08T00:58:22.702+05:30 DEBUG 14276 --- [api-gateway] [nio-8082-exec-2] o.s.w.s.m.m.a.HttpEntityMethodProcessor  : Writing [{timestamp=Tue Sep 08 00:58:22 IST 2026, status=500, error=Internal Server Error, path=/driver-servi (truncated)...]
2026-09-08T00:58:22.703+05:30 DEBUG 14276 --- [api-gateway] [nio-8082-exec-2] o.s.web.servlet.DispatcherServlet        : Exiting from "ERROR" dispatch, status 500
2026-09-08T00:58:22.707+05:30 DEBUG 14276 --- [api-gateway] [nio-8082-exec-5] o.s.web.servlet.DispatcherServlet        : GET "/rider-service/riders", parameters={}
2026-09-08T00:58:22.707+05:30 DEBUG 14276 --- [api-gateway] [nio-8082-exec-5] o.s.w.s.f.support.RouterFunctionMapping  : Mapped to org.springframework.web.servlet.function.HandlerFilterFunction$$Lambda$1275/0x00000140466c5c10@3740699d
2026-09-08T00:58:22.708+05:30  WARN 14276 --- [api-gateway] [nio-8082-exec-5] o.s.c.l.core.RoundRobinLoadBalancer      : No servers available for service: rider-service
2026-09-08T00:58:22.710+05:30 DEBUG 14276 --- [api-gateway] [nio-8082-exec-5] o.s.web.servlet.DispatcherServlet        : Failed to complete request: org.springframework.web.client.HttpServerErrorException: 503 Unable to find instance for rider-service
2026-09-08T00:58:22.710+05:30 ERROR 14276 --- [api-gateway] [nio-8082-exec-5] o.a.c.c.C.[.[.[/].[dispatcherServlet]    : Servlet.service() for servlet [dispatcherServlet] in context with path [] threw exception [Request processing failed: org.springframework.web.client.HttpServerErrorException: 503 Unable to find instance for rider-service] with root cause

org.springframework.web.client.HttpServerErrorException: 503 Unable to find instance for rider-service
	at org.springframework.cloud.gateway.server.mvc.filter.LoadBalancerFilterFunctions.lambda$lb$5(LoadBalancerFilterFunctions.java:92) ~[spring-cloud-gateway-server-webmvc-5.0.3.jar:5.0.3]
	at org.springframework.web.servlet.function.HandlerFilterFunction.lambda$andThen$1(HandlerFilterFunction.java:58) ~[spring-webmvc-7.0.9.jar:7.0.9]
	at org.springframework.web.servlet.function.HandlerFilterFunction.lambda$ofRequestProcessor$0(HandlerFilterFunction.java:83) ~[spring-webmvc-7.0.9.jar:7.0.9]
	at org.springframework.web.servlet.function.HandlerFilterFunction.lambda$andThen$1(HandlerFilterFunction.java:58) ~[spring-webmvc-7.0.9.jar:7.0.9]
	at org.springframework.web.servlet.function.HandlerFilterFunction.lambda$ofRequestProcessor$0(HandlerFilterFunction.java:83) ~[spring-webmvc-7.0.9.jar:7.0.9]
	at org.springframework.web.servlet.function.HandlerFilterFunction.lambda$andThen$0(HandlerFilterFunction.java:59) ~[spring-webmvc-7.0.9.jar:7.0.9]
	at org.springframework.web.servlet.function.HandlerFilterFunction.lambda$andThen$0(HandlerFilterFunction.java:59) ~[spring-webmvc-7.0.9.jar:7.0.9]
	at org.springframework.web.servlet.function.HandlerFilterFunction.lambda$apply$0(HandlerFilterFunction.java:70) ~[spring-webmvc-7.0.9.jar:7.0.9]
	at org.springframework.web.servlet.function.support.HandlerFunctionAdapter.handle(HandlerFunctionAdapter.java:106) ~[spring-webmvc-7.0.9.jar:7.0.9]
	at org.springframework.web.servlet.DispatcherServlet.doDispatch(DispatcherServlet.java:963) ~[spring-webmvc-7.0.9.jar:7.0.9]
	at org.springframework.web.servlet.DispatcherServlet.doService(DispatcherServlet.java:866) ~[spring-webmvc-7.0.9.jar:7.0.9]
	at org.springframework.web.servlet.FrameworkServlet.processRequest(FrameworkServlet.java:1000) ~[spring-webmvc-7.0.9.jar:7.0.9]
	at org.springframework.web.servlet.FrameworkServlet.doGet(FrameworkServlet.java:892) ~[spring-webmvc-7.0.9.jar:7.0.9]
	at jakarta.servlet.http.HttpServlet.service(HttpServlet.java:622) ~[tomcat-embed-core-11.0.24.jar:6.1]
	at org.springframework.web.servlet.FrameworkServlet.service(FrameworkServlet.java:874) ~[spring-webmvc-7.0.9.jar:7.0.9]
	at jakarta.servlet.http.HttpServlet.service(HttpServlet.java:710) ~[tomcat-embed-core-11.0.24.jar:6.1]
	at org.apache.catalina.core.ApplicationFilterChain.doFilter(ApplicationFilterChain.java:132) ~[tomcat-embed-core-11.0.24.jar:11.0.24]
	at org.apache.tomcat.websocket.server.WsFilter.doFilter(WsFilter.java:59) ~[tomcat-embed-websocket-11.0.24.jar:11.0.24]
	at org.apache.catalina.core.ApplicationFilterChain.doFilter(ApplicationFilterChain.java:111) ~[tomcat-embed-core-11.0.24.jar:11.0.24]
	at org.springframework.cloud.gateway.server.mvc.filter.WeightCalculatorFilter.doFilter(WeightCalculatorFilter.java:233) ~[spring-cloud-gateway-server-webmvc-5.0.3.jar:5.0.3]
	at org.apache.catalina.core.ApplicationFilterChain.doFilter(ApplicationFilterChain.java:111) ~[tomcat-embed-core-11.0.24.jar:11.0.24]
	at org.springframework.cloud.gateway.server.mvc.filter.FormFilter.doFilter(FormFilter.java:93) ~[spring-cloud-gateway-server-webmvc-5.0.3.jar:5.0.3]
	at org.apache.catalina.core.ApplicationFilterChain.doFilter(ApplicationFilterChain.java:111) ~[tomcat-embed-core-11.0.24.jar:11.0.24]
	at org.springframework.web.filter.RequestContextFilter.doFilterInternal(RequestContextFilter.java:100) ~[spring-web-7.0.9.jar:7.0.9]
	at org.springframework.web.filter.OncePerRequestFilter.doFilter(OncePerRequestFilter.java:116) ~[spring-web-7.0.9.jar:7.0.9]
	at org.apache.catalina.core.ApplicationFilterChain.doFilter(ApplicationFilterChain.java:111) ~[tomcat-embed-core-11.0.24.jar:11.0.24]
	at org.springframework.web.filter.FormContentFilter.doFilterInternal(FormContentFilter.java:93) ~[spring-web-7.0.9.jar:7.0.9]
	at org.springframework.web.filter.OncePerRequestFilter.doFilter(OncePerRequestFilter.java:116) ~[spring-web-7.0.9.jar:7.0.9]
	at org.apache.catalina.core.ApplicationFilterChain.doFilter(ApplicationFilterChain.java:111) ~[tomcat-embed-core-11.0.24.jar:11.0.24]
	at org.springframework.web.filter.CharacterEncodingFilter.doFilterInternal(CharacterEncodingFilter.java:199) ~[spring-web-7.0.9.jar:7.0.9]
	at org.springframework.web.filter.OncePerRequestFilter.doFilter(OncePerRequestFilter.java:116) ~[spring-web-7.0.9.jar:7.0.9]
	at org.apache.catalina.core.ApplicationFilterChain.doFilter(ApplicationFilterChain.java:111) ~[tomcat-embed-core-11.0.24.jar:11.0.24]
	at org.apache.catalina.core.StandardWrapperValve.invoke(StandardWrapperValve.java:165) ~[tomcat-embed-core-11.0.24.jar:11.0.24]
	at org.apache.catalina.core.StandardContextValve.invoke(StandardContextValve.java:77) ~[tomcat-embed-core-11.0.24.jar:11.0.24]
	at org.apache.catalina.authenticator.AuthenticatorBase.invoke(AuthenticatorBase.java:535) ~[tomcat-embed-core-11.0.24.jar:11.0.24]
	at org.apache.catalina.core.StandardHostValve.invoke(StandardHostValve.java:115) ~[tomcat-embed-core-11.0.24.jar:11.0.24]
	at org.apache.catalina.valves.ErrorReportValve.invoke(ErrorReportValve.java:86) ~[tomcat-embed-core-11.0.24.jar:11.0.24]
	at org.apache.catalina.core.StandardEngineValve.invoke(StandardEngineValve.java:71) ~[tomcat-embed-core-11.0.24.jar:11.0.24]
	at org.apache.catalina.connector.CoyoteAdapter.service(CoyoteAdapter.java:347) ~[tomcat-embed-core-11.0.24.jar:11.0.24]
	at org.apache.coyote.http11.Http11Processor.service(Http11Processor.java:406) ~[tomcat-embed-core-11.0.24.jar:11.0.24]
	at org.apache.coyote.AbstractProcessorLight.process(AbstractProcessorLight.java:71) ~[tomcat-embed-core-11.0.24.jar:11.0.24]
	at org.apache.coyote.AbstractProtocol$ConnectionHandler.process(AbstractProtocol.java:1307) ~[tomcat-embed-core-11.0.24.jar:11.0.24]
	at org.apache.tomcat.util.net.NioEndpoint$SocketProcessor.doRun(NioEndpoint.java:2036) ~[tomcat-embed-core-11.0.24.jar:11.0.24]
	at org.apache.tomcat.util.net.SocketProcessorBase.run(SocketProcessorBase.java:74) ~[tomcat-embed-core-11.0.24.jar:11.0.24]
	at org.apache.tomcat.util.threads.ThreadPoolExecutor.runWorker(ThreadPoolExecutor.java:949) ~[tomcat-embed-core-11.0.24.jar:11.0.24]
	at org.apache.tomcat.util.threads.ThreadPoolExecutor$Worker.run(ThreadPoolExecutor.java:483) ~[tomcat-embed-core-11.0.24.jar:11.0.24]
	at org.apache.tomcat.util.threads.TaskThread$WrappingRunnable.run(TaskThread.java:74) ~[tomcat-embed-core-11.0.24.jar:11.0.24]
	at java.base/java.lang.Thread.run(Thread.java:840) ~[na:na]

2026-09-08T00:58:22.711+05:30 DEBUG 14276 --- [api-gateway] [nio-8082-exec-5] o.s.web.servlet.DispatcherServlet        : "ERROR" dispatch for GET "/error", parameters={}
2026-09-08T00:58:22.712+05:30 DEBUG 14276 --- [api-gateway] [nio-8082-exec-5] s.w.s.m.m.a.RequestMappingHandlerMapping : Mapped to org.springframework.boot.webmvc.autoconfigure.error.BasicErrorController#error(HttpServletRequest)
2026-09-08T00:58:22.712+05:30 DEBUG 14276 --- [api-gateway] [nio-8082-exec-5] o.s.w.s.m.m.a.HttpEntityMethodProcessor  : Using 'application/json', given [*/*] and supported [application/json, application/*+json]
2026-09-08T00:58:22.713+05:30 DEBUG 14276 --- [api-gateway] [nio-8082-exec-5] o.s.w.s.m.m.a.HttpEntityMethodProcessor  : Writing [{timestamp=Tue Sep 08 00:58:22 IST 2026, status=500, error=Internal Server Error, path=/rider-servic (truncated)...]
2026-09-08T00:58:22.714+05:30 DEBUG 14276 --- [api-gateway] [nio-8082-exec-5] o.s.web.servlet.DispatcherServlet        : Exiting from "ERROR" dispatch, status 500
2026-09-08T00:58:24.729+05:30 DEBUG 14276 --- [api-gateway] [nio-8082-exec-1] o.s.web.servlet.DispatcherServlet        : GET "/driver-service/drivers", parameters={}
2026-09-08T00:58:24.744+05:30 DEBUG 14276 --- [api-gateway] [nio-8082-exec-1] o.s.w.s.f.support.RouterFunctionMapping  : Mapped to org.springframework.web.servlet.function.HandlerFilterFunction$$Lambda$1275/0x00000140466c5c10@2bc87621
2026-09-08T00:58:24.746+05:30  WARN 14276 --- [api-gateway] [nio-8082-exec-1] o.s.c.l.core.RoundRobinLoadBalancer      : No servers available for service: driver-service
2026-09-08T00:58:24.747+05:30 DEBUG 14276 --- [api-gateway] [nio-8082-exec-1] o.s.web.servlet.DispatcherServlet        : Failed to complete request: org.springframework.web.client.HttpServerErrorException: 503 Unable to find instance for driver-service
2026-09-08T00:58:24.748+05:30 ERROR 14276 --- [api-gateway] [nio-8082-exec-1] o.a.c.c.C.[.[.[/].[dispatcherServlet]    : Servlet.service() for servlet [dispatcherServlet] in context with path [] threw exception [Request processing failed: org.springframework.web.client.HttpServerErrorException: 503 Unable to find instance for driver-service] with root cause

org.springframework.web.client.HttpServerErrorException: 503 Unable to find instance for driver-service
	at org.springframework.cloud.gateway.server.mvc.filter.LoadBalancerFilterFunctions.lambda$lb$5(LoadBalancerFilterFunctions.java:92) ~[spring-cloud-gateway-server-webmvc-5.0.3.jar:5.0.3]
	at org.springframework.web.servlet.function.HandlerFilterFunction.lambda$andThen$1(HandlerFilterFunction.java:58) ~[spring-webmvc-7.0.9.jar:7.0.9]
	at org.springframework.web.servlet.function.HandlerFilterFunction.lambda$ofRequestProcessor$0(HandlerFilterFunction.java:83) ~[spring-webmvc-7.0.9.jar:7.0.9]
	at org.springframework.web.servlet.function.HandlerFilterFunction.lambda$andThen$1(HandlerFilterFunction.java:58) ~[spring-webmvc-7.0.9.jar:7.0.9]
	at org.springframework.web.servlet.function.HandlerFilterFunction.lambda$ofRequestProcessor$0(HandlerFilterFunction.java:83) ~[spring-webmvc-7.0.9.jar:7.0.9]
	at org.springframework.web.servlet.function.HandlerFilterFunction.lambda$andThen$0(HandlerFilterFunction.java:59) ~[spring-webmvc-7.0.9.jar:7.0.9]
	at org.springframework.web.servlet.function.HandlerFilterFunction.lambda$andThen$0(HandlerFilterFunction.java:59) ~[spring-webmvc-7.0.9.jar:7.0.9]
	at org.springframework.web.servlet.function.HandlerFilterFunction.lambda$apply$0(HandlerFilterFunction.java:70) ~[spring-webmvc-7.0.9.jar:7.0.9]
	at org.springframework.web.servlet.function.support.HandlerFunctionAdapter.handle(HandlerFunctionAdapter.java:106) ~[spring-webmvc-7.0.9.jar:7.0.9]
	at org.springframework.web.servlet.DispatcherServlet.doDispatch(DispatcherServlet.java:963) ~[spring-webmvc-7.0.9.jar:7.0.9]
	at org.springframework.web.servlet.DispatcherServlet.doService(DispatcherServlet.java:866) ~[spring-webmvc-7.0.9.jar:7.0.9]
	at org.springframework.web.servlet.FrameworkServlet.processRequest(FrameworkServlet.java:1000) ~[spring-webmvc-7.0.9.jar:7.0.9]
	at org.springframework.web.servlet.FrameworkServlet.doGet(FrameworkServlet.java:892) ~[spring-webmvc-7.0.9.jar:7.0.9]
	at jakarta.servlet.http.HttpServlet.service(HttpServlet.java:622) ~[tomcat-embed-core-11.0.24.jar:6.1]
	at org.springframework.web.servlet.FrameworkServlet.service(FrameworkServlet.java:874) ~[spring-webmvc-7.0.9.jar:7.0.9]
	at jakarta.servlet.http.HttpServlet.service(HttpServlet.java:710) ~[tomcat-embed-core-11.0.24.jar:6.1]
	at org.apache.catalina.core.ApplicationFilterChain.doFilter(ApplicationFilterChain.java:132) ~[tomcat-embed-core-11.0.24.jar:11.0.24]
	at org.apache.tomcat.websocket.server.WsFilter.doFilter(WsFilter.java:59) ~[tomcat-embed-websocket-11.0.24.jar:11.0.24]
	at org.apache.catalina.core.ApplicationFilterChain.doFilter(ApplicationFilterChain.java:111) ~[tomcat-embed-core-11.0.24.jar:11.0.24]
	at org.springframework.cloud.gateway.server.mvc.filter.WeightCalculatorFilter.doFilter(WeightCalculatorFilter.java:233) ~[spring-cloud-gateway-server-webmvc-5.0.3.jar:5.0.3]
	at org.apache.catalina.core.ApplicationFilterChain.doFilter(ApplicationFilterChain.java:111) ~[tomcat-embed-core-11.0.24.jar:11.0.24]
	at org.springframework.cloud.gateway.server.mvc.filter.FormFilter.doFilter(FormFilter.java:93) ~[spring-cloud-gateway-server-webmvc-5.0.3.jar:5.0.3]
	at org.apache.catalina.core.ApplicationFilterChain.doFilter(ApplicationFilterChain.java:111) ~[tomcat-embed-core-11.0.24.jar:11.0.24]
	at org.springframework.web.filter.RequestContextFilter.doFilterInternal(RequestContextFilter.java:100) ~[spring-web-7.0.9.jar:7.0.9]
	at org.springframework.web.filter.OncePerRequestFilter.doFilter(OncePerRequestFilter.java:116) ~[spring-web-7.0.9.jar:7.0.9]
	at org.apache.catalina.core.ApplicationFilterChain.doFilter(ApplicationFilterChain.java:111) ~[tomcat-embed-core-11.0.24.jar:11.0.24]
	at org.springframework.web.filter.FormContentFilter.doFilterInternal(FormContentFilter.java:93) ~[spring-web-7.0.9.jar:7.0.9]
	at org.springframework.web.filter.OncePerRequestFilter.doFilter(OncePerRequestFilter.java:116) ~[spring-web-7.0.9.jar:7.0.9]
	at org.apache.catalina.core.ApplicationFilterChain.doFilter(ApplicationFilterChain.java:111) ~[tomcat-embed-core-11.0.24.jar:11.0.24]
	at org.springframework.web.filter.CharacterEncodingFilter.doFilterInternal(CharacterEncodingFilter.java:199) ~[spring-web-7.0.9.jar:7.0.9]
	at org.springframework.web.filter.OncePerRequestFilter.doFilter(OncePerRequestFilter.java:116) ~[spring-web-7.0.9.jar:7.0.9]
	at org.apache.catalina.core.ApplicationFilterChain.doFilter(ApplicationFilterChain.java:111) ~[tomcat-embed-core-11.0.24.jar:11.0.24]
	at org.apache.catalina.core.StandardWrapperValve.invoke(StandardWrapperValve.java:165) ~[tomcat-embed-core-11.0.24.jar:11.0.24]
	at org.apache.catalina.core.StandardContextValve.invoke(StandardContextValve.java:77) ~[tomcat-embed-core-11.0.24.jar:11.0.24]
	at org.apache.catalina.authenticator.AuthenticatorBase.invoke(AuthenticatorBase.java:535) ~[tomcat-embed-core-11.0.24.jar:11.0.24]
	at org.apache.catalina.core.StandardHostValve.invoke(StandardHostValve.java:115) ~[tomcat-embed-core-11.0.24.jar:11.0.24]
	at org.apache.catalina.valves.ErrorReportValve.invoke(ErrorReportValve.java:86) ~[tomcat-embed-core-11.0.24.jar:11.0.24]
	at org.apache.catalina.core.StandardEngineValve.invoke(StandardEngineValve.java:71) ~[tomcat-embed-core-11.0.24.jar:11.0.24]
	at org.apache.catalina.connector.CoyoteAdapter.service(CoyoteAdapter.java:347) ~[tomcat-embed-core-11.0.24.jar:11.0.24]
	at org.apache.coyote.http11.Http11Processor.service(Http11Processor.java:406) ~[tomcat-embed-core-11.0.24.jar:11.0.24]
	at org.apache.coyote.AbstractProcessorLight.process(AbstractProcessorLight.java:71) ~[tomcat-embed-core-11.0.24.jar:11.0.24]
	at org.apache.coyote.AbstractProtocol$ConnectionHandler.process(AbstractProtocol.java:1307) ~[tomcat-embed-core-11.0.24.jar:11.0.24]
	at org.apache.tomcat.util.net.NioEndpoint$SocketProcessor.doRun(NioEndpoint.java:2036) ~[tomcat-embed-core-11.0.24.jar:11.0.24]
	at org.apache.tomcat.util.net.SocketProcessorBase.run(SocketProcessorBase.java:74) ~[tomcat-embed-core-11.0.24.jar:11.0.24]
	at org.apache.tomcat.util.threads.ThreadPoolExecutor.runWorker(ThreadPoolExecutor.java:949) ~[tomcat-embed-core-11.0.24.jar:11.0.24]
	at org.apache.tomcat.util.threads.ThreadPoolExecutor$Worker.run(ThreadPoolExecutor.java:483) ~[tomcat-embed-core-11.0.24.jar:11.0.24]
	at org.apache.tomcat.util.threads.TaskThread$WrappingRunnable.run(TaskThread.java:74) ~[tomcat-embed-core-11.0.24.jar:11.0.24]
	at java.base/java.lang.Thread.run(Thread.java:840) ~[na:na]

2026-09-08T00:58:24.749+05:30 DEBUG 14276 --- [api-gateway] [nio-8082-exec-1] o.s.web.servlet.DispatcherServlet        : "ERROR" dispatch for GET "/error", parameters={}
2026-09-08T00:58:24.750+05:30 DEBUG 14276 --- [api-gateway] [nio-8082-exec-1] s.w.s.m.m.a.RequestMappingHandlerMapping : Mapped to org.springframework.boot.webmvc.autoconfigure.error.BasicErrorController#error(HttpServletRequest)
2026-09-08T00:58:24.751+05:30 DEBUG 14276 --- [api-gateway] [nio-8082-exec-1] o.s.w.s.m.m.a.HttpEntityMethodProcessor  : Using 'application/json', given [*/*] and supported [application/json, application/*+json]
2026-09-08T00:58:24.752+05:30 DEBUG 14276 --- [api-gateway] [nio-8082-exec-1] o.s.w.s.m.m.a.HttpEntityMethodProcessor  : Writing [{timestamp=Tue Sep 08 00:58:24 IST 2026, status=500, error=Internal Server Error, path=/driver-servi (truncated)...]
2026-09-08T00:58:24.753+05:30 DEBUG 14276 --- [api-gateway] [nio-8082-exec-1] o.s.web.servlet.DispatcherServlet        : Exiting from "ERROR" dispatch, status 500
2026-09-08T00:58:24.758+05:30 DEBUG 14276 --- [api-gateway] [nio-8082-exec-6] o.s.web.servlet.DispatcherServlet        : GET "/rider-service/riders", parameters={}
2026-09-08T00:58:24.759+05:30 DEBUG 14276 --- [api-gateway] [nio-8082-exec-6] o.s.w.s.f.support.RouterFunctionMapping  : Mapped to org.springframework.web.servlet.function.HandlerFilterFunction$$Lambda$1275/0x00000140466c5c10@cd29cd2
2026-09-08T00:58:24.761+05:30  WARN 14276 --- [api-gateway] [nio-8082-exec-6] o.s.c.l.core.RoundRobinLoadBalancer      : No servers available for service: rider-service
2026-09-08T00:58:24.762+05:30 DEBUG 14276 --- [api-gateway] [nio-8082-exec-6] o.s.web.servlet.DispatcherServlet        : Failed to complete request: org.springframework.web.client.HttpServerErrorException: 503 Unable to find instance for rider-service
2026-09-08T00:58:24.762+05:30 ERROR 14276 --- [api-gateway] [nio-8082-exec-6] o.a.c.c.C.[.[.[/].[dispatcherServlet]    : Servlet.service() for servlet [dispatcherServlet] in context with path [] threw exception [Request processing failed: org.springframework.web.client.HttpServerErrorException: 503 Unable to find instance for rider-service] with root cause

org.springframework.web.client.HttpServerErrorException: 503 Unable to find instance for rider-service
	at org.springframework.cloud.gateway.server.mvc.filter.LoadBalancerFilterFunctions.lambda$lb$5(LoadBalancerFilterFunctions.java:92) ~[spring-cloud-gateway-server-webmvc-5.0.3.jar:5.0.3]
	at org.springframework.web.servlet.function.HandlerFilterFunction.lambda$andThen$1(HandlerFilterFunction.java:58) ~[spring-webmvc-7.0.9.jar:7.0.9]
	at org.springframework.web.servlet.function.HandlerFilterFunction.lambda$ofRequestProcessor$0(HandlerFilterFunction.java:83) ~[spring-webmvc-7.0.9.jar:7.0.9]
	at org.springframework.web.servlet.function.HandlerFilterFunction.lambda$andThen$1(HandlerFilterFunction.java:58) ~[spring-webmvc-7.0.9.jar:7.0.9]
	at org.springframework.web.servlet.function.HandlerFilterFunction.lambda$ofRequestProcessor$0(HandlerFilterFunction.java:83) ~[spring-webmvc-7.0.9.jar:7.0.9]
	at org.springframework.web.servlet.function.HandlerFilterFunction.lambda$andThen$0(HandlerFilterFunction.java:59) ~[spring-webmvc-7.0.9.jar:7.0.9]
	at org.springframework.web.servlet.function.HandlerFilterFunction.lambda$andThen$0(HandlerFilterFunction.java:59) ~[spring-webmvc-7.0.9.jar:7.0.9]
	at org.springframework.web.servlet.function.HandlerFilterFunction.lambda$apply$0(HandlerFilterFunction.java:70) ~[spring-webmvc-7.0.9.jar:7.0.9]
	at org.springframework.web.servlet.function.support.HandlerFunctionAdapter.handle(HandlerFunctionAdapter.java:106) ~[spring-webmvc-7.0.9.jar:7.0.9]
	at org.springframework.web.servlet.DispatcherServlet.doDispatch(DispatcherServlet.java:963) ~[spring-webmvc-7.0.9.jar:7.0.9]
	at org.springframework.web.servlet.DispatcherServlet.doService(DispatcherServlet.java:866) ~[spring-webmvc-7.0.9.jar:7.0.9]
	at org.springframework.web.servlet.FrameworkServlet.processRequest(FrameworkServlet.java:1000) ~[spring-webmvc-7.0.9.jar:7.0.9]
	at org.springframework.web.servlet.FrameworkServlet.doGet(FrameworkServlet.java:892) ~[spring-webmvc-7.0.9.jar:7.0.9]
	at jakarta.servlet.http.HttpServlet.service(HttpServlet.java:622) ~[tomcat-embed-core-11.0.24.jar:6.1]
	at org.springframework.web.servlet.FrameworkServlet.service(FrameworkServlet.java:874) ~[spring-webmvc-7.0.9.jar:7.0.9]
	at jakarta.servlet.http.HttpServlet.service(HttpServlet.java:710) ~[tomcat-embed-core-11.0.24.jar:6.1]
	at org.apache.catalina.core.ApplicationFilterChain.doFilter(ApplicationFilterChain.java:132) ~[tomcat-embed-core-11.0.24.jar:11.0.24]
	at org.apache.tomcat.websocket.server.WsFilter.doFilter(WsFilter.java:59) ~[tomcat-embed-websocket-11.0.24.jar:11.0.24]
	at org.apache.catalina.core.ApplicationFilterChain.doFilter(ApplicationFilterChain.java:111) ~[tomcat-embed-core-11.0.24.jar:11.0.24]
	at org.springframework.cloud.gateway.server.mvc.filter.WeightCalculatorFilter.doFilter(WeightCalculatorFilter.java:233) ~[spring-cloud-gateway-server-webmvc-5.0.3.jar:5.0.3]
	at org.apache.catalina.core.ApplicationFilterChain.doFilter(ApplicationFilterChain.java:111) ~[tomcat-embed-core-11.0.24.jar:11.0.24]
	at org.springframework.cloud.gateway.server.mvc.filter.FormFilter.doFilter(FormFilter.java:93) ~[spring-cloud-gateway-server-webmvc-5.0.3.jar:5.0.3]
	at org.apache.catalina.core.ApplicationFilterChain.doFilter(ApplicationFilterChain.java:111) ~[tomcat-embed-core-11.0.24.jar:11.0.24]
	at org.springframework.web.filter.RequestContextFilter.doFilterInternal(RequestContextFilter.java:100) ~[spring-web-7.0.9.jar:7.0.9]
	at org.springframework.web.filter.OncePerRequestFilter.doFilter(OncePerRequestFilter.java:116) ~[spring-web-7.0.9.jar:7.0.9]
	at org.apache.catalina.core.ApplicationFilterChain.doFilter(ApplicationFilterChain.java:111) ~[tomcat-embed-core-11.0.24.jar:11.0.24]
	at org.springframework.web.filter.FormContentFilter.doFilterInternal(FormContentFilter.java:93) ~[spring-web-7.0.9.jar:7.0.9]
	at org.springframework.web.filter.OncePerRequestFilter.doFilter(OncePerRequestFilter.java:116) ~[spring-web-7.0.9.jar:7.0.9]
	at org.apache.catalina.core.ApplicationFilterChain.doFilter(ApplicationFilterChain.java:111) ~[tomcat-embed-core-11.0.24.jar:11.0.24]
	at org.springframework.web.filter.CharacterEncodingFilter.doFilterInternal(CharacterEncodingFilter.java:199) ~[spring-web-7.0.9.jar:7.0.9]
	at org.springframework.web.filter.OncePerRequestFilter.doFilter(OncePerRequestFilter.java:116) ~[spring-web-7.0.9.jar:7.0.9]
	at org.apache.catalina.core.ApplicationFilterChain.doFilter(ApplicationFilterChain.java:111) ~[tomcat-embed-core-11.0.24.jar:11.0.24]
	at org.apache.catalina.core.StandardWrapperValve.invoke(StandardWrapperValve.java:165) ~[tomcat-embed-core-11.0.24.jar:11.0.24]
	at org.apache.catalina.core.StandardContextValve.invoke(StandardContextValve.java:77) ~[tomcat-embed-core-11.0.24.jar:11.0.24]
	at org.apache.catalina.authenticator.AuthenticatorBase.invoke(AuthenticatorBase.java:535) ~[tomcat-embed-core-11.0.24.jar:11.0.24]
	at org.apache.catalina.core.StandardHostValve.invoke(StandardHostValve.java:115) ~[tomcat-embed-core-11.0.24.jar:11.0.24]
	at org.apache.catalina.valves.ErrorReportValve.invoke(ErrorReportValve.java:86) ~[tomcat-embed-core-11.0.24.jar:11.0.24]
	at org.apache.catalina.core.StandardEngineValve.invoke(StandardEngineValve.java:71) ~[tomcat-embed-core-11.0.24.jar:11.0.24]
	at org.apache.catalina.connector.CoyoteAdapter.service(CoyoteAdapter.java:347) ~[tomcat-embed-core-11.0.24.jar:11.0.24]
	at org.apache.coyote.http11.Http11Processor.service(Http11Processor.java:406) ~[tomcat-embed-core-11.0.24.jar:11.0.24]
	at org.apache.coyote.AbstractProcessorLight.process(AbstractProcessorLight.java:71) ~[tomcat-embed-core-11.0.24.jar:11.0.24]
	at org.apache.coyote.AbstractProtocol$ConnectionHandler.process(AbstractProtocol.java:1307) ~[tomcat-embed-core-11.0.24.jar:11.0.24]
	at org.apache.tomcat.util.net.NioEndpoint$SocketProcessor.doRun(NioEndpoint.java:2036) ~[tomcat-embed-core-11.0.24.jar:11.0.24]
	at org.apache.tomcat.util.net.SocketProcessorBase.run(SocketProcessorBase.java:74) ~[tomcat-embed-core-11.0.24.jar:11.0.24]
	at org.apache.tomcat.util.threads.ThreadPoolExecutor.runWorker(ThreadPoolExecutor.java:949) ~[tomcat-embed-core-11.0.24.jar:11.0.24]
	at org.apache.tomcat.util.threads.ThreadPoolExecutor$Worker.run(ThreadPoolExecutor.java:483) ~[tomcat-embed-core-11.0.24.jar:11.0.24]
	at org.apache.tomcat.util.threads.TaskThread$WrappingRunnable.run(TaskThread.java:74) ~[tomcat-embed-core-11.0.24.jar:11.0.24]
	at java.base/java.lang.Thread.run(Thread.java:840) ~[na:na]

2026-09-08T00:58:24.763+05:30 DEBUG 14276 --- [api-gateway] [nio-8082-exec-6] o.s.web.servlet.DispatcherServlet        : "ERROR" dispatch for GET "/error", parameters={}
2026-09-08T00:58:24.764+05:30 DEBUG 14276 --- [api-gateway] [nio-8082-exec-6] s.w.s.m.m.a.RequestMappingHandlerMapping : Mapped to org.springframework.boot.webmvc.autoconfigure.error.BasicErrorController#error(HttpServletRequest)
2026-09-08T00:58:24.764+05:30 DEBUG 14276 --- [api-gateway] [nio-8082-exec-6] o.s.w.s.m.m.a.HttpEntityMethodProcessor  : Using 'application/json', given [*/*] and supported [application/json, application/*+json]
2026-09-08T00:58:24.765+05:30 DEBUG 14276 --- [api-gateway] [nio-8082-exec-6] o.s.w.s.m.m.a.HttpEntityMethodProcessor  : Writing [{timestamp=Tue Sep 08 00:58:24 IST 2026, status=500, error=Internal Server Error, path=/rider-servic (truncated)...]
2026-09-08T00:58:24.765+05:30 DEBUG 14276 --- [api-gateway] [nio-8082-exec-6] o.s.web.servlet.DispatcherServlet        : Exiting from "ERROR" dispatch, status 500
2026-09-08T00:58:26.771+05:30 DEBUG 14276 --- [api-gateway] [nio-8082-exec-9] o.s.web.servlet.DispatcherServlet        : GET "/driver-service/drivers", parameters={}
2026-09-08T00:58:26.776+05:30 DEBUG 14276 --- [api-gateway] [nio-8082-exec-9] o.s.w.s.f.support.RouterFunctionMapping  : Mapped to org.springframework.web.servlet.function.HandlerFilterFunction$$Lambda$1275/0x00000140466c5c10@6e84204d
2026-09-08T00:58:26.777+05:30  WARN 14276 --- [api-gateway] [nio-8082-exec-9] o.s.c.l.core.RoundRobinLoadBalancer      : No servers available for service: driver-service
2026-09-08T00:58:26.778+05:30 DEBUG 14276 --- [api-gateway] [nio-8082-exec-9] o.s.web.servlet.DispatcherServlet        : Failed to complete request: org.springframework.web.client.HttpServerErrorException: 503 Unable to find instance for driver-service
2026-09-08T00:58:26.780+05:30 ERROR 14276 --- [api-gateway] [nio-8082-exec-9] o.a.c.c.C.[.[.[/].[dispatcherServlet]    : Servlet.service() for servlet [dispatcherServlet] in context with path [] threw exception [Request processing failed: org.springframework.web.client.HttpServerErrorException: 503 Unable to find instance for driver-service] with root cause

org.springframework.web.client.HttpServerErrorException: 503 Unable to find instance for driver-service
	at org.springframework.cloud.gateway.server.mvc.filter.LoadBalancerFilterFunctions.lambda$lb$5(LoadBalancerFilterFunctions.java:92) ~[spring-cloud-gateway-server-webmvc-5.0.3.jar:5.0.3]
	at org.springframework.web.servlet.function.HandlerFilterFunction.lambda$andThen$1(HandlerFilterFunction.java:58) ~[spring-webmvc-7.0.9.jar:7.0.9]
	at org.springframework.web.servlet.function.HandlerFilterFunction.lambda$ofRequestProcessor$0(HandlerFilterFunction.java:83) ~[spring-webmvc-7.0.9.jar:7.0.9]
	at org.springframework.web.servlet.function.HandlerFilterFunction.lambda$andThen$1(HandlerFilterFunction.java:58) ~[spring-webmvc-7.0.9.jar:7.0.9]
	at org.springframework.web.servlet.function.HandlerFilterFunction.lambda$ofRequestProcessor$0(HandlerFilterFunction.java:83) ~[spring-webmvc-7.0.9.jar:7.0.9]
	at org.springframework.web.servlet.function.HandlerFilterFunction.lambda$andThen$0(HandlerFilterFunction.java:59) ~[spring-webmvc-7.0.9.jar:7.0.9]
	at org.springframework.web.servlet.function.HandlerFilterFunction.lambda$andThen$0(HandlerFilterFunction.java:59) ~[spring-webmvc-7.0.9.jar:7.0.9]
	at org.springframework.web.servlet.function.HandlerFilterFunction.lambda$apply$0(HandlerFilterFunction.java:70) ~[spring-webmvc-7.0.9.jar:7.0.9]
	at org.springframework.web.servlet.function.support.HandlerFunctionAdapter.handle(HandlerFunctionAdapter.java:106) ~[spring-webmvc-7.0.9.jar:7.0.9]
	at org.springframework.web.servlet.DispatcherServlet.doDispatch(DispatcherServlet.java:963) ~[spring-webmvc-7.0.9.jar:7.0.9]
	at org.springframework.web.servlet.DispatcherServlet.doService(DispatcherServlet.java:866) ~[spring-webmvc-7.0.9.jar:7.0.9]
	at org.springframework.web.servlet.FrameworkServlet.processRequest(FrameworkServlet.java:1000) ~[spring-webmvc-7.0.9.jar:7.0.9]
	at org.springframework.web.servlet.FrameworkServlet.doGet(FrameworkServlet.java:892) ~[spring-webmvc-7.0.9.jar:7.0.9]
	at jakarta.servlet.http.HttpServlet.service(HttpServlet.java:622) ~[tomcat-embed-core-11.0.24.jar:6.1]
	at org.springframework.web.servlet.FrameworkServlet.service(FrameworkServlet.java:874) ~[spring-webmvc-7.0.9.jar:7.0.9]
	at jakarta.servlet.http.HttpServlet.service(HttpServlet.java:710) ~[tomcat-embed-core-11.0.24.jar:6.1]
	at org.apache.catalina.core.ApplicationFilterChain.doFilter(ApplicationFilterChain.java:132) ~[tomcat-embed-core-11.0.24.jar:11.0.24]
	at org.apache.tomcat.websocket.server.WsFilter.doFilter(WsFilter.java:59) ~[tomcat-embed-websocket-11.0.24.jar:11.0.24]
	at org.apache.catalina.core.ApplicationFilterChain.doFilter(ApplicationFilterChain.java:111) ~[tomcat-embed-core-11.0.24.jar:11.0.24]
	at org.springframework.cloud.gateway.server.mvc.filter.WeightCalculatorFilter.doFilter(WeightCalculatorFilter.java:233) ~[spring-cloud-gateway-server-webmvc-5.0.3.jar:5.0.3]
	at org.apache.catalina.core.ApplicationFilterChain.doFilter(ApplicationFilterChain.java:111) ~[tomcat-embed-core-11.0.24.jar:11.0.24]
	at org.springframework.cloud.gateway.server.mvc.filter.FormFilter.doFilter(FormFilter.java:93) ~[spring-cloud-gateway-server-webmvc-5.0.3.jar:5.0.3]
	at org.apache.catalina.core.ApplicationFilterChain.doFilter(ApplicationFilterChain.java:111) ~[tomcat-embed-core-11.0.24.jar:11.0.24]
	at org.springframework.web.filter.RequestContextFilter.doFilterInternal(RequestContextFilter.java:100) ~[spring-web-7.0.9.jar:7.0.9]
	at org.springframework.web.filter.OncePerRequestFilter.doFilter(OncePerRequestFilter.java:116) ~[spring-web-7.0.9.jar:7.0.9]
	at org.apache.catalina.core.ApplicationFilterChain.doFilter(ApplicationFilterChain.java:111) ~[tomcat-embed-core-11.0.24.jar:11.0.24]
	at org.springframework.web.filter.FormContentFilter.doFilterInternal(FormContentFilter.java:93) ~[spring-web-7.0.9.jar:7.0.9]
	at org.springframework.web.filter.OncePerRequestFilter.doFilter(OncePerRequestFilter.java:116) ~[spring-web-7.0.9.jar:7.0.9]
	at org.apache.catalina.core.ApplicationFilterChain.doFilter(ApplicationFilterChain.java:111) ~[tomcat-embed-core-11.0.24.jar:11.0.24]
	at org.springframework.web.filter.CharacterEncodingFilter.doFilterInternal(CharacterEncodingFilter.java:199) ~[spring-web-7.0.9.jar:7.0.9]
	at org.springframework.web.filter.OncePerRequestFilter.doFilter(OncePerRequestFilter.java:116) ~[spring-web-7.0.9.jar:7.0.9]
	at org.apache.catalina.core.ApplicationFilterChain.doFilter(ApplicationFilterChain.java:111) ~[tomcat-embed-core-11.0.24.jar:11.0.24]
	at org.apache.catalina.core.StandardWrapperValve.invoke(StandardWrapperValve.java:165) ~[tomcat-embed-core-11.0.24.jar:11.0.24]
	at org.apache.catalina.core.StandardContextValve.invoke(StandardContextValve.java:77) ~[tomcat-embed-core-11.0.24.jar:11.0.24]
	at org.apache.catalina.authenticator.AuthenticatorBase.invoke(AuthenticatorBase.java:535) ~[tomcat-embed-core-11.0.24.jar:11.0.24]
	at org.apache.catalina.core.StandardHostValve.invoke(StandardHostValve.java:115) ~[tomcat-embed-core-11.0.24.jar:11.0.24]
	at org.apache.catalina.valves.ErrorReportValve.invoke(ErrorReportValve.java:86) ~[tomcat-embed-core-11.0.24.jar:11.0.24]
	at org.apache.catalina.core.StandardEngineValve.invoke(StandardEngineValve.java:71) ~[tomcat-embed-core-11.0.24.jar:11.0.24]
	at org.apache.catalina.connector.CoyoteAdapter.service(CoyoteAdapter.java:347) ~[tomcat-embed-core-11.0.24.jar:11.0.24]
	at org.apache.coyote.http11.Http11Processor.service(Http11Processor.java:406) ~[tomcat-embed-core-11.0.24.jar:11.0.24]
	at org.apache.coyote.AbstractProcessorLight.process(AbstractProcessorLight.java:71) ~[tomcat-embed-core-11.0.24.jar:11.0.24]
	at org.apache.coyote.AbstractProtocol$ConnectionHandler.process(AbstractProtocol.java:1307) ~[tomcat-embed-core-11.0.24.jar:11.0.24]
	at org.apache.tomcat.util.net.NioEndpoint$SocketProcessor.doRun(NioEndpoint.java:2036) ~[tomcat-embed-core-11.0.24.jar:11.0.24]
	at org.apache.tomcat.util.net.SocketProcessorBase.run(SocketProcessorBase.java:74) ~[tomcat-embed-core-11.0.24.jar:11.0.24]
	at org.apache.tomcat.util.threads.ThreadPoolExecutor.runWorker(ThreadPoolExecutor.java:949) ~[tomcat-embed-core-11.0.24.jar:11.0.24]
	at org.apache.tomcat.util.threads.ThreadPoolExecutor$Worker.run(ThreadPoolExecutor.java:483) ~[tomcat-embed-core-11.0.24.jar:11.0.24]
	at org.apache.tomcat.util.threads.TaskThread$WrappingRunnable.run(TaskThread.java:74) ~[tomcat-embed-core-11.0.24.jar:11.0.24]
	at java.base/java.lang.Thread.run(Thread.java:840) ~[na:na]

2026-09-08T00:58:26.781+05:30 DEBUG 14276 --- [api-gateway] [nio-8082-exec-9] o.s.web.servlet.DispatcherServlet        : "ERROR" dispatch for GET "/error", parameters={}
2026-09-08T00:58:26.781+05:30 DEBUG 14276 --- [api-gateway] [nio-8082-exec-9] s.w.s.m.m.a.RequestMappingHandlerMapping : Mapped to org.springframework.boot.webmvc.autoconfigure.error.BasicErrorController#error(HttpServletRequest)
2026-09-08T00:58:26.782+05:30 DEBUG 14276 --- [api-gateway] [nio-8082-exec-9] o.s.w.s.m.m.a.HttpEntityMethodProcessor  : Using 'application/json', given [*/*] and supported [application/json, application/*+json]
2026-09-08T00:58:26.782+05:30 DEBUG 14276 --- [api-gateway] [nio-8082-exec-9] o.s.w.s.m.m.a.HttpEntityMethodProcessor  : Writing [{timestamp=Tue Sep 08 00:58:26 IST 2026, status=500, error=Internal Server Error, path=/driver-servi (truncated)...]
2026-09-08T00:58:26.783+05:30 DEBUG 14276 --- [api-gateway] [nio-8082-exec-9] o.s.web.servlet.DispatcherServlet        : Exiting from "ERROR" dispatch, status 500
2026-09-08T00:58:26.785+05:30 DEBUG 14276 --- [api-gateway] [io-8082-exec-10] o.s.web.servlet.DispatcherServlet        : GET "/rider-service/riders", parameters={}
2026-09-08T00:58:26.786+05:30 DEBUG 14276 --- [api-gateway] [io-8082-exec-10] o.s.w.s.f.support.RouterFunctionMapping  : Mapped to org.springframework.web.servlet.function.HandlerFilterFunction$$Lambda$1275/0x00000140466c5c10@7348769c
2026-09-08T00:58:26.787+05:30  WARN 14276 --- [api-gateway] [io-8082-exec-10] o.s.c.l.core.RoundRobinLoadBalancer      : No servers available for service: rider-service
2026-09-08T00:58:26.788+05:30 DEBUG 14276 --- [api-gateway] [io-8082-exec-10] o.s.web.servlet.DispatcherServlet        : Failed to complete request: org.springframework.web.client.HttpServerErrorException: 503 Unable to find instance for rider-service
2026-09-08T00:58:26.788+05:30 ERROR 14276 --- [api-gateway] [io-8082-exec-10] o.a.c.c.C.[.[.[/].[dispatcherServlet]    : Servlet.service() for servlet [dispatcherServlet] in context with path [] threw exception [Request processing failed: org.springframework.web.client.HttpServerErrorException: 503 Unable to find instance for rider-service] with root cause

org.springframework.web.client.HttpServerErrorException: 503 Unable to find instance for rider-service
	at org.springframework.cloud.gateway.server.mvc.filter.LoadBalancerFilterFunctions.lambda$lb$5(LoadBalancerFilterFunctions.java:92) ~[spring-cloud-gateway-server-webmvc-5.0.3.jar:5.0.3]
	at org.springframework.web.servlet.function.HandlerFilterFunction.lambda$andThen$1(HandlerFilterFunction.java:58) ~[spring-webmvc-7.0.9.jar:7.0.9]
	at org.springframework.web.servlet.function.HandlerFilterFunction.lambda$ofRequestProcessor$0(HandlerFilterFunction.java:83) ~[spring-webmvc-7.0.9.jar:7.0.9]
	at org.springframework.web.servlet.function.HandlerFilterFunction.lambda$andThen$1(HandlerFilterFunction.java:58) ~[spring-webmvc-7.0.9.jar:7.0.9]
	at org.springframework.web.servlet.function.HandlerFilterFunction.lambda$ofRequestProcessor$0(HandlerFilterFunction.java:83) ~[spring-webmvc-7.0.9.jar:7.0.9]
	at org.springframework.web.servlet.function.HandlerFilterFunction.lambda$andThen$0(HandlerFilterFunction.java:59) ~[spring-webmvc-7.0.9.jar:7.0.9]
	at org.springframework.web.servlet.function.HandlerFilterFunction.lambda$andThen$0(HandlerFilterFunction.java:59) ~[spring-webmvc-7.0.9.jar:7.0.9]
	at org.springframework.web.servlet.function.HandlerFilterFunction.lambda$apply$0(HandlerFilterFunction.java:70) ~[spring-webmvc-7.0.9.jar:7.0.9]
	at org.springframework.web.servlet.function.support.HandlerFunctionAdapter.handle(HandlerFunctionAdapter.java:106) ~[spring-webmvc-7.0.9.jar:7.0.9]
	at org.springframework.web.servlet.DispatcherServlet.doDispatch(DispatcherServlet.java:963) ~[spring-webmvc-7.0.9.jar:7.0.9]
	at org.springframework.web.servlet.DispatcherServlet.doService(DispatcherServlet.java:866) ~[spring-webmvc-7.0.9.jar:7.0.9]
	at org.springframework.web.servlet.FrameworkServlet.processRequest(FrameworkServlet.java:1000) ~[spring-webmvc-7.0.9.jar:7.0.9]
	at org.springframework.web.servlet.FrameworkServlet.doGet(FrameworkServlet.java:892) ~[spring-webmvc-7.0.9.jar:7.0.9]
	at jakarta.servlet.http.HttpServlet.service(HttpServlet.java:622) ~[tomcat-embed-core-11.0.24.jar:6.1]
	at org.springframework.web.servlet.FrameworkServlet.service(FrameworkServlet.java:874) ~[spring-webmvc-7.0.9.jar:7.0.9]
	at jakarta.servlet.http.HttpServlet.service(HttpServlet.java:710) ~[tomcat-embed-core-11.0.24.jar:6.1]
	at org.apache.catalina.core.ApplicationFilterChain.doFilter(ApplicationFilterChain.java:132) ~[tomcat-embed-core-11.0.24.jar:11.0.24]
	at org.apache.tomcat.websocket.server.WsFilter.doFilter(WsFilter.java:59) ~[tomcat-embed-websocket-11.0.24.jar:11.0.24]
	at org.apache.catalina.core.ApplicationFilterChain.doFilter(ApplicationFilterChain.java:111) ~[tomcat-embed-core-11.0.24.jar:11.0.24]
	at org.springframework.cloud.gateway.server.mvc.filter.WeightCalculatorFilter.doFilter(WeightCalculatorFilter.java:233) ~[spring-cloud-gateway-server-webmvc-5.0.3.jar:5.0.3]
	at org.apache.catalina.core.ApplicationFilterChain.doFilter(ApplicationFilterChain.java:111) ~[tomcat-embed-core-11.0.24.jar:11.0.24]
	at org.springframework.cloud.gateway.server.mvc.filter.FormFilter.doFilter(FormFilter.java:93) ~[spring-cloud-gateway-server-webmvc-5.0.3.jar:5.0.3]
	at org.apache.catalina.core.ApplicationFilterChain.doFilter(ApplicationFilterChain.java:111) ~[tomcat-embed-core-11.0.24.jar:11.0.24]
	at org.springframework.web.filter.RequestContextFilter.doFilterInternal(RequestContextFilter.java:100) ~[spring-web-7.0.9.jar:7.0.9]
	at org.springframework.web.filter.OncePerRequestFilter.doFilter(OncePerRequestFilter.java:116) ~[spring-web-7.0.9.jar:7.0.9]
	at org.apache.catalina.core.ApplicationFilterChain.doFilter(ApplicationFilterChain.java:111) ~[tomcat-embed-core-11.0.24.jar:11.0.24]
	at org.springframework.web.filter.FormContentFilter.doFilterInternal(FormContentFilter.java:93) ~[spring-web-7.0.9.jar:7.0.9]
	at org.springframework.web.filter.OncePerRequestFilter.doFilter(OncePerRequestFilter.java:116) ~[spring-web-7.0.9.jar:7.0.9]
	at org.apache.catalina.core.ApplicationFilterChain.doFilter(ApplicationFilterChain.java:111) ~[tomcat-embed-core-11.0.24.jar:11.0.24]
	at org.springframework.web.filter.CharacterEncodingFilter.doFilterInternal(CharacterEncodingFilter.java:199) ~[spring-web-7.0.9.jar:7.0.9]
	at org.springframework.web.filter.OncePerRequestFilter.doFilter(OncePerRequestFilter.java:116) ~[spring-web-7.0.9.jar:7.0.9]
	at org.apache.catalina.core.ApplicationFilterChain.doFilter(ApplicationFilterChain.java:111) ~[tomcat-embed-core-11.0.24.jar:11.0.24]
	at org.apache.catalina.core.StandardWrapperValve.invoke(StandardWrapperValve.java:165) ~[tomcat-embed-core-11.0.24.jar:11.0.24]
	at org.apache.catalina.core.StandardContextValve.invoke(StandardContextValve.java:77) ~[tomcat-embed-core-11.0.24.jar:11.0.24]
	at org.apache.catalina.authenticator.AuthenticatorBase.invoke(AuthenticatorBase.java:535) ~[tomcat-embed-core-11.0.24.jar:11.0.24]
	at org.apache.catalina.core.StandardHostValve.invoke(StandardHostValve.java:115) ~[tomcat-embed-core-11.0.24.jar:11.0.24]
	at org.apache.catalina.valves.ErrorReportValve.invoke(ErrorReportValve.java:86) ~[tomcat-embed-core-11.0.24.jar:11.0.24]
	at org.apache.catalina.core.StandardEngineValve.invoke(StandardEngineValve.java:71) ~[tomcat-embed-core-11.0.24.jar:11.0.24]
	at org.apache.catalina.connector.CoyoteAdapter.service(CoyoteAdapter.java:347) ~[tomcat-embed-core-11.0.24.jar:11.0.24]
	at org.apache.coyote.http11.Http11Processor.service(Http11Processor.java:406) ~[tomcat-embed-core-11.0.24.jar:11.0.24]
	at org.apache.coyote.AbstractProcessorLight.process(AbstractProcessorLight.java:71) ~[tomcat-embed-core-11.0.24.jar:11.0.24]
	at org.apache.coyote.AbstractProtocol$ConnectionHandler.process(AbstractProtocol.java:1307) ~[tomcat-embed-core-11.0.24.jar:11.0.24]
	at org.apache.tomcat.util.net.NioEndpoint$SocketProcessor.doRun(NioEndpoint.java:2036) ~[tomcat-embed-core-11.0.24.jar:11.0.24]
	at org.apache.tomcat.util.net.SocketProcessorBase.run(SocketProcessorBase.java:74) ~[tomcat-embed-core-11.0.24.jar:11.0.24]
	at org.apache.tomcat.util.threads.ThreadPoolExecutor.runWorker(ThreadPoolExecutor.java:949) ~[tomcat-embed-core-11.0.24.jar:11.0.24]
	at org.apache.tomcat.util.threads.ThreadPoolExecutor$Worker.run(ThreadPoolExecutor.java:483) ~[tomcat-embed-core-11.0.24.jar:11.0.24]
	at org.apache.tomcat.util.threads.TaskThread$WrappingRunnable.run(TaskThread.java:74) ~[tomcat-embed-core-11.0.24.jar:11.0.24]
	at java.base/java.lang.Thread.run(Thread.java:840) ~[na:na]

2026-09-08T00:58:26.789+05:30 DEBUG 14276 --- [api-gateway] [io-8082-exec-10] o.s.web.servlet.DispatcherServlet        : "ERROR" dispatch for GET "/error", parameters={}
2026-09-08T00:58:26.789+05:30 DEBUG 14276 --- [api-gateway] [io-8082-exec-10] s.w.s.m.m.a.RequestMappingHandlerMapping : Mapped to org.springframework.boot.webmvc.autoconfigure.error.BasicErrorController#error(HttpServletRequest)
2026-09-08T00:58:26.790+05:30 DEBUG 14276 --- [api-gateway] [io-8082-exec-10] o.s.w.s.m.m.a.HttpEntityMethodProcessor  : Using 'application/json', given [*/*] and supported [application/json, application/*+json]
2026-09-08T00:58:26.790+05:30 DEBUG 14276 --- [api-gateway] [io-8082-exec-10] o.s.w.s.m.m.a.HttpEntityMethodProcessor  : Writing [{timestamp=Tue Sep 08 00:58:26 IST 2026, status=500, error=Internal Server Error, path=/rider-servic (truncated)...]
2026-09-08T00:58:26.791+05:30 DEBUG 14276 --- [api-gateway] [io-8082-exec-10] o.s.web.servlet.DispatcherServlet        : Exiting from "ERROR" dispatch, status 500
2026-09-08T00:58:26.881+05:30 DEBUG 14276 --- [api-gateway] [nio-8082-exec-3] o.s.web.servlet.DispatcherServlet        : GET "/driver-service/drivers", parameters={}
2026-09-08T00:58:26.882+05:30 DEBUG 14276 --- [api-gateway] [nio-8082-exec-3] o.s.w.s.f.support.RouterFunctionMapping  : Mapped to org.springframework.web.servlet.function.HandlerFilterFunction$$Lambda$1275/0x00000140466c5c10@35f470b2
2026-09-08T00:58:26.883+05:30  WARN 14276 --- [api-gateway] [nio-8082-exec-3] o.s.c.l.core.RoundRobinLoadBalancer      : No servers available for service: driver-service
2026-09-08T00:58:26.883+05:30 DEBUG 14276 --- [api-gateway] [nio-8082-exec-3] o.s.web.servlet.DispatcherServlet        : Failed to complete request: org.springframework.web.client.HttpServerErrorException: 503 Unable to find instance for driver-service
2026-09-08T00:58:26.884+05:30 ERROR 14276 --- [api-gateway] [nio-8082-exec-3] o.a.c.c.C.[.[.[/].[dispatcherServlet]    : Servlet.service() for servlet [dispatcherServlet] in context with path [] threw exception [Request processing failed: org.springframework.web.client.HttpServerErrorException: 503 Unable to find instance for driver-service] with root cause

org.springframework.web.client.HttpServerErrorException: 503 Unable to find instance for driver-service
	at org.springframework.cloud.gateway.server.mvc.filter.LoadBalancerFilterFunctions.lambda$lb$5(LoadBalancerFilterFunctions.java:92) ~[spring-cloud-gateway-server-webmvc-5.0.3.jar:5.0.3]
	at org.springframework.web.servlet.function.HandlerFilterFunction.lambda$andThen$1(HandlerFilterFunction.java:58) ~[spring-webmvc-7.0.9.jar:7.0.9]
	at org.springframework.web.servlet.function.HandlerFilterFunction.lambda$ofRequestProcessor$0(HandlerFilterFunction.java:83) ~[spring-webmvc-7.0.9.jar:7.0.9]
	at org.springframework.web.servlet.function.HandlerFilterFunction.lambda$andThen$1(HandlerFilterFunction.java:58) ~[spring-webmvc-7.0.9.jar:7.0.9]
	at org.springframework.web.servlet.function.HandlerFilterFunction.lambda$ofRequestProcessor$0(HandlerFilterFunction.java:83) ~[spring-webmvc-7.0.9.jar:7.0.9]
	at org.springframework.web.servlet.function.HandlerFilterFunction.lambda$andThen$0(HandlerFilterFunction.java:59) ~[spring-webmvc-7.0.9.jar:7.0.9]
	at org.springframework.web.servlet.function.HandlerFilterFunction.lambda$andThen$0(HandlerFilterFunction.java:59) ~[spring-webmvc-7.0.9.jar:7.0.9]
	at org.springframework.web.servlet.function.HandlerFilterFunction.lambda$apply$0(HandlerFilterFunction.java:70) ~[spring-webmvc-7.0.9.jar:7.0.9]
	at org.springframework.web.servlet.function.support.HandlerFunctionAdapter.handle(HandlerFunctionAdapter.java:106) ~[spring-webmvc-7.0.9.jar:7.0.9]
	at org.springframework.web.servlet.DispatcherServlet.doDispatch(DispatcherServlet.java:963) ~[spring-webmvc-7.0.9.jar:7.0.9]
	at org.springframework.web.servlet.DispatcherServlet.doService(DispatcherServlet.java:866) ~[spring-webmvc-7.0.9.jar:7.0.9]
	at org.springframework.web.servlet.FrameworkServlet.processRequest(FrameworkServlet.java:1000) ~[spring-webmvc-7.0.9.jar:7.0.9]
	at org.springframework.web.servlet.FrameworkServlet.doGet(FrameworkServlet.java:892) ~[spring-webmvc-7.0.9.jar:7.0.9]
	at jakarta.servlet.http.HttpServlet.service(HttpServlet.java:622) ~[tomcat-embed-core-11.0.24.jar:6.1]
	at org.springframework.web.servlet.FrameworkServlet.service(FrameworkServlet.java:874) ~[spring-webmvc-7.0.9.jar:7.0.9]
	at jakarta.servlet.http.HttpServlet.service(HttpServlet.java:710) ~[tomcat-embed-core-11.0.24.jar:6.1]
	at org.apache.catalina.core.ApplicationFilterChain.doFilter(ApplicationFilterChain.java:132) ~[tomcat-embed-core-11.0.24.jar:11.0.24]
	at org.apache.tomcat.websocket.server.WsFilter.doFilter(WsFilter.java:59) ~[tomcat-embed-websocket-11.0.24.jar:11.0.24]
	at org.apache.catalina.core.ApplicationFilterChain.doFilter(ApplicationFilterChain.java:111) ~[tomcat-embed-core-11.0.24.jar:11.0.24]
	at org.springframework.cloud.gateway.server.mvc.filter.WeightCalculatorFilter.doFilter(WeightCalculatorFilter.java:233) ~[spring-cloud-gateway-server-webmvc-5.0.3.jar:5.0.3]
	at org.apache.catalina.core.ApplicationFilterChain.doFilter(ApplicationFilterChain.java:111) ~[tomcat-embed-core-11.0.24.jar:11.0.24]
	at org.springframework.cloud.gateway.server.mvc.filter.FormFilter.doFilter(FormFilter.java:93) ~[spring-cloud-gateway-server-webmvc-5.0.3.jar:5.0.3]
	at org.apache.catalina.core.ApplicationFilterChain.doFilter(ApplicationFilterChain.java:111) ~[tomcat-embed-core-11.0.24.jar:11.0.24]
	at org.springframework.web.filter.RequestContextFilter.doFilterInternal(RequestContextFilter.java:100) ~[spring-web-7.0.9.jar:7.0.9]
	at org.springframework.web.filter.OncePerRequestFilter.doFilter(OncePerRequestFilter.java:116) ~[spring-web-7.0.9.jar:7.0.9]
	at org.apache.catalina.core.ApplicationFilterChain.doFilter(ApplicationFilterChain.java:111) ~[tomcat-embed-core-11.0.24.jar:11.0.24]
	at org.springframework.web.filter.FormContentFilter.doFilterInternal(FormContentFilter.java:93) ~[spring-web-7.0.9.jar:7.0.9]
	at org.springframework.web.filter.OncePerRequestFilter.doFilter(OncePerRequestFilter.java:116) ~[spring-web-7.0.9.jar:7.0.9]
	at org.apache.catalina.core.ApplicationFilterChain.doFilter(ApplicationFilterChain.java:111) ~[tomcat-embed-core-11.0.24.jar:11.0.24]
	at org.springframework.web.filter.CharacterEncodingFilter.doFilterInternal(CharacterEncodingFilter.java:199) ~[spring-web-7.0.9.jar:7.0.9]
	at org.springframework.web.filter.OncePerRequestFilter.doFilter(OncePerRequestFilter.java:116) ~[spring-web-7.0.9.jar:7.0.9]
	at org.apache.catalina.core.ApplicationFilterChain.doFilter(ApplicationFilterChain.java:111) ~[tomcat-embed-core-11.0.24.jar:11.0.24]
	at org.apache.catalina.core.StandardWrapperValve.invoke(StandardWrapperValve.java:165) ~[tomcat-embed-core-11.0.24.jar:11.0.24]
	at org.apache.catalina.core.StandardContextValve.invoke(StandardContextValve.java:77) ~[tomcat-embed-core-11.0.24.jar:11.0.24]
	at org.apache.catalina.authenticator.AuthenticatorBase.invoke(AuthenticatorBase.java:535) ~[tomcat-embed-core-11.0.24.jar:11.0.24]
	at org.apache.catalina.core.StandardHostValve.invoke(StandardHostValve.java:115) ~[tomcat-embed-core-11.0.24.jar:11.0.24]
	at org.apache.catalina.valves.ErrorReportValve.invoke(ErrorReportValve.java:86) ~[tomcat-embed-core-11.0.24.jar:11.0.24]
	at org.apache.catalina.core.StandardEngineValve.invoke(StandardEngineValve.java:71) ~[tomcat-embed-core-11.0.24.jar:11.0.24]
	at org.apache.catalina.connector.CoyoteAdapter.service(CoyoteAdapter.java:347) ~[tomcat-embed-core-11.0.24.jar:11.0.24]
	at org.apache.coyote.http11.Http11Processor.service(Http11Processor.java:406) ~[tomcat-embed-core-11.0.24.jar:11.0.24]
	at org.apache.coyote.AbstractProcessorLight.process(AbstractProcessorLight.java:71) ~[tomcat-embed-core-11.0.24.jar:11.0.24]
	at org.apache.coyote.AbstractProtocol$ConnectionHandler.process(AbstractProtocol.java:1307) ~[tomcat-embed-core-11.0.24.jar:11.0.24]
	at org.apache.tomcat.util.net.NioEndpoint$SocketProcessor.doRun(NioEndpoint.java:2036) ~[tomcat-embed-core-11.0.24.jar:11.0.24]
	at org.apache.tomcat.util.net.SocketProcessorBase.run(SocketProcessorBase.java:74) ~[tomcat-embed-core-11.0.24.jar:11.0.24]
	at org.apache.tomcat.util.threads.ThreadPoolExecutor.runWorker(ThreadPoolExecutor.java:949) ~[tomcat-embed-core-11.0.24.jar:11.0.24]
	at org.apache.tomcat.util.threads.ThreadPoolExecutor$Worker.run(ThreadPoolExecutor.java:483) ~[tomcat-embed-core-11.0.24.jar:11.0.24]
	at org.apache.tomcat.util.threads.TaskThread$WrappingRunnable.run(TaskThread.java:74) ~[tomcat-embed-core-11.0.24.jar:11.0.24]
	at java.base/java.lang.Thread.run(Thread.java:840) ~[na:na]

2026-09-08T00:58:26.885+05:30 DEBUG 14276 --- [api-gateway] [nio-8082-exec-3] o.s.web.servlet.DispatcherServlet        : "ERROR" dispatch for GET "/error", parameters={}
2026-09-08T00:58:26.885+05:30 DEBUG 14276 --- [api-gateway] [nio-8082-exec-3] s.w.s.m.m.a.RequestMappingHandlerMapping : Mapped to org.springframework.boot.webmvc.autoconfigure.error.BasicErrorController#error(HttpServletRequest)
2026-09-08T00:58:26.886+05:30 DEBUG 14276 --- [api-gateway] [nio-8082-exec-3] o.s.w.s.m.m.a.HttpEntityMethodProcessor  : Using 'application/json', given [*/*] and supported [application/json, application/*+json]
2026-09-08T00:58:26.887+05:30 DEBUG 14276 --- [api-gateway] [nio-8082-exec-3] o.s.w.s.m.m.a.HttpEntityMethodProcessor  : Writing [{timestamp=Tue Sep 08 00:58:26 IST 2026, status=500, error=Internal Server Error, path=/driver-servi (truncated)...]
2026-09-08T00:58:26.887+05:30 DEBUG 14276 --- [api-gateway] [nio-8082-exec-3] o.s.web.servlet.DispatcherServlet        : Exiting from "ERROR" dispatch, status 500
2026-09-08T00:58:26.897+05:30 DEBUG 14276 --- [api-gateway] [nio-8082-exec-4] o.s.web.servlet.DispatcherServlet        : GET "/rider-service/riders", parameters={}
2026-09-08T00:58:26.898+05:30 DEBUG 14276 --- [api-gateway] [nio-8082-exec-4] o.s.w.s.f.support.RouterFunctionMapping  : Mapped to org.springframework.web.servlet.function.HandlerFilterFunction$$Lambda$1275/0x00000140466c5c10@52498666
2026-09-08T00:58:26.899+05:30  WARN 14276 --- [api-gateway] [nio-8082-exec-4] o.s.c.l.core.RoundRobinLoadBalancer      : No servers available for service: rider-service
2026-09-08T00:58:26.899+05:30 DEBUG 14276 --- [api-gateway] [nio-8082-exec-4] o.s.web.servlet.DispatcherServlet        : Failed to complete request: org.springframework.web.client.HttpServerErrorException: 503 Unable to find instance for rider-service
2026-09-08T00:58:26.900+05:30 ERROR 14276 --- [api-gateway] [nio-8082-exec-4] o.a.c.c.C.[.[.[/].[dispatcherServlet]    : Servlet.service() for servlet [dispatcherServlet] in context with path [] threw exception [Request processing failed: org.springframework.web.client.HttpServerErrorException: 503 Unable to find instance for rider-service] with root cause

org.springframework.web.client.HttpServerErrorException: 503 Unable to find instance for rider-service
	at org.springframework.cloud.gateway.server.mvc.filter.LoadBalancerFilterFunctions.lambda$lb$5(LoadBalancerFilterFunctions.java:92) ~[spring-cloud-gateway-server-webmvc-5.0.3.jar:5.0.3]
	at org.springframework.web.servlet.function.HandlerFilterFunction.lambda$andThen$1(HandlerFilterFunction.java:58) ~[spring-webmvc-7.0.9.jar:7.0.9]
	at org.springframework.web.servlet.function.HandlerFilterFunction.lambda$ofRequestProcessor$0(HandlerFilterFunction.java:83) ~[spring-webmvc-7.0.9.jar:7.0.9]
	at org.springframework.web.servlet.function.HandlerFilterFunction.lambda$andThen$1(HandlerFilterFunction.java:58) ~[spring-webmvc-7.0.9.jar:7.0.9]
	at org.springframework.web.servlet.function.HandlerFilterFunction.lambda$ofRequestProcessor$0(HandlerFilterFunction.java:83) ~[spring-webmvc-7.0.9.jar:7.0.9]
	at org.springframework.web.servlet.function.HandlerFilterFunction.lambda$andThen$0(HandlerFilterFunction.java:59) ~[spring-webmvc-7.0.9.jar:7.0.9]
	at org.springframework.web.servlet.function.HandlerFilterFunction.lambda$andThen$0(HandlerFilterFunction.java:59) ~[spring-webmvc-7.0.9.jar:7.0.9]
	at org.springframework.web.servlet.function.HandlerFilterFunction.lambda$apply$0(HandlerFilterFunction.java:70) ~[spring-webmvc-7.0.9.jar:7.0.9]
	at org.springframework.web.servlet.function.support.HandlerFunctionAdapter.handle(HandlerFunctionAdapter.java:106) ~[spring-webmvc-7.0.9.jar:7.0.9]
	at org.springframework.web.servlet.DispatcherServlet.doDispatch(DispatcherServlet.java:963) ~[spring-webmvc-7.0.9.jar:7.0.9]
	at org.springframework.web.servlet.DispatcherServlet.doService(DispatcherServlet.java:866) ~[spring-webmvc-7.0.9.jar:7.0.9]
	at org.springframework.web.servlet.FrameworkServlet.processRequest(FrameworkServlet.java:1000) ~[spring-webmvc-7.0.9.jar:7.0.9]
	at org.springframework.web.servlet.FrameworkServlet.doGet(FrameworkServlet.java:892) ~[spring-webmvc-7.0.9.jar:7.0.9]
	at jakarta.servlet.http.HttpServlet.service(HttpServlet.java:622) ~[tomcat-embed-core-11.0.24.jar:6.1]
	at org.springframework.web.servlet.FrameworkServlet.service(FrameworkServlet.java:874) ~[spring-webmvc-7.0.9.jar:7.0.9]
	at jakarta.servlet.http.HttpServlet.service(HttpServlet.java:710) ~[tomcat-embed-core-11.0.24.jar:6.1]
	at org.apache.catalina.core.ApplicationFilterChain.doFilter(ApplicationFilterChain.java:132) ~[tomcat-embed-core-11.0.24.jar:11.0.24]
	at org.apache.tomcat.websocket.server.WsFilter.doFilter(WsFilter.java:59) ~[tomcat-embed-websocket-11.0.24.jar:11.0.24]
	at org.apache.catalina.core.ApplicationFilterChain.doFilter(ApplicationFilterChain.java:111) ~[tomcat-embed-core-11.0.24.jar:11.0.24]
	at org.springframework.cloud.gateway.server.mvc.filter.WeightCalculatorFilter.doFilter(WeightCalculatorFilter.java:233) ~[spring-cloud-gateway-server-webmvc-5.0.3.jar:5.0.3]
	at org.apache.catalina.core.ApplicationFilterChain.doFilter(ApplicationFilterChain.java:111) ~[tomcat-embed-core-11.0.24.jar:11.0.24]
	at org.springframework.cloud.gateway.server.mvc.filter.FormFilter.doFilter(FormFilter.java:93) ~[spring-cloud-gateway-server-webmvc-5.0.3.jar:5.0.3]
	at org.apache.catalina.core.ApplicationFilterChain.doFilter(ApplicationFilterChain.java:111) ~[tomcat-embed-core-11.0.24.jar:11.0.24]
	at org.springframework.web.filter.RequestContextFilter.doFilterInternal(RequestContextFilter.java:100) ~[spring-web-7.0.9.jar:7.0.9]
	at org.springframework.web.filter.OncePerRequestFilter.doFilter(OncePerRequestFilter.java:116) ~[spring-web-7.0.9.jar:7.0.9]
	at org.apache.catalina.core.ApplicationFilterChain.doFilter(ApplicationFilterChain.java:111) ~[tomcat-embed-core-11.0.24.jar:11.0.24]
	at org.springframework.web.filter.FormContentFilter.doFilterInternal(FormContentFilter.java:93) ~[spring-web-7.0.9.jar:7.0.9]
	at org.springframework.web.filter.OncePerRequestFilter.doFilter(OncePerRequestFilter.java:116) ~[spring-web-7.0.9.jar:7.0.9]
	at org.apache.catalina.core.ApplicationFilterChain.doFilter(ApplicationFilterChain.java:111) ~[tomcat-embed-core-11.0.24.jar:11.0.24]
	at org.springframework.web.filter.CharacterEncodingFilter.doFilterInternal(CharacterEncodingFilter.java:199) ~[spring-web-7.0.9.jar:7.0.9]
	at org.springframework.web.filter.OncePerRequestFilter.doFilter(OncePerRequestFilter.java:116) ~[spring-web-7.0.9.jar:7.0.9]
	at org.apache.catalina.core.ApplicationFilterChain.doFilter(ApplicationFilterChain.java:111) ~[tomcat-embed-core-11.0.24.jar:11.0.24]
	at org.apache.catalina.core.StandardWrapperValve.invoke(StandardWrapperValve.java:165) ~[tomcat-embed-core-11.0.24.jar:11.0.24]
	at org.apache.catalina.core.StandardContextValve.invoke(StandardContextValve.java:77) ~[tomcat-embed-core-11.0.24.jar:11.0.24]
	at org.apache.catalina.authenticator.AuthenticatorBase.invoke(AuthenticatorBase.java:535) ~[tomcat-embed-core-11.0.24.jar:11.0.24]
	at org.apache.catalina.core.StandardHostValve.invoke(StandardHostValve.java:115) ~[tomcat-embed-core-11.0.24.jar:11.0.24]
	at org.apache.catalina.valves.ErrorReportValve.invoke(ErrorReportValve.java:86) ~[tomcat-embed-core-11.0.24.jar:11.0.24]
	at org.apache.catalina.core.StandardEngineValve.invoke(StandardEngineValve.java:71) ~[tomcat-embed-core-11.0.24.jar:11.0.24]
	at org.apache.catalina.connector.CoyoteAdapter.service(CoyoteAdapter.java:347) ~[tomcat-embed-core-11.0.24.jar:11.0.24]
	at org.apache.coyote.http11.Http11Processor.service(Http11Processor.java:406) ~[tomcat-embed-core-11.0.24.jar:11.0.24]
	at org.apache.coyote.AbstractProcessorLight.process(AbstractProcessorLight.java:71) ~[tomcat-embed-core-11.0.24.jar:11.0.24]
	at org.apache.coyote.AbstractProtocol$ConnectionHandler.process(AbstractProtocol.java:1307) ~[tomcat-embed-core-11.0.24.jar:11.0.24]
	at org.apache.tomcat.util.net.NioEndpoint$SocketProcessor.doRun(NioEndpoint.java:2036) ~[tomcat-embed-core-11.0.24.jar:11.0.24]
	at org.apache.tomcat.util.net.SocketProcessorBase.run(SocketProcessorBase.java:74) ~[tomcat-embed-core-11.0.24.jar:11.0.24]
	at org.apache.tomcat.util.threads.ThreadPoolExecutor.runWorker(ThreadPoolExecutor.java:949) ~[tomcat-embed-core-11.0.24.jar:11.0.24]
	at org.apache.tomcat.util.threads.ThreadPoolExecutor$Worker.run(ThreadPoolExecutor.java:483) ~[tomcat-embed-core-11.0.24.jar:11.0.24]
	at org.apache.tomcat.util.threads.TaskThread$WrappingRunnable.run(TaskThread.java:74) ~[tomcat-embed-core-11.0.24.jar:11.0.24]
	at java.base/java.lang.Thread.run(Thread.java:840) ~[na:na]

2026-09-08T00:58:26.901+05:30 DEBUG 14276 --- [api-gateway] [nio-8082-exec-4] o.s.web.servlet.DispatcherServlet        : "ERROR" dispatch for GET "/error", parameters={}
2026-09-08T00:58:26.901+05:30 DEBUG 14276 --- [api-gateway] [nio-8082-exec-4] s.w.s.m.m.a.RequestMappingHandlerMapping : Mapped to org.springframework.boot.webmvc.autoconfigure.error.BasicErrorController#error(HttpServletRequest)
2026-09-08T00:58:26.901+05:30 DEBUG 14276 --- [api-gateway] [nio-8082-exec-4] o.s.w.s.m.m.a.HttpEntityMethodProcessor  : Using 'application/json', given [*/*] and supported [application/json, application/*+json]
2026-09-08T00:58:26.902+05:30 DEBUG 14276 --- [api-gateway] [nio-8082-exec-4] o.s.w.s.m.m.a.HttpEntityMethodProcessor  : Writing [{timestamp=Tue Sep 08 00:58:26 IST 2026, status=500, error=Internal Server Error, path=/rider-servic (truncated)...]
2026-09-08T00:58:26.902+05:30 DEBUG 14276 --- [api-gateway] [nio-8082-exec-4] o.s.web.servlet.DispatcherServlet        : Exiting from "ERROR" dispatch, status 500
2026-09-08T00:58:27.504+05:30  INFO 14276 --- [api-gateway] [reshExecutor-%d] com.netflix.discovery.DiscoveryClient    : Disable delta property : false
2026-09-08T00:58:27.517+05:30  INFO 14276 --- [api-gateway] [reshExecutor-%d] com.netflix.discovery.DiscoveryClient    : Single vip registry refresh property : null
2026-09-08T00:58:27.517+05:30  INFO 14276 --- [api-gateway] [reshExecutor-%d] com.netflix.discovery.DiscoveryClient    : Force full registry fetch : false
2026-09-08T00:58:27.517+05:30  INFO 14276 --- [api-gateway] [reshExecutor-%d] com.netflix.discovery.DiscoveryClient    : Application is null : false
2026-09-08T00:58:27.517+05:30  INFO 14276 --- [api-gateway] [reshExecutor-%d] com.netflix.discovery.DiscoveryClient    : Registered Applications size is zero : true
2026-09-08T00:58:27.517+05:30  INFO 14276 --- [api-gateway] [reshExecutor-%d] com.netflix.discovery.DiscoveryClient    : Application version is -1: false
2026-09-08T00:58:27.518+05:30  INFO 14276 --- [api-gateway] [reshExecutor-%d] com.netflix.discovery.DiscoveryClient    : Getting all instance registry info from the eureka server
2026-09-08T00:58:27.540+05:30 DEBUG 14276 --- [api-gateway] [reshExecutor-%d] o.s.web.client.DefaultRestClient         : Reading to [com.netflix.discovery.shared.Applications]
2026-09-08T00:58:27.548+05:30  INFO 14276 --- [api-gateway] [reshExecutor-%d] com.netflix.discovery.DiscoveryClient    : The response status is 200
2026-09-08T00:58:28.808+05:30 DEBUG 14276 --- [api-gateway] [nio-8082-exec-7] o.s.web.servlet.DispatcherServlet        : GET "/driver-service/drivers", parameters={}
2026-09-08T00:58:28.822+05:30 DEBUG 14276 --- [api-gateway] [nio-8082-exec-7] o.s.w.s.f.support.RouterFunctionMapping  : Mapped to org.springframework.web.servlet.function.HandlerFilterFunction$$Lambda$1275/0x00000140466c5c10@346b7c84
2026-09-08T00:58:28.823+05:30  WARN 14276 --- [api-gateway] [nio-8082-exec-7] o.s.c.l.core.RoundRobinLoadBalancer      : No servers available for service: driver-service
2026-09-08T00:58:28.824+05:30 DEBUG 14276 --- [api-gateway] [nio-8082-exec-7] o.s.web.servlet.DispatcherServlet        : Failed to complete request: org.springframework.web.client.HttpServerErrorException: 503 Unable to find instance for driver-service
2026-09-08T00:58:28.825+05:30 ERROR 14276 --- [api-gateway] [nio-8082-exec-7] o.a.c.c.C.[.[.[/].[dispatcherServlet]    : Servlet.service() for servlet [dispatcherServlet] in context with path [] threw exception [Request processing failed: org.springframework.web.client.HttpServerErrorException: 503 Unable to find instance for driver-service] with root cause

org.springframework.web.client.HttpServerErrorException: 503 Unable to find instance for driver-service
	at org.springframework.cloud.gateway.server.mvc.filter.LoadBalancerFilterFunctions.lambda$lb$5(LoadBalancerFilterFunctions.java:92) ~[spring-cloud-gateway-server-webmvc-5.0.3.jar:5.0.3]
	at org.springframework.web.servlet.function.HandlerFilterFunction.lambda$andThen$1(HandlerFilterFunction.java:58) ~[spring-webmvc-7.0.9.jar:7.0.9]
	at org.springframework.web.servlet.function.HandlerFilterFunction.lambda$ofRequestProcessor$0(HandlerFilterFunction.java:83) ~[spring-webmvc-7.0.9.jar:7.0.9]
	at org.springframework.web.servlet.function.HandlerFilterFunction.lambda$andThen$1(HandlerFilterFunction.java:58) ~[spring-webmvc-7.0.9.jar:7.0.9]
	at org.springframework.web.servlet.function.HandlerFilterFunction.lambda$ofRequestProcessor$0(HandlerFilterFunction.java:83) ~[spring-webmvc-7.0.9.jar:7.0.9]
	at org.springframework.web.servlet.function.HandlerFilterFunction.lambda$andThen$0(HandlerFilterFunction.java:59) ~[spring-webmvc-7.0.9.jar:7.0.9]
	at org.springframework.web.servlet.function.HandlerFilterFunction.lambda$andThen$0(HandlerFilterFunction.java:59) ~[spring-webmvc-7.0.9.jar:7.0.9]
	at org.springframework.web.servlet.function.HandlerFilterFunction.lambda$apply$0(HandlerFilterFunction.java:70) ~[spring-webmvc-7.0.9.jar:7.0.9]
	at org.springframework.web.servlet.function.support.HandlerFunctionAdapter.handle(HandlerFunctionAdapter.java:106) ~[spring-webmvc-7.0.9.jar:7.0.9]
	at org.springframework.web.servlet.DispatcherServlet.doDispatch(DispatcherServlet.java:963) ~[spring-webmvc-7.0.9.jar:7.0.9]
	at org.springframework.web.servlet.DispatcherServlet.doService(DispatcherServlet.java:866) ~[spring-webmvc-7.0.9.jar:7.0.9]
	at org.springframework.web.servlet.FrameworkServlet.processRequest(FrameworkServlet.java:1000) ~[spring-webmvc-7.0.9.jar:7.0.9]
	at org.springframework.web.servlet.FrameworkServlet.doGet(FrameworkServlet.java:892) ~[spring-webmvc-7.0.9.jar:7.0.9]
	at jakarta.servlet.http.HttpServlet.service(HttpServlet.java:622) ~[tomcat-embed-core-11.0.24.jar:6.1]
	at org.springframework.web.servlet.FrameworkServlet.service(FrameworkServlet.java:874) ~[spring-webmvc-7.0.9.jar:7.0.9]
	at jakarta.servlet.http.HttpServlet.service(HttpServlet.java:710) ~[tomcat-embed-core-11.0.24.jar:6.1]
	at org.apache.catalina.core.ApplicationFilterChain.doFilter(ApplicationFilterChain.java:132) ~[tomcat-embed-core-11.0.24.jar:11.0.24]
	at org.apache.tomcat.websocket.server.WsFilter.doFilter(WsFilter.java:59) ~[tomcat-embed-websocket-11.0.24.jar:11.0.24]
	at org.apache.catalina.core.ApplicationFilterChain.doFilter(ApplicationFilterChain.java:111) ~[tomcat-embed-core-11.0.24.jar:11.0.24]
	at org.springframework.cloud.gateway.server.mvc.filter.WeightCalculatorFilter.doFilter(WeightCalculatorFilter.java:233) ~[spring-cloud-gateway-server-webmvc-5.0.3.jar:5.0.3]
	at org.apache.catalina.core.ApplicationFilterChain.doFilter(ApplicationFilterChain.java:111) ~[tomcat-embed-core-11.0.24.jar:11.0.24]
	at org.springframework.cloud.gateway.server.mvc.filter.FormFilter.doFilter(FormFilter.java:93) ~[spring-cloud-gateway-server-webmvc-5.0.3.jar:5.0.3]
	at org.apache.catalina.core.ApplicationFilterChain.doFilter(ApplicationFilterChain.java:111) ~[tomcat-embed-core-11.0.24.jar:11.0.24]
	at org.springframework.web.filter.RequestContextFilter.doFilterInternal(RequestContextFilter.java:100) ~[spring-web-7.0.9.jar:7.0.9]
	at org.springframework.web.filter.OncePerRequestFilter.doFilter(OncePerRequestFilter.java:116) ~[spring-web-7.0.9.jar:7.0.9]
	at org.apache.catalina.core.ApplicationFilterChain.doFilter(ApplicationFilterChain.java:111) ~[tomcat-embed-core-11.0.24.jar:11.0.24]
	at org.springframework.web.filter.FormContentFilter.doFilterInternal(FormContentFilter.java:93) ~[spring-web-7.0.9.jar:7.0.9]
	at org.springframework.web.filter.OncePerRequestFilter.doFilter(OncePerRequestFilter.java:116) ~[spring-web-7.0.9.jar:7.0.9]
	at org.apache.catalina.core.ApplicationFilterChain.doFilter(ApplicationFilterChain.java:111) ~[tomcat-embed-core-11.0.24.jar:11.0.24]
	at org.springframework.web.filter.CharacterEncodingFilter.doFilterInternal(CharacterEncodingFilter.java:199) ~[spring-web-7.0.9.jar:7.0.9]
	at org.springframework.web.filter.OncePerRequestFilter.doFilter(OncePerRequestFilter.java:116) ~[spring-web-7.0.9.jar:7.0.9]
	at org.apache.catalina.core.ApplicationFilterChain.doFilter(ApplicationFilterChain.java:111) ~[tomcat-embed-core-11.0.24.jar:11.0.24]
	at org.apache.catalina.core.StandardWrapperValve.invoke(StandardWrapperValve.java:165) ~[tomcat-embed-core-11.0.24.jar:11.0.24]
	at org.apache.catalina.core.StandardContextValve.invoke(StandardContextValve.java:77) ~[tomcat-embed-core-11.0.24.jar:11.0.24]
	at org.apache.catalina.authenticator.AuthenticatorBase.invoke(AuthenticatorBase.java:535) ~[tomcat-embed-core-11.0.24.jar:11.0.24]
	at org.apache.catalina.core.StandardHostValve.invoke(StandardHostValve.java:115) ~[tomcat-embed-core-11.0.24.jar:11.0.24]
	at org.apache.catalina.valves.ErrorReportValve.invoke(ErrorReportValve.java:86) ~[tomcat-embed-core-11.0.24.jar:11.0.24]
	at org.apache.catalina.core.StandardEngineValve.invoke(StandardEngineValve.java:71) ~[tomcat-embed-core-11.0.24.jar:11.0.24]
	at org.apache.catalina.connector.CoyoteAdapter.service(CoyoteAdapter.java:347) ~[tomcat-embed-core-11.0.24.jar:11.0.24]
	at org.apache.coyote.http11.Http11Processor.service(Http11Processor.java:406) ~[tomcat-embed-core-11.0.24.jar:11.0.24]
	at org.apache.coyote.AbstractProcessorLight.process(AbstractProcessorLight.java:71) ~[tomcat-embed-core-11.0.24.jar:11.0.24]
	at org.apache.coyote.AbstractProtocol$ConnectionHandler.process(AbstractProtocol.java:1307) ~[tomcat-embed-core-11.0.24.jar:11.0.24]
	at org.apache.tomcat.util.net.NioEndpoint$SocketProcessor.doRun(NioEndpoint.java:2036) ~[tomcat-embed-core-11.0.24.jar:11.0.24]
	at org.apache.tomcat.util.net.SocketProcessorBase.run(SocketProcessorBase.java:74) ~[tomcat-embed-core-11.0.24.jar:11.0.24]
	at org.apache.tomcat.util.threads.ThreadPoolExecutor.runWorker(ThreadPoolExecutor.java:949) ~[tomcat-embed-core-11.0.24.jar:11.0.24]
	at org.apache.tomcat.util.threads.ThreadPoolExecutor$Worker.run(ThreadPoolExecutor.java:483) ~[tomcat-embed-core-11.0.24.jar:11.0.24]
	at org.apache.tomcat.util.threads.TaskThread$WrappingRunnable.run(TaskThread.java:74) ~[tomcat-embed-core-11.0.24.jar:11.0.24]
	at java.base/java.lang.Thread.run(Thread.java:840) ~[na:na]

2026-09-08T00:58:28.827+05:30 DEBUG 14276 --- [api-gateway] [nio-8082-exec-7] o.s.web.servlet.DispatcherServlet        : "ERROR" dispatch for GET "/error", parameters={}
2026-09-08T00:58:28.827+05:30 DEBUG 14276 --- [api-gateway] [nio-8082-exec-7] s.w.s.m.m.a.RequestMappingHandlerMapping : Mapped to org.springframework.boot.webmvc.autoconfigure.error.BasicErrorController#error(HttpServletRequest)
2026-09-08T00:58:28.828+05:30 DEBUG 14276 --- [api-gateway] [nio-8082-exec-7] o.s.w.s.m.m.a.HttpEntityMethodProcessor  : Using 'application/json', given [*/*] and supported [application/json, application/*+json]
2026-09-08T00:58:28.829+05:30 DEBUG 14276 --- [api-gateway] [nio-8082-exec-7] o.s.w.s.m.m.a.HttpEntityMethodProcessor  : Writing [{timestamp=Tue Sep 08 00:58:28 IST 2026, status=500, error=Internal Server Error, path=/driver-servi (truncated)...]
2026-09-08T00:58:28.830+05:30 DEBUG 14276 --- [api-gateway] [nio-8082-exec-7] o.s.web.servlet.DispatcherServlet        : Exiting from "ERROR" dispatch, status 500
2026-09-08T00:58:28.836+05:30 DEBUG 14276 --- [api-gateway] [nio-8082-exec-8] o.s.web.servlet.DispatcherServlet        : GET "/rider-service/riders", parameters={}
2026-09-08T00:58:28.837+05:30 DEBUG 14276 --- [api-gateway] [nio-8082-exec-8] o.s.w.s.f.support.RouterFunctionMapping  : Mapped to org.springframework.web.servlet.function.HandlerFilterFunction$$Lambda$1275/0x00000140466c5c10@52048c5
2026-09-08T00:58:28.837+05:30  WARN 14276 --- [api-gateway] [nio-8082-exec-8] o.s.c.l.core.RoundRobinLoadBalancer      : No servers available for service: rider-service
2026-09-08T00:58:28.838+05:30 DEBUG 14276 --- [api-gateway] [nio-8082-exec-8] o.s.web.servlet.DispatcherServlet        : Failed to complete request: org.springframework.web.client.HttpServerErrorException: 503 Unable to find instance for rider-service
2026-09-08T00:58:28.838+05:30 ERROR 14276 --- [api-gateway] [nio-8082-exec-8] o.a.c.c.C.[.[.[/].[dispatcherServlet]    : Servlet.service() for servlet [dispatcherServlet] in context with path [] threw exception [Request processing failed: org.springframework.web.client.HttpServerErrorException: 503 Unable to find instance for rider-service] with root cause

org.springframework.web.client.HttpServerErrorException: 503 Unable to find instance for rider-service
	at org.springframework.cloud.gateway.server.mvc.filter.LoadBalancerFilterFunctions.lambda$lb$5(LoadBalancerFilterFunctions.java:92) ~[spring-cloud-gateway-server-webmvc-5.0.3.jar:5.0.3]
	at org.springframework.web.servlet.function.HandlerFilterFunction.lambda$andThen$1(HandlerFilterFunction.java:58) ~[spring-webmvc-7.0.9.jar:7.0.9]
	at org.springframework.web.servlet.function.HandlerFilterFunction.lambda$ofRequestProcessor$0(HandlerFilterFunction.java:83) ~[spring-webmvc-7.0.9.jar:7.0.9]
	at org.springframework.web.servlet.function.HandlerFilterFunction.lambda$andThen$1(HandlerFilterFunction.java:58) ~[spring-webmvc-7.0.9.jar:7.0.9]
	at org.springframework.web.servlet.function.HandlerFilterFunction.lambda$ofRequestProcessor$0(HandlerFilterFunction.java:83) ~[spring-webmvc-7.0.9.jar:7.0.9]
	at org.springframework.web.servlet.function.HandlerFilterFunction.lambda$andThen$0(HandlerFilterFunction.java:59) ~[spring-webmvc-7.0.9.jar:7.0.9]
	at org.springframework.web.servlet.function.HandlerFilterFunction.lambda$andThen$0(HandlerFilterFunction.java:59) ~[spring-webmvc-7.0.9.jar:7.0.9]
	at org.springframework.web.servlet.function.HandlerFilterFunction.lambda$apply$0(HandlerFilterFunction.java:70) ~[spring-webmvc-7.0.9.jar:7.0.9]
	at org.springframework.web.servlet.function.support.HandlerFunctionAdapter.handle(HandlerFunctionAdapter.java:106) ~[spring-webmvc-7.0.9.jar:7.0.9]
	at org.springframework.web.servlet.DispatcherServlet.doDispatch(DispatcherServlet.java:963) ~[spring-webmvc-7.0.9.jar:7.0.9]
	at org.springframework.web.servlet.DispatcherServlet.doService(DispatcherServlet.java:866) ~[spring-webmvc-7.0.9.jar:7.0.9]
	at org.springframework.web.servlet.FrameworkServlet.processRequest(FrameworkServlet.java:1000) ~[spring-webmvc-7.0.9.jar:7.0.9]
	at org.springframework.web.servlet.FrameworkServlet.doGet(FrameworkServlet.java:892) ~[spring-webmvc-7.0.9.jar:7.0.9]
	at jakarta.servlet.http.HttpServlet.service(HttpServlet.java:622) ~[tomcat-embed-core-11.0.24.jar:6.1]
	at org.springframework.web.servlet.FrameworkServlet.service(FrameworkServlet.java:874) ~[spring-webmvc-7.0.9.jar:7.0.9]
	at jakarta.servlet.http.HttpServlet.service(HttpServlet.java:710) ~[tomcat-embed-core-11.0.24.jar:6.1]
	at org.apache.catalina.core.ApplicationFilterChain.doFilter(ApplicationFilterChain.java:132) ~[tomcat-embed-core-11.0.24.jar:11.0.24]
	at org.apache.tomcat.websocket.server.WsFilter.doFilter(WsFilter.java:59) ~[tomcat-embed-websocket-11.0.24.jar:11.0.24]
	at org.apache.catalina.core.ApplicationFilterChain.doFilter(ApplicationFilterChain.java:111) ~[tomcat-embed-core-11.0.24.jar:11.0.24]
	at org.springframework.cloud.gateway.server.mvc.filter.WeightCalculatorFilter.doFilter(WeightCalculatorFilter.java:233) ~[spring-cloud-gateway-server-webmvc-5.0.3.jar:5.0.3]
	at org.apache.catalina.core.ApplicationFilterChain.doFilter(ApplicationFilterChain.java:111) ~[tomcat-embed-core-11.0.24.jar:11.0.24]
	at org.springframework.cloud.gateway.server.mvc.filter.FormFilter.doFilter(FormFilter.java:93) ~[spring-cloud-gateway-server-webmvc-5.0.3.jar:5.0.3]
	at org.apache.catalina.core.ApplicationFilterChain.doFilter(ApplicationFilterChain.java:111) ~[tomcat-embed-core-11.0.24.jar:11.0.24]
	at org.springframework.web.filter.RequestContextFilter.doFilterInternal(RequestContextFilter.java:100) ~[spring-web-7.0.9.jar:7.0.9]
	at org.springframework.web.filter.OncePerRequestFilter.doFilter(OncePerRequestFilter.java:116) ~[spring-web-7.0.9.jar:7.0.9]
	at org.apache.catalina.core.ApplicationFilterChain.doFilter(ApplicationFilterChain.java:111) ~[tomcat-embed-core-11.0.24.jar:11.0.24]
	at org.springframework.web.filter.FormContentFilter.doFilterInternal(FormContentFilter.java:93) ~[spring-web-7.0.9.jar:7.0.9]
	at org.springframework.web.filter.OncePerRequestFilter.doFilter(OncePerRequestFilter.java:116) ~[spring-web-7.0.9.jar:7.0.9]
	at org.apache.catalina.core.ApplicationFilterChain.doFilter(ApplicationFilterChain.java:111) ~[tomcat-embed-core-11.0.24.jar:11.0.24]
	at org.springframework.web.filter.CharacterEncodingFilter.doFilterInternal(CharacterEncodingFilter.java:199) ~[spring-web-7.0.9.jar:7.0.9]
	at org.springframework.web.filter.OncePerRequestFilter.doFilter(OncePerRequestFilter.java:116) ~[spring-web-7.0.9.jar:7.0.9]
	at org.apache.catalina.core.ApplicationFilterChain.doFilter(ApplicationFilterChain.java:111) ~[tomcat-embed-core-11.0.24.jar:11.0.24]
	at org.apache.catalina.core.StandardWrapperValve.invoke(StandardWrapperValve.java:165) ~[tomcat-embed-core-11.0.24.jar:11.0.24]
	at org.apache.catalina.core.StandardContextValve.invoke(StandardContextValve.java:77) ~[tomcat-embed-core-11.0.24.jar:11.0.24]
	at org.apache.catalina.authenticator.AuthenticatorBase.invoke(AuthenticatorBase.java:535) ~[tomcat-embed-core-11.0.24.jar:11.0.24]
	at org.apache.catalina.core.StandardHostValve.invoke(StandardHostValve.java:115) ~[tomcat-embed-core-11.0.24.jar:11.0.24]
	at org.apache.catalina.valves.ErrorReportValve.invoke(ErrorReportValve.java:86) ~[tomcat-embed-core-11.0.24.jar:11.0.24]
	at org.apache.catalina.core.StandardEngineValve.invoke(StandardEngineValve.java:71) ~[tomcat-embed-core-11.0.24.jar:11.0.24]
	at org.apache.catalina.connector.CoyoteAdapter.service(CoyoteAdapter.java:347) ~[tomcat-embed-core-11.0.24.jar:11.0.24]
	at org.apache.coyote.http11.Http11Processor.service(Http11Processor.java:406) ~[tomcat-embed-core-11.0.24.jar:11.0.24]
	at org.apache.coyote.AbstractProcessorLight.process(AbstractProcessorLight.java:71) ~[tomcat-embed-core-11.0.24.jar:11.0.24]
	at org.apache.coyote.AbstractProtocol$ConnectionHandler.process(AbstractProtocol.java:1307) ~[tomcat-embed-core-11.0.24.jar:11.0.24]
	at org.apache.tomcat.util.net.NioEndpoint$SocketProcessor.doRun(NioEndpoint.java:2036) ~[tomcat-embed-core-11.0.24.jar:11.0.24]
	at org.apache.tomcat.util.net.SocketProcessorBase.run(SocketProcessorBase.java:74) ~[tomcat-embed-core-11.0.24.jar:11.0.24]
	at org.apache.tomcat.util.threads.ThreadPoolExecutor.runWorker(ThreadPoolExecutor.java:949) ~[tomcat-embed-core-11.0.24.jar:11.0.24]
	at org.apache.tomcat.util.threads.ThreadPoolExecutor$Worker.run(ThreadPoolExecutor.java:483) ~[tomcat-embed-core-11.0.24.jar:11.0.24]
	at org.apache.tomcat.util.threads.TaskThread$WrappingRunnable.run(TaskThread.java:74) ~[tomcat-embed-core-11.0.24.jar:11.0.24]
	at java.base/java.lang.Thread.run(Thread.java:840) ~[na:na]

2026-09-08T00:58:28.838+05:30 DEBUG 14276 --- [api-gateway] [nio-8082-exec-8] o.s.web.servlet.DispatcherServlet        : "ERROR" dispatch for GET "/error", parameters={}
2026-09-08T00:58:28.839+05:30 DEBUG 14276 --- [api-gateway] [nio-8082-exec-8] s.w.s.m.m.a.RequestMappingHandlerMapping : Mapped to org.springframework.boot.webmvc.autoconfigure.error.BasicErrorController#error(HttpServletRequest)
2026-09-08T00:58:28.839+05:30 DEBUG 14276 --- [api-gateway] [nio-8082-exec-8] o.s.w.s.m.m.a.HttpEntityMethodProcessor  : Using 'application/json', given [*/*] and supported [application/json, application/*+json]
2026-09-08T00:58:28.840+05:30 DEBUG 14276 --- [api-gateway] [nio-8082-exec-8] o.s.w.s.m.m.a.HttpEntityMethodProcessor  : Writing [{timestamp=Tue Sep 08 00:58:28 IST 2026, status=500, error=Internal Server Error, path=/rider-servic (truncated)...]
2026-09-08T00:58:28.840+05:30 DEBUG 14276 --- [api-gateway] [nio-8082-exec-8] o.s.web.servlet.DispatcherServlet        : Exiting from "ERROR" dispatch, status 500
2026-09-08T00:58:30.847+05:30 DEBUG 14276 --- [api-gateway] [nio-8082-exec-2] o.s.web.servlet.DispatcherServlet        : GET "/driver-service/drivers", parameters={}
2026-09-08T00:58:30.849+05:30 DEBUG 14276 --- [api-gateway] [nio-8082-exec-2] o.s.w.s.f.support.RouterFunctionMapping  : Mapped to org.springframework.web.servlet.function.HandlerFilterFunction$$Lambda$1275/0x00000140466c5c10@43bee716
2026-09-08T00:58:30.851+05:30  WARN 14276 --- [api-gateway] [nio-8082-exec-2] o.s.c.l.core.RoundRobinLoadBalancer      : No servers available for service: driver-service
2026-09-08T00:58:30.852+05:30 DEBUG 14276 --- [api-gateway] [nio-8082-exec-2] o.s.web.servlet.DispatcherServlet        : Failed to complete request: org.springframework.web.client.HttpServerErrorException: 503 Unable to find instance for driver-service
2026-09-08T00:58:30.853+05:30 ERROR 14276 --- [api-gateway] [nio-8082-exec-2] o.a.c.c.C.[.[.[/].[dispatcherServlet]    : Servlet.service() for servlet [dispatcherServlet] in context with path [] threw exception [Request processing failed: org.springframework.web.client.HttpServerErrorException: 503 Unable to find instance for driver-service] with root cause

org.springframework.web.client.HttpServerErrorException: 503 Unable to find instance for driver-service
	at org.springframework.cloud.gateway.server.mvc.filter.LoadBalancerFilterFunctions.lambda$lb$5(LoadBalancerFilterFunctions.java:92) ~[spring-cloud-gateway-server-webmvc-5.0.3.jar:5.0.3]
	at org.springframework.web.servlet.function.HandlerFilterFunction.lambda$andThen$1(HandlerFilterFunction.java:58) ~[spring-webmvc-7.0.9.jar:7.0.9]
	at org.springframework.web.servlet.function.HandlerFilterFunction.lambda$ofRequestProcessor$0(HandlerFilterFunction.java:83) ~[spring-webmvc-7.0.9.jar:7.0.9]
	at org.springframework.web.servlet.function.HandlerFilterFunction.lambda$andThen$1(HandlerFilterFunction.java:58) ~[spring-webmvc-7.0.9.jar:7.0.9]
	at org.springframework.web.servlet.function.HandlerFilterFunction.lambda$ofRequestProcessor$0(HandlerFilterFunction.java:83) ~[spring-webmvc-7.0.9.jar:7.0.9]
	at org.springframework.web.servlet.function.HandlerFilterFunction.lambda$andThen$0(HandlerFilterFunction.java:59) ~[spring-webmvc-7.0.9.jar:7.0.9]
	at org.springframework.web.servlet.function.HandlerFilterFunction.lambda$andThen$0(HandlerFilterFunction.java:59) ~[spring-webmvc-7.0.9.jar:7.0.9]
	at org.springframework.web.servlet.function.HandlerFilterFunction.lambda$apply$0(HandlerFilterFunction.java:70) ~[spring-webmvc-7.0.9.jar:7.0.9]
	at org.springframework.web.servlet.function.support.HandlerFunctionAdapter.handle(HandlerFunctionAdapter.java:106) ~[spring-webmvc-7.0.9.jar:7.0.9]
	at org.springframework.web.servlet.DispatcherServlet.doDispatch(DispatcherServlet.java:963) ~[spring-webmvc-7.0.9.jar:7.0.9]
	at org.springframework.web.servlet.DispatcherServlet.doService(DispatcherServlet.java:866) ~[spring-webmvc-7.0.9.jar:7.0.9]
	at org.springframework.web.servlet.FrameworkServlet.processRequest(FrameworkServlet.java:1000) ~[spring-webmvc-7.0.9.jar:7.0.9]
	at org.springframework.web.servlet.FrameworkServlet.doGet(FrameworkServlet.java:892) ~[spring-webmvc-7.0.9.jar:7.0.9]
	at jakarta.servlet.http.HttpServlet.service(HttpServlet.java:622) ~[tomcat-embed-core-11.0.24.jar:6.1]
	at org.springframework.web.servlet.FrameworkServlet.service(FrameworkServlet.java:874) ~[spring-webmvc-7.0.9.jar:7.0.9]
	at jakarta.servlet.http.HttpServlet.service(HttpServlet.java:710) ~[tomcat-embed-core-11.0.24.jar:6.1]
	at org.apache.catalina.core.ApplicationFilterChain.doFilter(ApplicationFilterChain.java:132) ~[tomcat-embed-core-11.0.24.jar:11.0.24]
	at org.apache.tomcat.websocket.server.WsFilter.doFilter(WsFilter.java:59) ~[tomcat-embed-websocket-11.0.24.jar:11.0.24]
	at org.apache.catalina.core.ApplicationFilterChain.doFilter(ApplicationFilterChain.java:111) ~[tomcat-embed-core-11.0.24.jar:11.0.24]
	at org.springframework.cloud.gateway.server.mvc.filter.WeightCalculatorFilter.doFilter(WeightCalculatorFilter.java:233) ~[spring-cloud-gateway-server-webmvc-5.0.3.jar:5.0.3]
	at org.apache.catalina.core.ApplicationFilterChain.doFilter(ApplicationFilterChain.java:111) ~[tomcat-embed-core-11.0.24.jar:11.0.24]
	at org.springframework.cloud.gateway.server.mvc.filter.FormFilter.doFilter(FormFilter.java:93) ~[spring-cloud-gateway-server-webmvc-5.0.3.jar:5.0.3]
	at org.apache.catalina.core.ApplicationFilterChain.doFilter(ApplicationFilterChain.java:111) ~[tomcat-embed-core-11.0.24.jar:11.0.24]
	at org.springframework.web.filter.RequestContextFilter.doFilterInternal(RequestContextFilter.java:100) ~[spring-web-7.0.9.jar:7.0.9]
	at org.springframework.web.filter.OncePerRequestFilter.doFilter(OncePerRequestFilter.java:116) ~[spring-web-7.0.9.jar:7.0.9]
	at org.apache.catalina.core.ApplicationFilterChain.doFilter(ApplicationFilterChain.java:111) ~[tomcat-embed-core-11.0.24.jar:11.0.24]
	at org.springframework.web.filter.FormContentFilter.doFilterInternal(FormContentFilter.java:93) ~[spring-web-7.0.9.jar:7.0.9]
	at org.springframework.web.filter.OncePerRequestFilter.doFilter(OncePerRequestFilter.java:116) ~[spring-web-7.0.9.jar:7.0.9]
	at org.apache.catalina.core.ApplicationFilterChain.doFilter(ApplicationFilterChain.java:111) ~[tomcat-embed-core-11.0.24.jar:11.0.24]
	at org.springframework.web.filter.CharacterEncodingFilter.doFilterInternal(CharacterEncodingFilter.java:199) ~[spring-web-7.0.9.jar:7.0.9]
	at org.springframework.web.filter.OncePerRequestFilter.doFilter(OncePerRequestFilter.java:116) ~[spring-web-7.0.9.jar:7.0.9]
	at org.apache.catalina.core.ApplicationFilterChain.doFilter(ApplicationFilterChain.java:111) ~[tomcat-embed-core-11.0.24.jar:11.0.24]
	at org.apache.catalina.core.StandardWrapperValve.invoke(StandardWrapperValve.java:165) ~[tomcat-embed-core-11.0.24.jar:11.0.24]
	at org.apache.catalina.core.StandardContextValve.invoke(StandardContextValve.java:77) ~[tomcat-embed-core-11.0.24.jar:11.0.24]
	at org.apache.catalina.authenticator.AuthenticatorBase.invoke(AuthenticatorBase.java:535) ~[tomcat-embed-core-11.0.24.jar:11.0.24]
	at org.apache.catalina.core.StandardHostValve.invoke(StandardHostValve.java:115) ~[tomcat-embed-core-11.0.24.jar:11.0.24]
	at org.apache.catalina.valves.ErrorReportValve.invoke(ErrorReportValve.java:86) ~[tomcat-embed-core-11.0.24.jar:11.0.24]
	at org.apache.catalina.core.StandardEngineValve.invoke(StandardEngineValve.java:71) ~[tomcat-embed-core-11.0.24.jar:11.0.24]
	at org.apache.catalina.connector.CoyoteAdapter.service(CoyoteAdapter.java:347) ~[tomcat-embed-core-11.0.24.jar:11.0.24]
	at org.apache.coyote.http11.Http11Processor.service(Http11Processor.java:406) ~[tomcat-embed-core-11.0.24.jar:11.0.24]
	at org.apache.coyote.AbstractProcessorLight.process(AbstractProcessorLight.java:71) ~[tomcat-embed-core-11.0.24.jar:11.0.24]
	at org.apache.coyote.AbstractProtocol$ConnectionHandler.process(AbstractProtocol.java:1307) ~[tomcat-embed-core-11.0.24.jar:11.0.24]
	at org.apache.tomcat.util.net.NioEndpoint$SocketProcessor.doRun(NioEndpoint.java:2036) ~[tomcat-embed-core-11.0.24.jar:11.0.24]
	at org.apache.tomcat.util.net.SocketProcessorBase.run(SocketProcessorBase.java:74) ~[tomcat-embed-core-11.0.24.jar:11.0.24]
	at org.apache.tomcat.util.threads.ThreadPoolExecutor.runWorker(ThreadPoolExecutor.java:949) ~[tomcat-embed-core-11.0.24.jar:11.0.24]
	at org.apache.tomcat.util.threads.ThreadPoolExecutor$Worker.run(ThreadPoolExecutor.java:483) ~[tomcat-embed-core-11.0.24.jar:11.0.24]
	at org.apache.tomcat.util.threads.TaskThread$WrappingRunnable.run(TaskThread.java:74) ~[tomcat-embed-core-11.0.24.jar:11.0.24]
	at java.base/java.lang.Thread.run(Thread.java:840) ~[na:na]

2026-09-08T00:58:30.854+05:30 DEBUG 14276 --- [api-gateway] [nio-8082-exec-2] o.s.web.servlet.DispatcherServlet        : "ERROR" dispatch for GET "/error", parameters={}
2026-09-08T00:58:30.855+05:30 DEBUG 14276 --- [api-gateway] [nio-8082-exec-2] s.w.s.m.m.a.RequestMappingHandlerMapping : Mapped to org.springframework.boot.webmvc.autoconfigure.error.BasicErrorController#error(HttpServletRequest)
2026-09-08T00:58:30.856+05:30 DEBUG 14276 --- [api-gateway] [nio-8082-exec-2] o.s.w.s.m.m.a.HttpEntityMethodProcessor  : Using 'application/json', given [*/*] and supported [application/json, application/*+json]
2026-09-08T00:58:30.856+05:30 DEBUG 14276 --- [api-gateway] [nio-8082-exec-2] o.s.w.s.m.m.a.HttpEntityMethodProcessor  : Writing [{timestamp=Tue Sep 08 00:58:30 IST 2026, status=500, error=Internal Server Error, path=/driver-servi (truncated)...]
2026-09-08T00:58:30.857+05:30 DEBUG 14276 --- [api-gateway] [nio-8082-exec-2] o.s.web.servlet.DispatcherServlet        : Exiting from "ERROR" dispatch, status 500
2026-09-08T00:58:30.861+05:30 DEBUG 14276 --- [api-gateway] [nio-8082-exec-5] o.s.web.servlet.DispatcherServlet        : GET "/rider-service/riders", parameters={}
2026-09-08T00:58:30.862+05:30 DEBUG 14276 --- [api-gateway] [nio-8082-exec-5] o.s.w.s.f.support.RouterFunctionMapping  : Mapped to org.springframework.web.servlet.function.HandlerFilterFunction$$Lambda$1275/0x00000140466c5c10@255c6857
2026-09-08T00:58:30.863+05:30  WARN 14276 --- [api-gateway] [nio-8082-exec-5] o.s.c.l.core.RoundRobinLoadBalancer      : No servers available for service: rider-service
2026-09-08T00:58:30.863+05:30 DEBUG 14276 --- [api-gateway] [nio-8082-exec-5] o.s.web.servlet.DispatcherServlet        : Failed to complete request: org.springframework.web.client.HttpServerErrorException: 503 Unable to find instance for rider-service
2026-09-08T00:58:30.864+05:30 ERROR 14276 --- [api-gateway] [nio-8082-exec-5] o.a.c.c.C.[.[.[/].[dispatcherServlet]    : Servlet.service() for servlet [dispatcherServlet] in context with path [] threw exception [Request processing failed: org.springframework.web.client.HttpServerErrorException: 503 Unable to find instance for rider-service] with root cause

org.springframework.web.client.HttpServerErrorException: 503 Unable to find instance for rider-service
	at org.springframework.cloud.gateway.server.mvc.filter.LoadBalancerFilterFunctions.lambda$lb$5(LoadBalancerFilterFunctions.java:92) ~[spring-cloud-gateway-server-webmvc-5.0.3.jar:5.0.3]
	at org.springframework.web.servlet.function.HandlerFilterFunction.lambda$andThen$1(HandlerFilterFunction.java:58) ~[spring-webmvc-7.0.9.jar:7.0.9]
	at org.springframework.web.servlet.function.HandlerFilterFunction.lambda$ofRequestProcessor$0(HandlerFilterFunction.java:83) ~[spring-webmvc-7.0.9.jar:7.0.9]
	at org.springframework.web.servlet.function.HandlerFilterFunction.lambda$andThen$1(HandlerFilterFunction.java:58) ~[spring-webmvc-7.0.9.jar:7.0.9]
	at org.springframework.web.servlet.function.HandlerFilterFunction.lambda$ofRequestProcessor$0(HandlerFilterFunction.java:83) ~[spring-webmvc-7.0.9.jar:7.0.9]
	at org.springframework.web.servlet.function.HandlerFilterFunction.lambda$andThen$0(HandlerFilterFunction.java:59) ~[spring-webmvc-7.0.9.jar:7.0.9]
	at org.springframework.web.servlet.function.HandlerFilterFunction.lambda$andThen$0(HandlerFilterFunction.java:59) ~[spring-webmvc-7.0.9.jar:7.0.9]
	at org.springframework.web.servlet.function.HandlerFilterFunction.lambda$apply$0(HandlerFilterFunction.java:70) ~[spring-webmvc-7.0.9.jar:7.0.9]
	at org.springframework.web.servlet.function.support.HandlerFunctionAdapter.handle(HandlerFunctionAdapter.java:106) ~[spring-webmvc-7.0.9.jar:7.0.9]
	at org.springframework.web.servlet.DispatcherServlet.doDispatch(DispatcherServlet.java:963) ~[spring-webmvc-7.0.9.jar:7.0.9]
	at org.springframework.web.servlet.DispatcherServlet.doService(DispatcherServlet.java:866) ~[spring-webmvc-7.0.9.jar:7.0.9]
	at org.springframework.web.servlet.FrameworkServlet.processRequest(FrameworkServlet.java:1000) ~[spring-webmvc-7.0.9.jar:7.0.9]
	at org.springframework.web.servlet.FrameworkServlet.doGet(FrameworkServlet.java:892) ~[spring-webmvc-7.0.9.jar:7.0.9]
	at jakarta.servlet.http.HttpServlet.service(HttpServlet.java:622) ~[tomcat-embed-core-11.0.24.jar:6.1]
	at org.springframework.web.servlet.FrameworkServlet.service(FrameworkServlet.java:874) ~[spring-webmvc-7.0.9.jar:7.0.9]
	at jakarta.servlet.http.HttpServlet.service(HttpServlet.java:710) ~[tomcat-embed-core-11.0.24.jar:6.1]
	at org.apache.catalina.core.ApplicationFilterChain.doFilter(ApplicationFilterChain.java:132) ~[tomcat-embed-core-11.0.24.jar:11.0.24]
	at org.apache.tomcat.websocket.server.WsFilter.doFilter(WsFilter.java:59) ~[tomcat-embed-websocket-11.0.24.jar:11.0.24]
	at org.apache.catalina.core.ApplicationFilterChain.doFilter(ApplicationFilterChain.java:111) ~[tomcat-embed-core-11.0.24.jar:11.0.24]
	at org.springframework.cloud.gateway.server.mvc.filter.WeightCalculatorFilter.doFilter(WeightCalculatorFilter.java:233) ~[spring-cloud-gateway-server-webmvc-5.0.3.jar:5.0.3]
	at org.apache.catalina.core.ApplicationFilterChain.doFilter(ApplicationFilterChain.java:111) ~[tomcat-embed-core-11.0.24.jar:11.0.24]
	at org.springframework.cloud.gateway.server.mvc.filter.FormFilter.doFilter(FormFilter.java:93) ~[spring-cloud-gateway-server-webmvc-5.0.3.jar:5.0.3]
	at org.apache.catalina.core.ApplicationFilterChain.doFilter(ApplicationFilterChain.java:111) ~[tomcat-embed-core-11.0.24.jar:11.0.24]
	at org.springframework.web.filter.RequestContextFilter.doFilterInternal(RequestContextFilter.java:100) ~[spring-web-7.0.9.jar:7.0.9]
	at org.springframework.web.filter.OncePerRequestFilter.doFilter(OncePerRequestFilter.java:116) ~[spring-web-7.0.9.jar:7.0.9]
	at org.apache.catalina.core.ApplicationFilterChain.doFilter(ApplicationFilterChain.java:111) ~[tomcat-embed-core-11.0.24.jar:11.0.24]
	at org.springframework.web.filter.FormContentFilter.doFilterInternal(FormContentFilter.java:93) ~[spring-web-7.0.9.jar:7.0.9]
	at org.springframework.web.filter.OncePerRequestFilter.doFilter(OncePerRequestFilter.java:116) ~[spring-web-7.0.9.jar:7.0.9]
	at org.apache.catalina.core.ApplicationFilterChain.doFilter(ApplicationFilterChain.java:111) ~[tomcat-embed-core-11.0.24.jar:11.0.24]
	at org.springframework.web.filter.CharacterEncodingFilter.doFilterInternal(CharacterEncodingFilter.java:199) ~[spring-web-7.0.9.jar:7.0.9]
	at org.springframework.web.filter.OncePerRequestFilter.doFilter(OncePerRequestFilter.java:116) ~[spring-web-7.0.9.jar:7.0.9]
	at org.apache.catalina.core.ApplicationFilterChain.doFilter(ApplicationFilterChain.java:111) ~[tomcat-embed-core-11.0.24.jar:11.0.24]
	at org.apache.catalina.core.StandardWrapperValve.invoke(StandardWrapperValve.java:165) ~[tomcat-embed-core-11.0.24.jar:11.0.24]
	at org.apache.catalina.core.StandardContextValve.invoke(StandardContextValve.java:77) ~[tomcat-embed-core-11.0.24.jar:11.0.24]
	at org.apache.catalina.authenticator.AuthenticatorBase.invoke(AuthenticatorBase.java:535) ~[tomcat-embed-core-11.0.24.jar:11.0.24]
	at org.apache.catalina.core.StandardHostValve.invoke(StandardHostValve.java:115) ~[tomcat-embed-core-11.0.24.jar:11.0.24]
	at org.apache.catalina.valves.ErrorReportValve.invoke(ErrorReportValve.java:86) ~[tomcat-embed-core-11.0.24.jar:11.0.24]
	at org.apache.catalina.core.StandardEngineValve.invoke(StandardEngineValve.java:71) ~[tomcat-embed-core-11.0.24.jar:11.0.24]
	at org.apache.catalina.connector.CoyoteAdapter.service(CoyoteAdapter.java:347) ~[tomcat-embed-core-11.0.24.jar:11.0.24]
	at org.apache.coyote.http11.Http11Processor.service(Http11Processor.java:406) ~[tomcat-embed-core-11.0.24.jar:11.0.24]
	at org.apache.coyote.AbstractProcessorLight.process(AbstractProcessorLight.java:71) ~[tomcat-embed-core-11.0.24.jar:11.0.24]
	at org.apache.coyote.AbstractProtocol$ConnectionHandler.process(AbstractProtocol.java:1307) ~[tomcat-embed-core-11.0.24.jar:11.0.24]
	at org.apache.tomcat.util.net.NioEndpoint$SocketProcessor.doRun(NioEndpoint.java:2036) ~[tomcat-embed-core-11.0.24.jar:11.0.24]
	at org.apache.tomcat.util.net.SocketProcessorBase.run(SocketProcessorBase.java:74) ~[tomcat-embed-core-11.0.24.jar:11.0.24]
	at org.apache.tomcat.util.threads.ThreadPoolExecutor.runWorker(ThreadPoolExecutor.java:949) ~[tomcat-embed-core-11.0.24.jar:11.0.24]
	at org.apache.tomcat.util.threads.ThreadPoolExecutor$Worker.run(ThreadPoolExecutor.java:483) ~[tomcat-embed-core-11.0.24.jar:11.0.24]
	at org.apache.tomcat.util.threads.TaskThread$WrappingRunnable.run(TaskThread.java:74) ~[tomcat-embed-core-11.0.24.jar:11.0.24]
	at java.base/java.lang.Thread.run(Thread.java:840) ~[na:na]

2026-09-08T00:58:30.865+05:30 DEBUG 14276 --- [api-gateway] [nio-8082-exec-5] o.s.web.servlet.DispatcherServlet        : "ERROR" dispatch for GET "/error", parameters={}
2026-09-08T00:58:30.865+05:30 DEBUG 14276 --- [api-gateway] [nio-8082-exec-5] s.w.s.m.m.a.RequestMappingHandlerMapping : Mapped to org.springframework.boot.webmvc.autoconfigure.error.BasicErrorController#error(HttpServletRequest)
2026-09-08T00:58:30.867+05:30 DEBUG 14276 --- [api-gateway] [nio-8082-exec-5] o.s.w.s.m.m.a.HttpEntityMethodProcessor  : Using 'application/json', given [*/*] and supported [application/json, application/*+json]
2026-09-08T00:58:30.867+05:30 DEBUG 14276 --- [api-gateway] [nio-8082-exec-5] o.s.w.s.m.m.a.HttpEntityMethodProcessor  : Writing [{timestamp=Tue Sep 08 00:58:30 IST 2026, status=500, error=Internal Server Error, path=/rider-servic (truncated)...]
2026-09-08T00:58:30.869+05:30 DEBUG 14276 --- [api-gateway] [nio-8082-exec-5] o.s.web.servlet.DispatcherServlet        : Exiting from "ERROR" dispatch, status 500
2026-09-08T00:58:32.880+05:30 DEBUG 14276 --- [api-gateway] [nio-8082-exec-1] o.s.web.servlet.DispatcherServlet        : GET "/driver-service/drivers", parameters={}
2026-09-08T00:58:32.893+05:30 DEBUG 14276 --- [api-gateway] [nio-8082-exec-1] o.s.w.s.f.support.RouterFunctionMapping  : Mapped to org.springframework.web.servlet.function.HandlerFilterFunction$$Lambda$1275/0x00000140466c5c10@539ebfea
2026-09-08T00:58:32.895+05:30  WARN 14276 --- [api-gateway] [nio-8082-exec-1] o.s.c.l.core.RoundRobinLoadBalancer      : No servers available for service: driver-service
2026-09-08T00:58:32.897+05:30 DEBUG 14276 --- [api-gateway] [nio-8082-exec-1] o.s.web.servlet.DispatcherServlet        : Failed to complete request: org.springframework.web.client.HttpServerErrorException: 503 Unable to find instance for driver-service
2026-09-08T00:58:32.898+05:30 ERROR 14276 --- [api-gateway] [nio-8082-exec-1] o.a.c.c.C.[.[.[/].[dispatcherServlet]    : Servlet.service() for servlet [dispatcherServlet] in context with path [] threw exception [Request processing failed: org.springframework.web.client.HttpServerErrorException: 503 Unable to find instance for driver-service] with root cause

org.springframework.web.client.HttpServerErrorException: 503 Unable to find instance for driver-service
	at org.springframework.cloud.gateway.server.mvc.filter.LoadBalancerFilterFunctions.lambda$lb$5(LoadBalancerFilterFunctions.java:92) ~[spring-cloud-gateway-server-webmvc-5.0.3.jar:5.0.3]
	at org.springframework.web.servlet.function.HandlerFilterFunction.lambda$andThen$1(HandlerFilterFunction.java:58) ~[spring-webmvc-7.0.9.jar:7.0.9]
	at org.springframework.web.servlet.function.HandlerFilterFunction.lambda$ofRequestProcessor$0(HandlerFilterFunction.java:83) ~[spring-webmvc-7.0.9.jar:7.0.9]
	at org.springframework.web.servlet.function.HandlerFilterFunction.lambda$andThen$1(HandlerFilterFunction.java:58) ~[spring-webmvc-7.0.9.jar:7.0.9]
	at org.springframework.web.servlet.function.HandlerFilterFunction.lambda$ofRequestProcessor$0(HandlerFilterFunction.java:83) ~[spring-webmvc-7.0.9.jar:7.0.9]
	at org.springframework.web.servlet.function.HandlerFilterFunction.lambda$andThen$0(HandlerFilterFunction.java:59) ~[spring-webmvc-7.0.9.jar:7.0.9]
	at org.springframework.web.servlet.function.HandlerFilterFunction.lambda$andThen$0(HandlerFilterFunction.java:59) ~[spring-webmvc-7.0.9.jar:7.0.9]
	at org.springframework.web.servlet.function.HandlerFilterFunction.lambda$apply$0(HandlerFilterFunction.java:70) ~[spring-webmvc-7.0.9.jar:7.0.9]
	at org.springframework.web.servlet.function.support.HandlerFunctionAdapter.handle(HandlerFunctionAdapter.java:106) ~[spring-webmvc-7.0.9.jar:7.0.9]
	at org.springframework.web.servlet.DispatcherServlet.doDispatch(DispatcherServlet.java:963) ~[spring-webmvc-7.0.9.jar:7.0.9]
	at org.springframework.web.servlet.DispatcherServlet.doService(DispatcherServlet.java:866) ~[spring-webmvc-7.0.9.jar:7.0.9]
	at org.springframework.web.servlet.FrameworkServlet.processRequest(FrameworkServlet.java:1000) ~[spring-webmvc-7.0.9.jar:7.0.9]
	at org.springframework.web.servlet.FrameworkServlet.doGet(FrameworkServlet.java:892) ~[spring-webmvc-7.0.9.jar:7.0.9]
	at jakarta.servlet.http.HttpServlet.service(HttpServlet.java:622) ~[tomcat-embed-core-11.0.24.jar:6.1]
	at org.springframework.web.servlet.FrameworkServlet.service(FrameworkServlet.java:874) ~[spring-webmvc-7.0.9.jar:7.0.9]
	at jakarta.servlet.http.HttpServlet.service(HttpServlet.java:710) ~[tomcat-embed-core-11.0.24.jar:6.1]
	at org.apache.catalina.core.ApplicationFilterChain.doFilter(ApplicationFilterChain.java:132) ~[tomcat-embed-core-11.0.24.jar:11.0.24]
	at org.apache.tomcat.websocket.server.WsFilter.doFilter(WsFilter.java:59) ~[tomcat-embed-websocket-11.0.24.jar:11.0.24]
	at org.apache.catalina.core.ApplicationFilterChain.doFilter(ApplicationFilterChain.java:111) ~[tomcat-embed-core-11.0.24.jar:11.0.24]
	at org.springframework.cloud.gateway.server.mvc.filter.WeightCalculatorFilter.doFilter(WeightCalculatorFilter.java:233) ~[spring-cloud-gateway-server-webmvc-5.0.3.jar:5.0.3]
	at org.apache.catalina.core.ApplicationFilterChain.doFilter(ApplicationFilterChain.java:111) ~[tomcat-embed-core-11.0.24.jar:11.0.24]
	at org.springframework.cloud.gateway.server.mvc.filter.FormFilter.doFilter(FormFilter.java:93) ~[spring-cloud-gateway-server-webmvc-5.0.3.jar:5.0.3]
	at org.apache.catalina.core.ApplicationFilterChain.doFilter(ApplicationFilterChain.java:111) ~[tomcat-embed-core-11.0.24.jar:11.0.24]
	at org.springframework.web.filter.RequestContextFilter.doFilterInternal(RequestContextFilter.java:100) ~[spring-web-7.0.9.jar:7.0.9]
	at org.springframework.web.filter.OncePerRequestFilter.doFilter(OncePerRequestFilter.java:116) ~[spring-web-7.0.9.jar:7.0.9]
	at org.apache.catalina.core.ApplicationFilterChain.doFilter(ApplicationFilterChain.java:111) ~[tomcat-embed-core-11.0.24.jar:11.0.24]
	at org.springframework.web.filter.FormContentFilter.doFilterInternal(FormContentFilter.java:93) ~[spring-web-7.0.9.jar:7.0.9]
	at org.springframework.web.filter.OncePerRequestFilter.doFilter(OncePerRequestFilter.java:116) ~[spring-web-7.0.9.jar:7.0.9]
	at org.apache.catalina.core.ApplicationFilterChain.doFilter(ApplicationFilterChain.java:111) ~[tomcat-embed-core-11.0.24.jar:11.0.24]
	at org.springframework.web.filter.CharacterEncodingFilter.doFilterInternal(CharacterEncodingFilter.java:199) ~[spring-web-7.0.9.jar:7.0.9]
	at org.springframework.web.filter.OncePerRequestFilter.doFilter(OncePerRequestFilter.java:116) ~[spring-web-7.0.9.jar:7.0.9]
	at org.apache.catalina.core.ApplicationFilterChain.doFilter(ApplicationFilterChain.java:111) ~[tomcat-embed-core-11.0.24.jar:11.0.24]
	at org.apache.catalina.core.StandardWrapperValve.invoke(StandardWrapperValve.java:165) ~[tomcat-embed-core-11.0.24.jar:11.0.24]
	at org.apache.catalina.core.StandardContextValve.invoke(StandardContextValve.java:77) ~[tomcat-embed-core-11.0.24.jar:11.0.24]
	at org.apache.catalina.authenticator.AuthenticatorBase.invoke(AuthenticatorBase.java:535) ~[tomcat-embed-core-11.0.24.jar:11.0.24]
	at org.apache.catalina.core.StandardHostValve.invoke(StandardHostValve.java:115) ~[tomcat-embed-core-11.0.24.jar:11.0.24]
	at org.apache.catalina.valves.ErrorReportValve.invoke(ErrorReportValve.java:86) ~[tomcat-embed-core-11.0.24.jar:11.0.24]
	at org.apache.catalina.core.StandardEngineValve.invoke(StandardEngineValve.java:71) ~[tomcat-embed-core-11.0.24.jar:11.0.24]
	at org.apache.catalina.connector.CoyoteAdapter.service(CoyoteAdapter.java:347) ~[tomcat-embed-core-11.0.24.jar:11.0.24]
	at org.apache.coyote.http11.Http11Processor.service(Http11Processor.java:406) ~[tomcat-embed-core-11.0.24.jar:11.0.24]
	at org.apache.coyote.AbstractProcessorLight.process(AbstractProcessorLight.java:71) ~[tomcat-embed-core-11.0.24.jar:11.0.24]
	at org.apache.coyote.AbstractProtocol$ConnectionHandler.process(AbstractProtocol.java:1307) ~[tomcat-embed-core-11.0.24.jar:11.0.24]
	at org.apache.tomcat.util.net.NioEndpoint$SocketProcessor.doRun(NioEndpoint.java:2036) ~[tomcat-embed-core-11.0.24.jar:11.0.24]
	at org.apache.tomcat.util.net.SocketProcessorBase.run(SocketProcessorBase.java:74) ~[tomcat-embed-core-11.0.24.jar:11.0.24]
	at org.apache.tomcat.util.threads.ThreadPoolExecutor.runWorker(ThreadPoolExecutor.java:949) ~[tomcat-embed-core-11.0.24.jar:11.0.24]
	at org.apache.tomcat.util.threads.ThreadPoolExecutor$Worker.run(ThreadPoolExecutor.java:483) ~[tomcat-embed-core-11.0.24.jar:11.0.24]
	at org.apache.tomcat.util.threads.TaskThread$WrappingRunnable.run(TaskThread.java:74) ~[tomcat-embed-core-11.0.24.jar:11.0.24]
	at java.base/java.lang.Thread.run(Thread.java:840) ~[na:na]

2026-09-08T00:58:32.899+05:30 DEBUG 14276 --- [api-gateway] [nio-8082-exec-1] o.s.web.servlet.DispatcherServlet        : "ERROR" dispatch for GET "/error", parameters={}
2026-09-08T00:58:32.900+05:30 DEBUG 14276 --- [api-gateway] [nio-8082-exec-1] s.w.s.m.m.a.RequestMappingHandlerMapping : Mapped to org.springframework.boot.webmvc.autoconfigure.error.BasicErrorController#error(HttpServletRequest)
2026-09-08T00:58:32.901+05:30 DEBUG 14276 --- [api-gateway] [nio-8082-exec-1] o.s.w.s.m.m.a.HttpEntityMethodProcessor  : Using 'application/json', given [*/*] and supported [application/json, application/*+json]
2026-09-08T00:58:32.901+05:30 DEBUG 14276 --- [api-gateway] [nio-8082-exec-1] o.s.w.s.m.m.a.HttpEntityMethodProcessor  : Writing [{timestamp=Tue Sep 08 00:58:32 IST 2026, status=500, error=Internal Server Error, path=/driver-servi (truncated)...]
2026-09-08T00:58:32.902+05:30 DEBUG 14276 --- [api-gateway] [nio-8082-exec-1] o.s.web.servlet.DispatcherServlet        : Exiting from "ERROR" dispatch, status 500
2026-09-08T00:58:32.906+05:30 DEBUG 14276 --- [api-gateway] [nio-8082-exec-6] o.s.web.servlet.DispatcherServlet        : GET "/rider-service/riders", parameters={}
2026-09-08T00:58:32.907+05:30 DEBUG 14276 --- [api-gateway] [nio-8082-exec-6] o.s.w.s.f.support.RouterFunctionMapping  : Mapped to org.springframework.web.servlet.function.HandlerFilterFunction$$Lambda$1275/0x00000140466c5c10@74a7921a
2026-09-08T00:58:32.908+05:30  WARN 14276 --- [api-gateway] [nio-8082-exec-6] o.s.c.l.core.RoundRobinLoadBalancer      : No servers available for service: rider-service
2026-09-08T00:58:32.908+05:30 DEBUG 14276 --- [api-gateway] [nio-8082-exec-6] o.s.web.servlet.DispatcherServlet        : Failed to complete request: org.springframework.web.client.HttpServerErrorException: 503 Unable to find instance for rider-service
2026-09-08T00:58:32.909+05:30 ERROR 14276 --- [api-gateway] [nio-8082-exec-6] o.a.c.c.C.[.[.[/].[dispatcherServlet]    : Servlet.service() for servlet [dispatcherServlet] in context with path [] threw exception [Request processing failed: org.springframework.web.client.HttpServerErrorException: 503 Unable to find instance for rider-service] with root cause

org.springframework.web.client.HttpServerErrorException: 503 Unable to find instance for rider-service
	at org.springframework.cloud.gateway.server.mvc.filter.LoadBalancerFilterFunctions.lambda$lb$5(LoadBalancerFilterFunctions.java:92) ~[spring-cloud-gateway-server-webmvc-5.0.3.jar:5.0.3]
	at org.springframework.web.servlet.function.HandlerFilterFunction.lambda$andThen$1(HandlerFilterFunction.java:58) ~[spring-webmvc-7.0.9.jar:7.0.9]
	at org.springframework.web.servlet.function.HandlerFilterFunction.lambda$ofRequestProcessor$0(HandlerFilterFunction.java:83) ~[spring-webmvc-7.0.9.jar:7.0.9]
	at org.springframework.web.servlet.function.HandlerFilterFunction.lambda$andThen$1(HandlerFilterFunction.java:58) ~[spring-webmvc-7.0.9.jar:7.0.9]
	at org.springframework.web.servlet.function.HandlerFilterFunction.lambda$ofRequestProcessor$0(HandlerFilterFunction.java:83) ~[spring-webmvc-7.0.9.jar:7.0.9]
	at org.springframework.web.servlet.function.HandlerFilterFunction.lambda$andThen$0(HandlerFilterFunction.java:59) ~[spring-webmvc-7.0.9.jar:7.0.9]
	at org.springframework.web.servlet.function.HandlerFilterFunction.lambda$andThen$0(HandlerFilterFunction.java:59) ~[spring-webmvc-7.0.9.jar:7.0.9]
	at org.springframework.web.servlet.function.HandlerFilterFunction.lambda$apply$0(HandlerFilterFunction.java:70) ~[spring-webmvc-7.0.9.jar:7.0.9]
	at org.springframework.web.servlet.function.support.HandlerFunctionAdapter.handle(HandlerFunctionAdapter.java:106) ~[spring-webmvc-7.0.9.jar:7.0.9]
	at org.springframework.web.servlet.DispatcherServlet.doDispatch(DispatcherServlet.java:963) ~[spring-webmvc-7.0.9.jar:7.0.9]
	at org.springframework.web.servlet.DispatcherServlet.doService(DispatcherServlet.java:866) ~[spring-webmvc-7.0.9.jar:7.0.9]
	at org.springframework.web.servlet.FrameworkServlet.processRequest(FrameworkServlet.java:1000) ~[spring-webmvc-7.0.9.jar:7.0.9]
	at org.springframework.web.servlet.FrameworkServlet.doGet(FrameworkServlet.java:892) ~[spring-webmvc-7.0.9.jar:7.0.9]
	at jakarta.servlet.http.HttpServlet.service(HttpServlet.java:622) ~[tomcat-embed-core-11.0.24.jar:6.1]
	at org.springframework.web.servlet.FrameworkServlet.service(FrameworkServlet.java:874) ~[spring-webmvc-7.0.9.jar:7.0.9]
	at jakarta.servlet.http.HttpServlet.service(HttpServlet.java:710) ~[tomcat-embed-core-11.0.24.jar:6.1]
	at org.apache.catalina.core.ApplicationFilterChain.doFilter(ApplicationFilterChain.java:132) ~[tomcat-embed-core-11.0.24.jar:11.0.24]
	at org.apache.tomcat.websocket.server.WsFilter.doFilter(WsFilter.java:59) ~[tomcat-embed-websocket-11.0.24.jar:11.0.24]
	at org.apache.catalina.core.ApplicationFilterChain.doFilter(ApplicationFilterChain.java:111) ~[tomcat-embed-core-11.0.24.jar:11.0.24]
	at org.springframework.cloud.gateway.server.mvc.filter.WeightCalculatorFilter.doFilter(WeightCalculatorFilter.java:233) ~[spring-cloud-gateway-server-webmvc-5.0.3.jar:5.0.3]
	at org.apache.catalina.core.ApplicationFilterChain.doFilter(ApplicationFilterChain.java:111) ~[tomcat-embed-core-11.0.24.jar:11.0.24]
	at org.springframework.cloud.gateway.server.mvc.filter.FormFilter.doFilter(FormFilter.java:93) ~[spring-cloud-gateway-server-webmvc-5.0.3.jar:5.0.3]
	at org.apache.catalina.core.ApplicationFilterChain.doFilter(ApplicationFilterChain.java:111) ~[tomcat-embed-core-11.0.24.jar:11.0.24]
	at org.springframework.web.filter.RequestContextFilter.doFilterInternal(RequestContextFilter.java:100) ~[spring-web-7.0.9.jar:7.0.9]
	at org.springframework.web.filter.OncePerRequestFilter.doFilter(OncePerRequestFilter.java:116) ~[spring-web-7.0.9.jar:7.0.9]
	at org.apache.catalina.core.ApplicationFilterChain.doFilter(ApplicationFilterChain.java:111) ~[tomcat-embed-core-11.0.24.jar:11.0.24]
	at org.springframework.web.filter.FormContentFilter.doFilterInternal(FormContentFilter.java:93) ~[spring-web-7.0.9.jar:7.0.9]
	at org.springframework.web.filter.OncePerRequestFilter.doFilter(OncePerRequestFilter.java:116) ~[spring-web-7.0.9.jar:7.0.9]
	at org.apache.catalina.core.ApplicationFilterChain.doFilter(ApplicationFilterChain.java:111) ~[tomcat-embed-core-11.0.24.jar:11.0.24]
	at org.springframework.web.filter.CharacterEncodingFilter.doFilterInternal(CharacterEncodingFilter.java:199) ~[spring-web-7.0.9.jar:7.0.9]
	at org.springframework.web.filter.OncePerRequestFilter.doFilter(OncePerRequestFilter.java:116) ~[spring-web-7.0.9.jar:7.0.9]
	at org.apache.catalina.core.ApplicationFilterChain.doFilter(ApplicationFilterChain.java:111) ~[tomcat-embed-core-11.0.24.jar:11.0.24]
	at org.apache.catalina.core.StandardWrapperValve.invoke(StandardWrapperValve.java:165) ~[tomcat-embed-core-11.0.24.jar:11.0.24]
	at org.apache.catalina.core.StandardContextValve.invoke(StandardContextValve.java:77) ~[tomcat-embed-core-11.0.24.jar:11.0.24]
	at org.apache.catalina.authenticator.AuthenticatorBase.invoke(AuthenticatorBase.java:535) ~[tomcat-embed-core-11.0.24.jar:11.0.24]
	at org.apache.catalina.core.StandardHostValve.invoke(StandardHostValve.java:115) ~[tomcat-embed-core-11.0.24.jar:11.0.24]
	at org.apache.catalina.valves.ErrorReportValve.invoke(ErrorReportValve.java:86) ~[tomcat-embed-core-11.0.24.jar:11.0.24]
	at org.apache.catalina.core.StandardEngineValve.invoke(StandardEngineValve.java:71) ~[tomcat-embed-core-11.0.24.jar:11.0.24]
	at org.apache.catalina.connector.CoyoteAdapter.service(CoyoteAdapter.java:347) ~[tomcat-embed-core-11.0.24.jar:11.0.24]
	at org.apache.coyote.http11.Http11Processor.service(Http11Processor.java:406) ~[tomcat-embed-core-11.0.24.jar:11.0.24]
	at org.apache.coyote.AbstractProcessorLight.process(AbstractProcessorLight.java:71) ~[tomcat-embed-core-11.0.24.jar:11.0.24]
	at org.apache.coyote.AbstractProtocol$ConnectionHandler.process(AbstractProtocol.java:1307) ~[tomcat-embed-core-11.0.24.jar:11.0.24]
	at org.apache.tomcat.util.net.NioEndpoint$SocketProcessor.doRun(NioEndpoint.java:2036) ~[tomcat-embed-core-11.0.24.jar:11.0.24]
	at org.apache.tomcat.util.net.SocketProcessorBase.run(SocketProcessorBase.java:74) ~[tomcat-embed-core-11.0.24.jar:11.0.24]
	at org.apache.tomcat.util.threads.ThreadPoolExecutor.runWorker(ThreadPoolExecutor.java:949) ~[tomcat-embed-core-11.0.24.jar:11.0.24]
	at org.apache.tomcat.util.threads.ThreadPoolExecutor$Worker.run(ThreadPoolExecutor.java:483) ~[tomcat-embed-core-11.0.24.jar:11.0.24]
	at org.apache.tomcat.util.threads.TaskThread$WrappingRunnable.run(TaskThread.java:74) ~[tomcat-embed-core-11.0.24.jar:11.0.24]
	at java.base/java.lang.Thread.run(Thread.java:840) ~[na:na]

2026-09-08T00:58:32.910+05:30 DEBUG 14276 --- [api-gateway] [nio-8082-exec-6] o.s.web.servlet.DispatcherServlet        : "ERROR" dispatch for GET "/error", parameters={}
2026-09-08T00:58:32.910+05:30 DEBUG 14276 --- [api-gateway] [nio-8082-exec-6] s.w.s.m.m.a.RequestMappingHandlerMapping : Mapped to org.springframework.boot.webmvc.autoconfigure.error.BasicErrorController#error(HttpServletRequest)
2026-09-08T00:58:32.911+05:30 DEBUG 14276 --- [api-gateway] [nio-8082-exec-6] o.s.w.s.m.m.a.HttpEntityMethodProcessor  : Using 'application/json', given [*/*] and supported [application/json, application/*+json]
2026-09-08T00:58:32.911+05:30 DEBUG 14276 --- [api-gateway] [nio-8082-exec-6] o.s.w.s.m.m.a.HttpEntityMethodProcessor  : Writing [{timestamp=Tue Sep 08 00:58:32 IST 2026, status=500, error=Internal Server Error, path=/rider-servic (truncated)...]
2026-09-08T00:58:32.912+05:30 DEBUG 14276 --- [api-gateway] [nio-8082-exec-6] o.s.web.servlet.DispatcherServlet        : Exiting from "ERROR" dispatch, status 500
2026-09-08T00:58:34.921+05:30 DEBUG 14276 --- [api-gateway] [nio-8082-exec-9] o.s.web.servlet.DispatcherServlet        : GET "/driver-service/drivers", parameters={}
2026-09-08T00:58:34.922+05:30 DEBUG 14276 --- [api-gateway] [nio-8082-exec-9] o.s.w.s.f.support.RouterFunctionMapping  : Mapped to org.springframework.web.servlet.function.HandlerFilterFunction$$Lambda$1275/0x00000140466c5c10@538e548b
2026-09-08T00:58:34.923+05:30  WARN 14276 --- [api-gateway] [nio-8082-exec-9] o.s.c.l.core.RoundRobinLoadBalancer      : No servers available for service: driver-service
2026-09-08T00:58:34.924+05:30 DEBUG 14276 --- [api-gateway] [nio-8082-exec-9] o.s.web.servlet.DispatcherServlet        : Failed to complete request: org.springframework.web.client.HttpServerErrorException: 503 Unable to find instance for driver-service
2026-09-08T00:58:34.924+05:30 ERROR 14276 --- [api-gateway] [nio-8082-exec-9] o.a.c.c.C.[.[.[/].[dispatcherServlet]    : Servlet.service() for servlet [dispatcherServlet] in context with path [] threw exception [Request processing failed: org.springframework.web.client.HttpServerErrorException: 503 Unable to find instance for driver-service] with root cause

org.springframework.web.client.HttpServerErrorException: 503 Unable to find instance for driver-service
	at org.springframework.cloud.gateway.server.mvc.filter.LoadBalancerFilterFunctions.lambda$lb$5(LoadBalancerFilterFunctions.java:92) ~[spring-cloud-gateway-server-webmvc-5.0.3.jar:5.0.3]
	at org.springframework.web.servlet.function.HandlerFilterFunction.lambda$andThen$1(HandlerFilterFunction.java:58) ~[spring-webmvc-7.0.9.jar:7.0.9]
	at org.springframework.web.servlet.function.HandlerFilterFunction.lambda$ofRequestProcessor$0(HandlerFilterFunction.java:83) ~[spring-webmvc-7.0.9.jar:7.0.9]
	at org.springframework.web.servlet.function.HandlerFilterFunction.lambda$andThen$1(HandlerFilterFunction.java:58) ~[spring-webmvc-7.0.9.jar:7.0.9]
	at org.springframework.web.servlet.function.HandlerFilterFunction.lambda$ofRequestProcessor$0(HandlerFilterFunction.java:83) ~[spring-webmvc-7.0.9.jar:7.0.9]
	at org.springframework.web.servlet.function.HandlerFilterFunction.lambda$andThen$0(HandlerFilterFunction.java:59) ~[spring-webmvc-7.0.9.jar:7.0.9]
	at org.springframework.web.servlet.function.HandlerFilterFunction.lambda$andThen$0(HandlerFilterFunction.java:59) ~[spring-webmvc-7.0.9.jar:7.0.9]
	at org.springframework.web.servlet.function.HandlerFilterFunction.lambda$apply$0(HandlerFilterFunction.java:70) ~[spring-webmvc-7.0.9.jar:7.0.9]
	at org.springframework.web.servlet.function.support.HandlerFunctionAdapter.handle(HandlerFunctionAdapter.java:106) ~[spring-webmvc-7.0.9.jar:7.0.9]
	at org.springframework.web.servlet.DispatcherServlet.doDispatch(DispatcherServlet.java:963) ~[spring-webmvc-7.0.9.jar:7.0.9]
	at org.springframework.web.servlet.DispatcherServlet.doService(DispatcherServlet.java:866) ~[spring-webmvc-7.0.9.jar:7.0.9]
	at org.springframework.web.servlet.FrameworkServlet.processRequest(FrameworkServlet.java:1000) ~[spring-webmvc-7.0.9.jar:7.0.9]
	at org.springframework.web.servlet.FrameworkServlet.doGet(FrameworkServlet.java:892) ~[spring-webmvc-7.0.9.jar:7.0.9]
	at jakarta.servlet.http.HttpServlet.service(HttpServlet.java:622) ~[tomcat-embed-core-11.0.24.jar:6.1]
	at org.springframework.web.servlet.FrameworkServlet.service(FrameworkServlet.java:874) ~[spring-webmvc-7.0.9.jar:7.0.9]
	at jakarta.servlet.http.HttpServlet.service(HttpServlet.java:710) ~[tomcat-embed-core-11.0.24.jar:6.1]
	at org.apache.catalina.core.ApplicationFilterChain.doFilter(ApplicationFilterChain.java:132) ~[tomcat-embed-core-11.0.24.jar:11.0.24]
	at org.apache.tomcat.websocket.server.WsFilter.doFilter(WsFilter.java:59) ~[tomcat-embed-websocket-11.0.24.jar:11.0.24]
	at org.apache.catalina.core.ApplicationFilterChain.doFilter(ApplicationFilterChain.java:111) ~[tomcat-embed-core-11.0.24.jar:11.0.24]
	at org.springframework.cloud.gateway.server.mvc.filter.WeightCalculatorFilter.doFilter(WeightCalculatorFilter.java:233) ~[spring-cloud-gateway-server-webmvc-5.0.3.jar:5.0.3]
	at org.apache.catalina.core.ApplicationFilterChain.doFilter(ApplicationFilterChain.java:111) ~[tomcat-embed-core-11.0.24.jar:11.0.24]
	at org.springframework.cloud.gateway.server.mvc.filter.FormFilter.doFilter(FormFilter.java:93) ~[spring-cloud-gateway-server-webmvc-5.0.3.jar:5.0.3]
	at org.apache.catalina.core.ApplicationFilterChain.doFilter(ApplicationFilterChain.java:111) ~[tomcat-embed-core-11.0.24.jar:11.0.24]
	at org.springframework.web.filter.RequestContextFilter.doFilterInternal(RequestContextFilter.java:100) ~[spring-web-7.0.9.jar:7.0.9]
	at org.springframework.web.filter.OncePerRequestFilter.doFilter(OncePerRequestFilter.java:116) ~[spring-web-7.0.9.jar:7.0.9]
	at org.apache.catalina.core.ApplicationFilterChain.doFilter(ApplicationFilterChain.java:111) ~[tomcat-embed-core-11.0.24.jar:11.0.24]
	at org.springframework.web.filter.FormContentFilter.doFilterInternal(FormContentFilter.java:93) ~[spring-web-7.0.9.jar:7.0.9]
	at org.springframework.web.filter.OncePerRequestFilter.doFilter(OncePerRequestFilter.java:116) ~[spring-web-7.0.9.jar:7.0.9]
	at org.apache.catalina.core.ApplicationFilterChain.doFilter(ApplicationFilterChain.java:111) ~[tomcat-embed-core-11.0.24.jar:11.0.24]
	at org.springframework.web.filter.CharacterEncodingFilter.doFilterInternal(CharacterEncodingFilter.java:199) ~[spring-web-7.0.9.jar:7.0.9]
	at org.springframework.web.filter.OncePerRequestFilter.doFilter(OncePerRequestFilter.java:116) ~[spring-web-7.0.9.jar:7.0.9]
	at org.apache.catalina.core.ApplicationFilterChain.doFilter(ApplicationFilterChain.java:111) ~[tomcat-embed-core-11.0.24.jar:11.0.24]
	at org.apache.catalina.core.StandardWrapperValve.invoke(StandardWrapperValve.java:165) ~[tomcat-embed-core-11.0.24.jar:11.0.24]
	at org.apache.catalina.core.StandardContextValve.invoke(StandardContextValve.java:77) ~[tomcat-embed-core-11.0.24.jar:11.0.24]
	at org.apache.catalina.authenticator.AuthenticatorBase.invoke(AuthenticatorBase.java:535) ~[tomcat-embed-core-11.0.24.jar:11.0.24]
	at org.apache.catalina.core.StandardHostValve.invoke(StandardHostValve.java:115) ~[tomcat-embed-core-11.0.24.jar:11.0.24]
	at org.apache.catalina.valves.ErrorReportValve.invoke(ErrorReportValve.java:86) ~[tomcat-embed-core-11.0.24.jar:11.0.24]
	at org.apache.catalina.core.StandardEngineValve.invoke(StandardEngineValve.java:71) ~[tomcat-embed-core-11.0.24.jar:11.0.24]
	at org.apache.catalina.connector.CoyoteAdapter.service(CoyoteAdapter.java:347) ~[tomcat-embed-core-11.0.24.jar:11.0.24]
	at org.apache.coyote.http11.Http11Processor.service(Http11Processor.java:406) ~[tomcat-embed-core-11.0.24.jar:11.0.24]
	at org.apache.coyote.AbstractProcessorLight.process(AbstractProcessorLight.java:71) ~[tomcat-embed-core-11.0.24.jar:11.0.24]
	at org.apache.coyote.AbstractProtocol$ConnectionHandler.process(AbstractProtocol.java:1307) ~[tomcat-embed-core-11.0.24.jar:11.0.24]
	at org.apache.tomcat.util.net.NioEndpoint$SocketProcessor.doRun(NioEndpoint.java:2036) ~[tomcat-embed-core-11.0.24.jar:11.0.24]
	at org.apache.tomcat.util.net.SocketProcessorBase.run(SocketProcessorBase.java:74) ~[tomcat-embed-core-11.0.24.jar:11.0.24]
	at org.apache.tomcat.util.threads.ThreadPoolExecutor.runWorker(ThreadPoolExecutor.java:949) ~[tomcat-embed-core-11.0.24.jar:11.0.24]
	at org.apache.tomcat.util.threads.ThreadPoolExecutor$Worker.run(ThreadPoolExecutor.java:483) ~[tomcat-embed-core-11.0.24.jar:11.0.24]
	at org.apache.tomcat.util.threads.TaskThread$WrappingRunnable.run(TaskThread.java:74) ~[tomcat-embed-core-11.0.24.jar:11.0.24]
	at java.base/java.lang.Thread.run(Thread.java:840) ~[na:na]

2026-09-08T00:58:34.925+05:30 DEBUG 14276 --- [api-gateway] [nio-8082-exec-9] o.s.web.servlet.DispatcherServlet        : "ERROR" dispatch for GET "/error", parameters={}
2026-09-08T00:58:34.926+05:30 DEBUG 14276 --- [api-gateway] [nio-8082-exec-9] s.w.s.m.m.a.RequestMappingHandlerMapping : Mapped to org.springframework.boot.webmvc.autoconfigure.error.BasicErrorController#error(HttpServletRequest)
2026-09-08T00:58:34.927+05:30 DEBUG 14276 --- [api-gateway] [nio-8082-exec-9] o.s.w.s.m.m.a.HttpEntityMethodProcessor  : Using 'application/json', given [*/*] and supported [application/json, application/*+json]
2026-09-08T00:58:34.927+05:30 DEBUG 14276 --- [api-gateway] [nio-8082-exec-9] o.s.w.s.m.m.a.HttpEntityMethodProcessor  : Writing [{timestamp=Tue Sep 08 00:58:34 IST 2026, status=500, error=Internal Server Error, path=/driver-servi (truncated)...]
2026-09-08T00:58:34.928+05:30 DEBUG 14276 --- [api-gateway] [nio-8082-exec-9] o.s.web.servlet.DispatcherServlet        : Exiting from "ERROR" dispatch, status 500
2026-09-08T00:58:34.930+05:30 DEBUG 14276 --- [api-gateway] [io-8082-exec-10] o.s.web.servlet.DispatcherServlet        : GET "/rider-service/riders", parameters={}
2026-09-08T00:58:34.931+05:30 DEBUG 14276 --- [api-gateway] [io-8082-exec-10] o.s.w.s.f.support.RouterFunctionMapping  : Mapped to org.springframework.web.servlet.function.HandlerFilterFunction$$Lambda$1275/0x00000140466c5c10@10d93f64
2026-09-08T00:58:34.932+05:30  WARN 14276 --- [api-gateway] [io-8082-exec-10] o.s.c.l.core.RoundRobinLoadBalancer      : No servers available for service: rider-service
2026-09-08T00:58:34.932+05:30 DEBUG 14276 --- [api-gateway] [io-8082-exec-10] o.s.web.servlet.DispatcherServlet        : Failed to complete request: org.springframework.web.client.HttpServerErrorException: 503 Unable to find instance for rider-service
2026-09-08T00:58:34.933+05:30 ERROR 14276 --- [api-gateway] [io-8082-exec-10] o.a.c.c.C.[.[.[/].[dispatcherServlet]    : Servlet.service() for servlet [dispatcherServlet] in context with path [] threw exception [Request processing failed: org.springframework.web.client.HttpServerErrorException: 503 Unable to find instance for rider-service] with root cause

org.springframework.web.client.HttpServerErrorException: 503 Unable to find instance for rider-service
	at org.springframework.cloud.gateway.server.mvc.filter.LoadBalancerFilterFunctions.lambda$lb$5(LoadBalancerFilterFunctions.java:92) ~[spring-cloud-gateway-server-webmvc-5.0.3.jar:5.0.3]
	at org.springframework.web.servlet.function.HandlerFilterFunction.lambda$andThen$1(HandlerFilterFunction.java:58) ~[spring-webmvc-7.0.9.jar:7.0.9]
	at org.springframework.web.servlet.function.HandlerFilterFunction.lambda$ofRequestProcessor$0(HandlerFilterFunction.java:83) ~[spring-webmvc-7.0.9.jar:7.0.9]
	at org.springframework.web.servlet.function.HandlerFilterFunction.lambda$andThen$1(HandlerFilterFunction.java:58) ~[spring-webmvc-7.0.9.jar:7.0.9]
	at org.springframework.web.servlet.function.HandlerFilterFunction.lambda$ofRequestProcessor$0(HandlerFilterFunction.java:83) ~[spring-webmvc-7.0.9.jar:7.0.9]
	at org.springframework.web.servlet.function.HandlerFilterFunction.lambda$andThen$0(HandlerFilterFunction.java:59) ~[spring-webmvc-7.0.9.jar:7.0.9]
	at org.springframework.web.servlet.function.HandlerFilterFunction.lambda$andThen$0(HandlerFilterFunction.java:59) ~[spring-webmvc-7.0.9.jar:7.0.9]
	at org.springframework.web.servlet.function.HandlerFilterFunction.lambda$apply$0(HandlerFilterFunction.java:70) ~[spring-webmvc-7.0.9.jar:7.0.9]
	at org.springframework.web.servlet.function.support.HandlerFunctionAdapter.handle(HandlerFunctionAdapter.java:106) ~[spring-webmvc-7.0.9.jar:7.0.9]
	at org.springframework.web.servlet.DispatcherServlet.doDispatch(DispatcherServlet.java:963) ~[spring-webmvc-7.0.9.jar:7.0.9]
	at org.springframework.web.servlet.DispatcherServlet.doService(DispatcherServlet.java:866) ~[spring-webmvc-7.0.9.jar:7.0.9]
	at org.springframework.web.servlet.FrameworkServlet.processRequest(FrameworkServlet.java:1000) ~[spring-webmvc-7.0.9.jar:7.0.9]
	at org.springframework.web.servlet.FrameworkServlet.doGet(FrameworkServlet.java:892) ~[spring-webmvc-7.0.9.jar:7.0.9]
	at jakarta.servlet.http.HttpServlet.service(HttpServlet.java:622) ~[tomcat-embed-core-11.0.24.jar:6.1]
	at org.springframework.web.servlet.FrameworkServlet.service(FrameworkServlet.java:874) ~[spring-webmvc-7.0.9.jar:7.0.9]
	at jakarta.servlet.http.HttpServlet.service(HttpServlet.java:710) ~[tomcat-embed-core-11.0.24.jar:6.1]
	at org.apache.catalina.core.ApplicationFilterChain.doFilter(ApplicationFilterChain.java:132) ~[tomcat-embed-core-11.0.24.jar:11.0.24]
	at org.apache.tomcat.websocket.server.WsFilter.doFilter(WsFilter.java:59) ~[tomcat-embed-websocket-11.0.24.jar:11.0.24]
	at org.apache.catalina.core.ApplicationFilterChain.doFilter(ApplicationFilterChain.java:111) ~[tomcat-embed-core-11.0.24.jar:11.0.24]
	at org.springframework.cloud.gateway.server.mvc.filter.WeightCalculatorFilter.doFilter(WeightCalculatorFilter.java:233) ~[spring-cloud-gateway-server-webmvc-5.0.3.jar:5.0.3]
	at org.apache.catalina.core.ApplicationFilterChain.doFilter(ApplicationFilterChain.java:111) ~[tomcat-embed-core-11.0.24.jar:11.0.24]
	at org.springframework.cloud.gateway.server.mvc.filter.FormFilter.doFilter(FormFilter.java:93) ~[spring-cloud-gateway-server-webmvc-5.0.3.jar:5.0.3]
	at org.apache.catalina.core.ApplicationFilterChain.doFilter(ApplicationFilterChain.java:111) ~[tomcat-embed-core-11.0.24.jar:11.0.24]
	at org.springframework.web.filter.RequestContextFilter.doFilterInternal(RequestContextFilter.java:100) ~[spring-web-7.0.9.jar:7.0.9]
	at org.springframework.web.filter.OncePerRequestFilter.doFilter(OncePerRequestFilter.java:116) ~[spring-web-7.0.9.jar:7.0.9]
	at org.apache.catalina.core.ApplicationFilterChain.doFilter(ApplicationFilterChain.java:111) ~[tomcat-embed-core-11.0.24.jar:11.0.24]
	at org.springframework.web.filter.FormContentFilter.doFilterInternal(FormContentFilter.java:93) ~[spring-web-7.0.9.jar:7.0.9]
	at org.springframework.web.filter.OncePerRequestFilter.doFilter(OncePerRequestFilter.java:116) ~[spring-web-7.0.9.jar:7.0.9]
	at org.apache.catalina.core.ApplicationFilterChain.doFilter(ApplicationFilterChain.java:111) ~[tomcat-embed-core-11.0.24.jar:11.0.24]
	at org.springframework.web.filter.CharacterEncodingFilter.doFilterInternal(CharacterEncodingFilter.java:199) ~[spring-web-7.0.9.jar:7.0.9]
	at org.springframework.web.filter.OncePerRequestFilter.doFilter(OncePerRequestFilter.java:116) ~[spring-web-7.0.9.jar:7.0.9]
	at org.apache.catalina.core.ApplicationFilterChain.doFilter(ApplicationFilterChain.java:111) ~[tomcat-embed-core-11.0.24.jar:11.0.24]
	at org.apache.catalina.core.StandardWrapperValve.invoke(StandardWrapperValve.java:165) ~[tomcat-embed-core-11.0.24.jar:11.0.24]
	at org.apache.catalina.core.StandardContextValve.invoke(StandardContextValve.java:77) ~[tomcat-embed-core-11.0.24.jar:11.0.24]
	at org.apache.catalina.authenticator.AuthenticatorBase.invoke(AuthenticatorBase.java:535) ~[tomcat-embed-core-11.0.24.jar:11.0.24]
	at org.apache.catalina.core.StandardHostValve.invoke(StandardHostValve.java:115) ~[tomcat-embed-core-11.0.24.jar:11.0.24]
	at org.apache.catalina.valves.ErrorReportValve.invoke(ErrorReportValve.java:86) ~[tomcat-embed-core-11.0.24.jar:11.0.24]
	at org.apache.catalina.core.StandardEngineValve.invoke(StandardEngineValve.java:71) ~[tomcat-embed-core-11.0.24.jar:11.0.24]
	at org.apache.catalina.connector.CoyoteAdapter.service(CoyoteAdapter.java:347) ~[tomcat-embed-core-11.0.24.jar:11.0.24]
	at org.apache.coyote.http11.Http11Processor.service(Http11Processor.java:406) ~[tomcat-embed-core-11.0.24.jar:11.0.24]
	at org.apache.coyote.AbstractProcessorLight.process(AbstractProcessorLight.java:71) ~[tomcat-embed-core-11.0.24.jar:11.0.24]
	at org.apache.coyote.AbstractProtocol$ConnectionHandler.process(AbstractProtocol.java:1307) ~[tomcat-embed-core-11.0.24.jar:11.0.24]
	at org.apache.tomcat.util.net.NioEndpoint$SocketProcessor.doRun(NioEndpoint.java:2036) ~[tomcat-embed-core-11.0.24.jar:11.0.24]
	at org.apache.tomcat.util.net.SocketProcessorBase.run(SocketProcessorBase.java:74) ~[tomcat-embed-core-11.0.24.jar:11.0.24]
	at org.apache.tomcat.util.threads.ThreadPoolExecutor.runWorker(ThreadPoolExecutor.java:949) ~[tomcat-embed-core-11.0.24.jar:11.0.24]
	at org.apache.tomcat.util.threads.ThreadPoolExecutor$Worker.run(ThreadPoolExecutor.java:483) ~[tomcat-embed-core-11.0.24.jar:11.0.24]
	at org.apache.tomcat.util.threads.TaskThread$WrappingRunnable.run(TaskThread.java:74) ~[tomcat-embed-core-11.0.24.jar:11.0.24]
	at java.base/java.lang.Thread.run(Thread.java:840) ~[na:na]

2026-09-08T00:58:34.933+05:30 DEBUG 14276 --- [api-gateway] [io-8082-exec-10] o.s.web.servlet.DispatcherServlet        : "ERROR" dispatch for GET "/error", parameters={}
2026-09-08T00:58:34.934+05:30 DEBUG 14276 --- [api-gateway] [io-8082-exec-10] s.w.s.m.m.a.RequestMappingHandlerMapping : Mapped to org.springframework.boot.webmvc.autoconfigure.error.BasicErrorController#error(HttpServletRequest)
2026-09-08T00:58:34.934+05:30 DEBUG 14276 --- [api-gateway] [io-8082-exec-10] o.s.w.s.m.m.a.HttpEntityMethodProcessor  : Using 'application/json', given [*/*] and supported [application/json, application/*+json]
2026-09-08T00:58:34.935+05:30 DEBUG 14276 --- [api-gateway] [io-8082-exec-10] o.s.w.s.m.m.a.HttpEntityMethodProcessor  : Writing [{timestamp=Tue Sep 08 00:58:34 IST 2026, status=500, error=Internal Server Error, path=/rider-servic (truncated)...]
2026-09-08T00:58:34.935+05:30 DEBUG 14276 --- [api-gateway] [io-8082-exec-10] o.s.web.servlet.DispatcherServlet        : Exiting from "ERROR" dispatch, status 500
2026-09-08T00:58:36.953+05:30 DEBUG 14276 --- [api-gateway] [nio-8082-exec-3] o.s.web.servlet.DispatcherServlet        : GET "/driver-service/drivers", parameters={}
2026-09-08T00:58:36.967+05:30 DEBUG 14276 --- [api-gateway] [nio-8082-exec-3] o.s.w.s.f.support.RouterFunctionMapping  : Mapped to org.springframework.web.servlet.function.HandlerFilterFunction$$Lambda$1275/0x00000140466c5c10@7530d9e4
2026-09-08T00:58:36.969+05:30  WARN 14276 --- [api-gateway] [nio-8082-exec-3] o.s.c.l.core.RoundRobinLoadBalancer      : No servers available for service: driver-service
2026-09-08T00:58:36.970+05:30 DEBUG 14276 --- [api-gateway] [nio-8082-exec-3] o.s.web.servlet.DispatcherServlet        : Failed to complete request: org.springframework.web.client.HttpServerErrorException: 503 Unable to find instance for driver-service
2026-09-08T00:58:36.970+05:30 ERROR 14276 --- [api-gateway] [nio-8082-exec-3] o.a.c.c.C.[.[.[/].[dispatcherServlet]    : Servlet.service() for servlet [dispatcherServlet] in context with path [] threw exception [Request processing failed: org.springframework.web.client.HttpServerErrorException: 503 Unable to find instance for driver-service] with root cause

org.springframework.web.client.HttpServerErrorException: 503 Unable to find instance for driver-service
	at org.springframework.cloud.gateway.server.mvc.filter.LoadBalancerFilterFunctions.lambda$lb$5(LoadBalancerFilterFunctions.java:92) ~[spring-cloud-gateway-server-webmvc-5.0.3.jar:5.0.3]
	at org.springframework.web.servlet.function.HandlerFilterFunction.lambda$andThen$1(HandlerFilterFunction.java:58) ~[spring-webmvc-7.0.9.jar:7.0.9]
	at org.springframework.web.servlet.function.HandlerFilterFunction.lambda$ofRequestProcessor$0(HandlerFilterFunction.java:83) ~[spring-webmvc-7.0.9.jar:7.0.9]
	at org.springframework.web.servlet.function.HandlerFilterFunction.lambda$andThen$1(HandlerFilterFunction.java:58) ~[spring-webmvc-7.0.9.jar:7.0.9]
	at org.springframework.web.servlet.function.HandlerFilterFunction.lambda$ofRequestProcessor$0(HandlerFilterFunction.java:83) ~[spring-webmvc-7.0.9.jar:7.0.9]
	at org.springframework.web.servlet.function.HandlerFilterFunction.lambda$andThen$0(HandlerFilterFunction.java:59) ~[spring-webmvc-7.0.9.jar:7.0.9]
	at org.springframework.web.servlet.function.HandlerFilterFunction.lambda$andThen$0(HandlerFilterFunction.java:59) ~[spring-webmvc-7.0.9.jar:7.0.9]
	at org.springframework.web.servlet.function.HandlerFilterFunction.lambda$apply$0(HandlerFilterFunction.java:70) ~[spring-webmvc-7.0.9.jar:7.0.9]
	at org.springframework.web.servlet.function.support.HandlerFunctionAdapter.handle(HandlerFunctionAdapter.java:106) ~[spring-webmvc-7.0.9.jar:7.0.9]
	at org.springframework.web.servlet.DispatcherServlet.doDispatch(DispatcherServlet.java:963) ~[spring-webmvc-7.0.9.jar:7.0.9]
	at org.springframework.web.servlet.DispatcherServlet.doService(DispatcherServlet.java:866) ~[spring-webmvc-7.0.9.jar:7.0.9]
	at org.springframework.web.servlet.FrameworkServlet.processRequest(FrameworkServlet.java:1000) ~[spring-webmvc-7.0.9.jar:7.0.9]
	at org.springframework.web.servlet.FrameworkServlet.doGet(FrameworkServlet.java:892) ~[spring-webmvc-7.0.9.jar:7.0.9]
	at jakarta.servlet.http.HttpServlet.service(HttpServlet.java:622) ~[tomcat-embed-core-11.0.24.jar:6.1]
	at org.springframework.web.servlet.FrameworkServlet.service(FrameworkServlet.java:874) ~[spring-webmvc-7.0.9.jar:7.0.9]
	at jakarta.servlet.http.HttpServlet.service(HttpServlet.java:710) ~[tomcat-embed-core-11.0.24.jar:6.1]
	at org.apache.catalina.core.ApplicationFilterChain.doFilter(ApplicationFilterChain.java:132) ~[tomcat-embed-core-11.0.24.jar:11.0.24]
	at org.apache.tomcat.websocket.server.WsFilter.doFilter(WsFilter.java:59) ~[tomcat-embed-websocket-11.0.24.jar:11.0.24]
	at org.apache.catalina.core.ApplicationFilterChain.doFilter(ApplicationFilterChain.java:111) ~[tomcat-embed-core-11.0.24.jar:11.0.24]
	at org.springframework.cloud.gateway.server.mvc.filter.WeightCalculatorFilter.doFilter(WeightCalculatorFilter.java:233) ~[spring-cloud-gateway-server-webmvc-5.0.3.jar:5.0.3]
	at org.apache.catalina.core.ApplicationFilterChain.doFilter(ApplicationFilterChain.java:111) ~[tomcat-embed-core-11.0.24.jar:11.0.24]
	at org.springframework.cloud.gateway.server.mvc.filter.FormFilter.doFilter(FormFilter.java:93) ~[spring-cloud-gateway-server-webmvc-5.0.3.jar:5.0.3]
	at org.apache.catalina.core.ApplicationFilterChain.doFilter(ApplicationFilterChain.java:111) ~[tomcat-embed-core-11.0.24.jar:11.0.24]
	at org.springframework.web.filter.RequestContextFilter.doFilterInternal(RequestContextFilter.java:100) ~[spring-web-7.0.9.jar:7.0.9]
	at org.springframework.web.filter.OncePerRequestFilter.doFilter(OncePerRequestFilter.java:116) ~[spring-web-7.0.9.jar:7.0.9]
	at org.apache.catalina.core.ApplicationFilterChain.doFilter(ApplicationFilterChain.java:111) ~[tomcat-embed-core-11.0.24.jar:11.0.24]
	at org.springframework.web.filter.FormContentFilter.doFilterInternal(FormContentFilter.java:93) ~[spring-web-7.0.9.jar:7.0.9]
	at org.springframework.web.filter.OncePerRequestFilter.doFilter(OncePerRequestFilter.java:116) ~[spring-web-7.0.9.jar:7.0.9]
	at org.apache.catalina.core.ApplicationFilterChain.doFilter(ApplicationFilterChain.java:111) ~[tomcat-embed-core-11.0.24.jar:11.0.24]
	at org.springframework.web.filter.CharacterEncodingFilter.doFilterInternal(CharacterEncodingFilter.java:199) ~[spring-web-7.0.9.jar:7.0.9]
	at org.springframework.web.filter.OncePerRequestFilter.doFilter(OncePerRequestFilter.java:116) ~[spring-web-7.0.9.jar:7.0.9]
	at org.apache.catalina.core.ApplicationFilterChain.doFilter(ApplicationFilterChain.java:111) ~[tomcat-embed-core-11.0.24.jar:11.0.24]
	at org.apache.catalina.core.StandardWrapperValve.invoke(StandardWrapperValve.java:165) ~[tomcat-embed-core-11.0.24.jar:11.0.24]
	at org.apache.catalina.core.StandardContextValve.invoke(StandardContextValve.java:77) ~[tomcat-embed-core-11.0.24.jar:11.0.24]
	at org.apache.catalina.authenticator.AuthenticatorBase.invoke(AuthenticatorBase.java:535) ~[tomcat-embed-core-11.0.24.jar:11.0.24]
	at org.apache.catalina.core.StandardHostValve.invoke(StandardHostValve.java:115) ~[tomcat-embed-core-11.0.24.jar:11.0.24]
	at org.apache.catalina.valves.ErrorReportValve.invoke(ErrorReportValve.java:86) ~[tomcat-embed-core-11.0.24.jar:11.0.24]
	at org.apache.catalina.core.StandardEngineValve.invoke(StandardEngineValve.java:71) ~[tomcat-embed-core-11.0.24.jar:11.0.24]
	at org.apache.catalina.connector.CoyoteAdapter.service(CoyoteAdapter.java:347) ~[tomcat-embed-core-11.0.24.jar:11.0.24]
	at org.apache.coyote.http11.Http11Processor.service(Http11Processor.java:406) ~[tomcat-embed-core-11.0.24.jar:11.0.24]
	at org.apache.coyote.AbstractProcessorLight.process(AbstractProcessorLight.java:71) ~[tomcat-embed-core-11.0.24.jar:11.0.24]
	at org.apache.coyote.AbstractProtocol$ConnectionHandler.process(AbstractProtocol.java:1307) ~[tomcat-embed-core-11.0.24.jar:11.0.24]
	at org.apache.tomcat.util.net.NioEndpoint$SocketProcessor.doRun(NioEndpoint.java:2036) ~[tomcat-embed-core-11.0.24.jar:11.0.24]
	at org.apache.tomcat.util.net.SocketProcessorBase.run(SocketProcessorBase.java:74) ~[tomcat-embed-core-11.0.24.jar:11.0.24]
	at org.apache.tomcat.util.threads.ThreadPoolExecutor.runWorker(ThreadPoolExecutor.java:949) ~[tomcat-embed-core-11.0.24.jar:11.0.24]
	at org.apache.tomcat.util.threads.ThreadPoolExecutor$Worker.run(ThreadPoolExecutor.java:483) ~[tomcat-embed-core-11.0.24.jar:11.0.24]
	at org.apache.tomcat.util.threads.TaskThread$WrappingRunnable.run(TaskThread.java:74) ~[tomcat-embed-core-11.0.24.jar:11.0.24]
	at java.base/java.lang.Thread.run(Thread.java:840) ~[na:na]

2026-09-08T00:58:36.972+05:30 DEBUG 14276 --- [api-gateway] [nio-8082-exec-3] o.s.web.servlet.DispatcherServlet        : "ERROR" dispatch for GET "/error", parameters={}
2026-09-08T00:58:36.972+05:30 DEBUG 14276 --- [api-gateway] [nio-8082-exec-3] s.w.s.m.m.a.RequestMappingHandlerMapping : Mapped to org.springframework.boot.webmvc.autoconfigure.error.BasicErrorController#error(HttpServletRequest)
2026-09-08T00:58:36.973+05:30 DEBUG 14276 --- [api-gateway] [nio-8082-exec-3] o.s.w.s.m.m.a.HttpEntityMethodProcessor  : Using 'application/json', given [*/*] and supported [application/json, application/*+json]
2026-09-08T00:58:36.974+05:30 DEBUG 14276 --- [api-gateway] [nio-8082-exec-3] o.s.w.s.m.m.a.HttpEntityMethodProcessor  : Writing [{timestamp=Tue Sep 08 00:58:36 IST 2026, status=500, error=Internal Server Error, path=/driver-servi (truncated)...]
2026-09-08T00:58:36.975+05:30 DEBUG 14276 --- [api-gateway] [nio-8082-exec-3] o.s.web.servlet.DispatcherServlet        : Exiting from "ERROR" dispatch, status 500
2026-09-08T00:58:36.979+05:30 DEBUG 14276 --- [api-gateway] [nio-8082-exec-4] o.s.web.servlet.DispatcherServlet        : GET "/rider-service/riders", parameters={}
2026-09-08T00:58:36.980+05:30 DEBUG 14276 --- [api-gateway] [nio-8082-exec-4] o.s.w.s.f.support.RouterFunctionMapping  : Mapped to org.springframework.web.servlet.function.HandlerFilterFunction$$Lambda$1275/0x00000140466c5c10@2ad82f35
2026-09-08T00:58:36.981+05:30  WARN 14276 --- [api-gateway] [nio-8082-exec-4] o.s.c.l.core.RoundRobinLoadBalancer      : No servers available for service: rider-service
2026-09-08T00:58:36.981+05:30 DEBUG 14276 --- [api-gateway] [nio-8082-exec-4] o.s.web.servlet.DispatcherServlet        : Failed to complete request: org.springframework.web.client.HttpServerErrorException: 503 Unable to find instance for rider-service
2026-09-08T00:58:36.982+05:30 ERROR 14276 --- [api-gateway] [nio-8082-exec-4] o.a.c.c.C.[.[.[/].[dispatcherServlet]    : Servlet.service() for servlet [dispatcherServlet] in context with path [] threw exception [Request processing failed: org.springframework.web.client.HttpServerErrorException: 503 Unable to find instance for rider-service] with root cause

org.springframework.web.client.HttpServerErrorException: 503 Unable to find instance for rider-service
	at org.springframework.cloud.gateway.server.mvc.filter.LoadBalancerFilterFunctions.lambda$lb$5(LoadBalancerFilterFunctions.java:92) ~[spring-cloud-gateway-server-webmvc-5.0.3.jar:5.0.3]
	at org.springframework.web.servlet.function.HandlerFilterFunction.lambda$andThen$1(HandlerFilterFunction.java:58) ~[spring-webmvc-7.0.9.jar:7.0.9]
	at org.springframework.web.servlet.function.HandlerFilterFunction.lambda$ofRequestProcessor$0(HandlerFilterFunction.java:83) ~[spring-webmvc-7.0.9.jar:7.0.9]
	at org.springframework.web.servlet.function.HandlerFilterFunction.lambda$andThen$1(HandlerFilterFunction.java:58) ~[spring-webmvc-7.0.9.jar:7.0.9]
	at org.springframework.web.servlet.function.HandlerFilterFunction.lambda$ofRequestProcessor$0(HandlerFilterFunction.java:83) ~[spring-webmvc-7.0.9.jar:7.0.9]
	at org.springframework.web.servlet.function.HandlerFilterFunction.lambda$andThen$0(HandlerFilterFunction.java:59) ~[spring-webmvc-7.0.9.jar:7.0.9]
	at org.springframework.web.servlet.function.HandlerFilterFunction.lambda$andThen$0(HandlerFilterFunction.java:59) ~[spring-webmvc-7.0.9.jar:7.0.9]
	at org.springframework.web.servlet.function.HandlerFilterFunction.lambda$apply$0(HandlerFilterFunction.java:70) ~[spring-webmvc-7.0.9.jar:7.0.9]
	at org.springframework.web.servlet.function.support.HandlerFunctionAdapter.handle(HandlerFunctionAdapter.java:106) ~[spring-webmvc-7.0.9.jar:7.0.9]
	at org.springframework.web.servlet.DispatcherServlet.doDispatch(DispatcherServlet.java:963) ~[spring-webmvc-7.0.9.jar:7.0.9]
	at org.springframework.web.servlet.DispatcherServlet.doService(DispatcherServlet.java:866) ~[spring-webmvc-7.0.9.jar:7.0.9]
	at org.springframework.web.servlet.FrameworkServlet.processRequest(FrameworkServlet.java:1000) ~[spring-webmvc-7.0.9.jar:7.0.9]
	at org.springframework.web.servlet.FrameworkServlet.doGet(FrameworkServlet.java:892) ~[spring-webmvc-7.0.9.jar:7.0.9]
	at jakarta.servlet.http.HttpServlet.service(HttpServlet.java:622) ~[tomcat-embed-core-11.0.24.jar:6.1]
	at org.springframework.web.servlet.FrameworkServlet.service(FrameworkServlet.java:874) ~[spring-webmvc-7.0.9.jar:7.0.9]
	at jakarta.servlet.http.HttpServlet.service(HttpServlet.java:710) ~[tomcat-embed-core-11.0.24.jar:6.1]
	at org.apache.catalina.core.ApplicationFilterChain.doFilter(ApplicationFilterChain.java:132) ~[tomcat-embed-core-11.0.24.jar:11.0.24]
	at org.apache.tomcat.websocket.server.WsFilter.doFilter(WsFilter.java:59) ~[tomcat-embed-websocket-11.0.24.jar:11.0.24]
	at org.apache.catalina.core.ApplicationFilterChain.doFilter(ApplicationFilterChain.java:111) ~[tomcat-embed-core-11.0.24.jar:11.0.24]
	at org.springframework.cloud.gateway.server.mvc.filter.WeightCalculatorFilter.doFilter(WeightCalculatorFilter.java:233) ~[spring-cloud-gateway-server-webmvc-5.0.3.jar:5.0.3]
	at org.apache.catalina.core.ApplicationFilterChain.doFilter(ApplicationFilterChain.java:111) ~[tomcat-embed-core-11.0.24.jar:11.0.24]
	at org.springframework.cloud.gateway.server.mvc.filter.FormFilter.doFilter(FormFilter.java:93) ~[spring-cloud-gateway-server-webmvc-5.0.3.jar:5.0.3]
	at org.apache.catalina.core.ApplicationFilterChain.doFilter(ApplicationFilterChain.java:111) ~[tomcat-embed-core-11.0.24.jar:11.0.24]
	at org.springframework.web.filter.RequestContextFilter.doFilterInternal(RequestContextFilter.java:100) ~[spring-web-7.0.9.jar:7.0.9]
	at org.springframework.web.filter.OncePerRequestFilter.doFilter(OncePerRequestFilter.java:116) ~[spring-web-7.0.9.jar:7.0.9]
	at org.apache.catalina.core.ApplicationFilterChain.doFilter(ApplicationFilterChain.java:111) ~[tomcat-embed-core-11.0.24.jar:11.0.24]
	at org.springframework.web.filter.FormContentFilter.doFilterInternal(FormContentFilter.java:93) ~[spring-web-7.0.9.jar:7.0.9]
	at org.springframework.web.filter.OncePerRequestFilter.doFilter(OncePerRequestFilter.java:116) ~[spring-web-7.0.9.jar:7.0.9]
	at org.apache.catalina.core.ApplicationFilterChain.doFilter(ApplicationFilterChain.java:111) ~[tomcat-embed-core-11.0.24.jar:11.0.24]
	at org.springframework.web.filter.CharacterEncodingFilter.doFilterInternal(CharacterEncodingFilter.java:199) ~[spring-web-7.0.9.jar:7.0.9]
	at org.springframework.web.filter.OncePerRequestFilter.doFilter(OncePerRequestFilter.java:116) ~[spring-web-7.0.9.jar:7.0.9]
	at org.apache.catalina.core.ApplicationFilterChain.doFilter(ApplicationFilterChain.java:111) ~[tomcat-embed-core-11.0.24.jar:11.0.24]
	at org.apache.catalina.core.StandardWrapperValve.invoke(StandardWrapperValve.java:165) ~[tomcat-embed-core-11.0.24.jar:11.0.24]
	at org.apache.catalina.core.StandardContextValve.invoke(StandardContextValve.java:77) ~[tomcat-embed-core-11.0.24.jar:11.0.24]
	at org.apache.catalina.authenticator.AuthenticatorBase.invoke(AuthenticatorBase.java:535) ~[tomcat-embed-core-11.0.24.jar:11.0.24]
	at org.apache.catalina.core.StandardHostValve.invoke(StandardHostValve.java:115) ~[tomcat-embed-core-11.0.24.jar:11.0.24]
	at org.apache.catalina.valves.ErrorReportValve.invoke(ErrorReportValve.java:86) ~[tomcat-embed-core-11.0.24.jar:11.0.24]
	at org.apache.catalina.core.StandardEngineValve.invoke(StandardEngineValve.java:71) ~[tomcat-embed-core-11.0.24.jar:11.0.24]
	at org.apache.catalina.connector.CoyoteAdapter.service(CoyoteAdapter.java:347) ~[tomcat-embed-core-11.0.24.jar:11.0.24]
	at org.apache.coyote.http11.Http11Processor.service(Http11Processor.java:406) ~[tomcat-embed-core-11.0.24.jar:11.0.24]
	at org.apache.coyote.AbstractProcessorLight.process(AbstractProcessorLight.java:71) ~[tomcat-embed-core-11.0.24.jar:11.0.24]
	at org.apache.coyote.AbstractProtocol$ConnectionHandler.process(AbstractProtocol.java:1307) ~[tomcat-embed-core-11.0.24.jar:11.0.24]
	at org.apache.tomcat.util.net.NioEndpoint$SocketProcessor.doRun(NioEndpoint.java:2036) ~[tomcat-embed-core-11.0.24.jar:11.0.24]
	at org.apache.tomcat.util.net.SocketProcessorBase.run(SocketProcessorBase.java:74) ~[tomcat-embed-core-11.0.24.jar:11.0.24]
	at org.apache.tomcat.util.threads.ThreadPoolExecutor.runWorker(ThreadPoolExecutor.java:949) ~[tomcat-embed-core-11.0.24.jar:11.0.24]
	at org.apache.tomcat.util.threads.ThreadPoolExecutor$Worker.run(ThreadPoolExecutor.java:483) ~[tomcat-embed-core-11.0.24.jar:11.0.24]
	at org.apache.tomcat.util.threads.TaskThread$WrappingRunnable.run(TaskThread.java:74) ~[tomcat-embed-core-11.0.24.jar:11.0.24]
	at java.base/java.lang.Thread.run(Thread.java:840) ~[na:na]

2026-09-08T00:58:36.982+05:30 DEBUG 14276 --- [api-gateway] [nio-8082-exec-4] o.s.web.servlet.DispatcherServlet        : "ERROR" dispatch for GET "/error", parameters={}
2026-09-08T00:58:36.983+05:30 DEBUG 14276 --- [api-gateway] [nio-8082-exec-4] s.w.s.m.m.a.RequestMappingHandlerMapping : Mapped to org.springframework.boot.webmvc.autoconfigure.error.BasicErrorController#error(HttpServletRequest)
2026-09-08T00:58:36.983+05:30 DEBUG 14276 --- [api-gateway] [nio-8082-exec-4] o.s.w.s.m.m.a.HttpEntityMethodProcessor  : Using 'application/json', given [*/*] and supported [application/json, application/*+json]
2026-09-08T00:58:36.984+05:30 DEBUG 14276 --- [api-gateway] [nio-8082-exec-4] o.s.w.s.m.m.a.HttpEntityMethodProcessor  : Writing [{timestamp=Tue Sep 08 00:58:36 IST 2026, status=500, error=Internal Server Error, path=/rider-servic (truncated)...]
2026-09-08T00:58:36.984+05:30 DEBUG 14276 --- [api-gateway] [nio-8082-exec-4] o.s.web.servlet.DispatcherServlet        : Exiting from "ERROR" dispatch, status 500
2026-09-08T00:58:39.003+05:30 DEBUG 14276 --- [api-gateway] [nio-8082-exec-7] o.s.web.servlet.DispatcherServlet        : GET "/driver-service/drivers", parameters={}
2026-09-08T00:58:39.017+05:30 DEBUG 14276 --- [api-gateway] [nio-8082-exec-7] o.s.w.s.f.support.RouterFunctionMapping  : Mapped to org.springframework.web.servlet.function.HandlerFilterFunction$$Lambda$1275/0x00000140466c5c10@4ca8c34b
2026-09-08T00:58:39.018+05:30  WARN 14276 --- [api-gateway] [nio-8082-exec-7] o.s.c.l.core.RoundRobinLoadBalancer      : No servers available for service: driver-service
2026-09-08T00:58:39.019+05:30 DEBUG 14276 --- [api-gateway] [nio-8082-exec-7] o.s.web.servlet.DispatcherServlet        : Failed to complete request: org.springframework.web.client.HttpServerErrorException: 503 Unable to find instance for driver-service
2026-09-08T00:58:39.020+05:30 ERROR 14276 --- [api-gateway] [nio-8082-exec-7] o.a.c.c.C.[.[.[/].[dispatcherServlet]    : Servlet.service() for servlet [dispatcherServlet] in context with path [] threw exception [Request processing failed: org.springframework.web.client.HttpServerErrorException: 503 Unable to find instance for driver-service] with root cause

org.springframework.web.client.HttpServerErrorException: 503 Unable to find instance for driver-service
	at org.springframework.cloud.gateway.server.mvc.filter.LoadBalancerFilterFunctions.lambda$lb$5(LoadBalancerFilterFunctions.java:92) ~[spring-cloud-gateway-server-webmvc-5.0.3.jar:5.0.3]
	at org.springframework.web.servlet.function.HandlerFilterFunction.lambda$andThen$1(HandlerFilterFunction.java:58) ~[spring-webmvc-7.0.9.jar:7.0.9]
	at org.springframework.web.servlet.function.HandlerFilterFunction.lambda$ofRequestProcessor$0(HandlerFilterFunction.java:83) ~[spring-webmvc-7.0.9.jar:7.0.9]
	at org.springframework.web.servlet.function.HandlerFilterFunction.lambda$andThen$1(HandlerFilterFunction.java:58) ~[spring-webmvc-7.0.9.jar:7.0.9]
	at org.springframework.web.servlet.function.HandlerFilterFunction.lambda$ofRequestProcessor$0(HandlerFilterFunction.java:83) ~[spring-webmvc-7.0.9.jar:7.0.9]
	at org.springframework.web.servlet.function.HandlerFilterFunction.lambda$andThen$0(HandlerFilterFunction.java:59) ~[spring-webmvc-7.0.9.jar:7.0.9]
	at org.springframework.web.servlet.function.HandlerFilterFunction.lambda$andThen$0(HandlerFilterFunction.java:59) ~[spring-webmvc-7.0.9.jar:7.0.9]
	at org.springframework.web.servlet.function.HandlerFilterFunction.lambda$apply$0(HandlerFilterFunction.java:70) ~[spring-webmvc-7.0.9.jar:7.0.9]
	at org.springframework.web.servlet.function.support.HandlerFunctionAdapter.handle(HandlerFunctionAdapter.java:106) ~[spring-webmvc-7.0.9.jar:7.0.9]
	at org.springframework.web.servlet.DispatcherServlet.doDispatch(DispatcherServlet.java:963) ~[spring-webmvc-7.0.9.jar:7.0.9]
	at org.springframework.web.servlet.DispatcherServlet.doService(DispatcherServlet.java:866) ~[spring-webmvc-7.0.9.jar:7.0.9]
	at org.springframework.web.servlet.FrameworkServlet.processRequest(FrameworkServlet.java:1000) ~[spring-webmvc-7.0.9.jar:7.0.9]
	at org.springframework.web.servlet.FrameworkServlet.doGet(FrameworkServlet.java:892) ~[spring-webmvc-7.0.9.jar:7.0.9]
	at jakarta.servlet.http.HttpServlet.service(HttpServlet.java:622) ~[tomcat-embed-core-11.0.24.jar:6.1]
	at org.springframework.web.servlet.FrameworkServlet.service(FrameworkServlet.java:874) ~[spring-webmvc-7.0.9.jar:7.0.9]
	at jakarta.servlet.http.HttpServlet.service(HttpServlet.java:710) ~[tomcat-embed-core-11.0.24.jar:6.1]
	at org.apache.catalina.core.ApplicationFilterChain.doFilter(ApplicationFilterChain.java:132) ~[tomcat-embed-core-11.0.24.jar:11.0.24]
	at org.apache.tomcat.websocket.server.WsFilter.doFilter(WsFilter.java:59) ~[tomcat-embed-websocket-11.0.24.jar:11.0.24]
	at org.apache.catalina.core.ApplicationFilterChain.doFilter(ApplicationFilterChain.java:111) ~[tomcat-embed-core-11.0.24.jar:11.0.24]
	at org.springframework.cloud.gateway.server.mvc.filter.WeightCalculatorFilter.doFilter(WeightCalculatorFilter.java:233) ~[spring-cloud-gateway-server-webmvc-5.0.3.jar:5.0.3]
	at org.apache.catalina.core.ApplicationFilterChain.doFilter(ApplicationFilterChain.java:111) ~[tomcat-embed-core-11.0.24.jar:11.0.24]
	at org.springframework.cloud.gateway.server.mvc.filter.FormFilter.doFilter(FormFilter.java:93) ~[spring-cloud-gateway-server-webmvc-5.0.3.jar:5.0.3]
	at org.apache.catalina.core.ApplicationFilterChain.doFilter(ApplicationFilterChain.java:111) ~[tomcat-embed-core-11.0.24.jar:11.0.24]
	at org.springframework.web.filter.RequestContextFilter.doFilterInternal(RequestContextFilter.java:100) ~[spring-web-7.0.9.jar:7.0.9]
	at org.springframework.web.filter.OncePerRequestFilter.doFilter(OncePerRequestFilter.java:116) ~[spring-web-7.0.9.jar:7.0.9]
	at org.apache.catalina.core.ApplicationFilterChain.doFilter(ApplicationFilterChain.java:111) ~[tomcat-embed-core-11.0.24.jar:11.0.24]
	at org.springframework.web.filter.FormContentFilter.doFilterInternal(FormContentFilter.java:93) ~[spring-web-7.0.9.jar:7.0.9]
	at org.springframework.web.filter.OncePerRequestFilter.doFilter(OncePerRequestFilter.java:116) ~[spring-web-7.0.9.jar:7.0.9]
	at org.apache.catalina.core.ApplicationFilterChain.doFilter(ApplicationFilterChain.java:111) ~[tomcat-embed-core-11.0.24.jar:11.0.24]
	at org.springframework.web.filter.CharacterEncodingFilter.doFilterInternal(CharacterEncodingFilter.java:199) ~[spring-web-7.0.9.jar:7.0.9]
	at org.springframework.web.filter.OncePerRequestFilter.doFilter(OncePerRequestFilter.java:116) ~[spring-web-7.0.9.jar:7.0.9]
	at org.apache.catalina.core.ApplicationFilterChain.doFilter(ApplicationFilterChain.java:111) ~[tomcat-embed-core-11.0.24.jar:11.0.24]
	at org.apache.catalina.core.StandardWrapperValve.invoke(StandardWrapperValve.java:165) ~[tomcat-embed-core-11.0.24.jar:11.0.24]
	at org.apache.catalina.core.StandardContextValve.invoke(StandardContextValve.java:77) ~[tomcat-embed-core-11.0.24.jar:11.0.24]
	at org.apache.catalina.authenticator.AuthenticatorBase.invoke(AuthenticatorBase.java:535) ~[tomcat-embed-core-11.0.24.jar:11.0.24]
	at org.apache.catalina.core.StandardHostValve.invoke(StandardHostValve.java:115) ~[tomcat-embed-core-11.0.24.jar:11.0.24]
	at org.apache.catalina.valves.ErrorReportValve.invoke(ErrorReportValve.java:86) ~[tomcat-embed-core-11.0.24.jar:11.0.24]
	at org.apache.catalina.core.StandardEngineValve.invoke(StandardEngineValve.java:71) ~[tomcat-embed-core-11.0.24.jar:11.0.24]
	at org.apache.catalina.connector.CoyoteAdapter.service(CoyoteAdapter.java:347) ~[tomcat-embed-core-11.0.24.jar:11.0.24]
	at org.apache.coyote.http11.Http11Processor.service(Http11Processor.java:406) ~[tomcat-embed-core-11.0.24.jar:11.0.24]
	at org.apache.coyote.AbstractProcessorLight.process(AbstractProcessorLight.java:71) ~[tomcat-embed-core-11.0.24.jar:11.0.24]
	at org.apache.coyote.AbstractProtocol$ConnectionHandler.process(AbstractProtocol.java:1307) ~[tomcat-embed-core-11.0.24.jar:11.0.24]
	at org.apache.tomcat.util.net.NioEndpoint$SocketProcessor.doRun(NioEndpoint.java:2036) ~[tomcat-embed-core-11.0.24.jar:11.0.24]
	at org.apache.tomcat.util.net.SocketProcessorBase.run(SocketProcessorBase.java:74) ~[tomcat-embed-core-11.0.24.jar:11.0.24]
	at org.apache.tomcat.util.threads.ThreadPoolExecutor.runWorker(ThreadPoolExecutor.java:949) ~[tomcat-embed-core-11.0.24.jar:11.0.24]
	at org.apache.tomcat.util.threads.ThreadPoolExecutor$Worker.run(ThreadPoolExecutor.java:483) ~[tomcat-embed-core-11.0.24.jar:11.0.24]
	at org.apache.tomcat.util.threads.TaskThread$WrappingRunnable.run(TaskThread.java:74) ~[tomcat-embed-core-11.0.24.jar:11.0.24]
	at java.base/java.lang.Thread.run(Thread.java:840) ~[na:na]

2026-09-08T00:58:39.022+05:30 DEBUG 14276 --- [api-gateway] [nio-8082-exec-7] o.s.web.servlet.DispatcherServlet        : "ERROR" dispatch for GET "/error", parameters={}
2026-09-08T00:58:39.023+05:30 DEBUG 14276 --- [api-gateway] [nio-8082-exec-7] s.w.s.m.m.a.RequestMappingHandlerMapping : Mapped to org.springframework.boot.webmvc.autoconfigure.error.BasicErrorController#error(HttpServletRequest)
2026-09-08T00:58:39.023+05:30 DEBUG 14276 --- [api-gateway] [nio-8082-exec-7] o.s.w.s.m.m.a.HttpEntityMethodProcessor  : Using 'application/json', given [*/*] and supported [application/json, application/*+json]
2026-09-08T00:58:39.024+05:30 DEBUG 14276 --- [api-gateway] [nio-8082-exec-7] o.s.w.s.m.m.a.HttpEntityMethodProcessor  : Writing [{timestamp=Tue Sep 08 00:58:39 IST 2026, status=500, error=Internal Server Error, path=/driver-servi (truncated)...]
2026-09-08T00:58:39.025+05:30 DEBUG 14276 --- [api-gateway] [nio-8082-exec-7] o.s.web.servlet.DispatcherServlet        : Exiting from "ERROR" dispatch, status 500
2026-09-08T00:58:39.029+05:30 DEBUG 14276 --- [api-gateway] [nio-8082-exec-8] o.s.web.servlet.DispatcherServlet        : GET "/rider-service/riders", parameters={}
2026-09-08T00:58:39.029+05:30 DEBUG 14276 --- [api-gateway] [nio-8082-exec-8] o.s.w.s.f.support.RouterFunctionMapping  : Mapped to org.springframework.web.servlet.function.HandlerFilterFunction$$Lambda$1275/0x00000140466c5c10@7d534133
2026-09-08T00:58:39.030+05:30  WARN 14276 --- [api-gateway] [nio-8082-exec-8] o.s.c.l.core.RoundRobinLoadBalancer      : No servers available for service: rider-service
2026-09-08T00:58:39.031+05:30 DEBUG 14276 --- [api-gateway] [nio-8082-exec-8] o.s.web.servlet.DispatcherServlet        : Failed to complete request: org.springframework.web.client.HttpServerErrorException: 503 Unable to find instance for rider-service
2026-09-08T00:58:39.031+05:30 ERROR 14276 --- [api-gateway] [nio-8082-exec-8] o.a.c.c.C.[.[.[/].[dispatcherServlet]    : Servlet.service() for servlet [dispatcherServlet] in context with path [] threw exception [Request processing failed: org.springframework.web.client.HttpServerErrorException: 503 Unable to find instance for rider-service] with root cause

org.springframework.web.client.HttpServerErrorException: 503 Unable to find instance for rider-service
	at org.springframework.cloud.gateway.server.mvc.filter.LoadBalancerFilterFunctions.lambda$lb$5(LoadBalancerFilterFunctions.java:92) ~[spring-cloud-gateway-server-webmvc-5.0.3.jar:5.0.3]
	at org.springframework.web.servlet.function.HandlerFilterFunction.lambda$andThen$1(HandlerFilterFunction.java:58) ~[spring-webmvc-7.0.9.jar:7.0.9]
	at org.springframework.web.servlet.function.HandlerFilterFunction.lambda$ofRequestProcessor$0(HandlerFilterFunction.java:83) ~[spring-webmvc-7.0.9.jar:7.0.9]
	at org.springframework.web.servlet.function.HandlerFilterFunction.lambda$andThen$1(HandlerFilterFunction.java:58) ~[spring-webmvc-7.0.9.jar:7.0.9]
	at org.springframework.web.servlet.function.HandlerFilterFunction.lambda$ofRequestProcessor$0(HandlerFilterFunction.java:83) ~[spring-webmvc-7.0.9.jar:7.0.9]
	at org.springframework.web.servlet.function.HandlerFilterFunction.lambda$andThen$0(HandlerFilterFunction.java:59) ~[spring-webmvc-7.0.9.jar:7.0.9]
	at org.springframework.web.servlet.function.HandlerFilterFunction.lambda$andThen$0(HandlerFilterFunction.java:59) ~[spring-webmvc-7.0.9.jar:7.0.9]
	at org.springframework.web.servlet.function.HandlerFilterFunction.lambda$apply$0(HandlerFilterFunction.java:70) ~[spring-webmvc-7.0.9.jar:7.0.9]
	at org.springframework.web.servlet.function.support.HandlerFunctionAdapter.handle(HandlerFunctionAdapter.java:106) ~[spring-webmvc-7.0.9.jar:7.0.9]
	at org.springframework.web.servlet.DispatcherServlet.doDispatch(DispatcherServlet.java:963) ~[spring-webmvc-7.0.9.jar:7.0.9]
	at org.springframework.web.servlet.DispatcherServlet.doService(DispatcherServlet.java:866) ~[spring-webmvc-7.0.9.jar:7.0.9]
	at org.springframework.web.servlet.FrameworkServlet.processRequest(FrameworkServlet.java:1000) ~[spring-webmvc-7.0.9.jar:7.0.9]
	at org.springframework.web.servlet.FrameworkServlet.doGet(FrameworkServlet.java:892) ~[spring-webmvc-7.0.9.jar:7.0.9]
	at jakarta.servlet.http.HttpServlet.service(HttpServlet.java:622) ~[tomcat-embed-core-11.0.24.jar:6.1]
	at org.springframework.web.servlet.FrameworkServlet.service(FrameworkServlet.java:874) ~[spring-webmvc-7.0.9.jar:7.0.9]
	at jakarta.servlet.http.HttpServlet.service(HttpServlet.java:710) ~[tomcat-embed-core-11.0.24.jar:6.1]
	at org.apache.catalina.core.ApplicationFilterChain.doFilter(ApplicationFilterChain.java:132) ~[tomcat-embed-core-11.0.24.jar:11.0.24]
	at org.apache.tomcat.websocket.server.WsFilter.doFilter(WsFilter.java:59) ~[tomcat-embed-websocket-11.0.24.jar:11.0.24]
	at org.apache.catalina.core.ApplicationFilterChain.doFilter(ApplicationFilterChain.java:111) ~[tomcat-embed-core-11.0.24.jar:11.0.24]
	at org.springframework.cloud.gateway.server.mvc.filter.WeightCalculatorFilter.doFilter(WeightCalculatorFilter.java:233) ~[spring-cloud-gateway-server-webmvc-5.0.3.jar:5.0.3]
	at org.apache.catalina.core.ApplicationFilterChain.doFilter(ApplicationFilterChain.java:111) ~[tomcat-embed-core-11.0.24.jar:11.0.24]
	at org.springframework.cloud.gateway.server.mvc.filter.FormFilter.doFilter(FormFilter.java:93) ~[spring-cloud-gateway-server-webmvc-5.0.3.jar:5.0.3]
	at org.apache.catalina.core.ApplicationFilterChain.doFilter(ApplicationFilterChain.java:111) ~[tomcat-embed-core-11.0.24.jar:11.0.24]
	at org.springframework.web.filter.RequestContextFilter.doFilterInternal(RequestContextFilter.java:100) ~[spring-web-7.0.9.jar:7.0.9]
	at org.springframework.web.filter.OncePerRequestFilter.doFilter(OncePerRequestFilter.java:116) ~[spring-web-7.0.9.jar:7.0.9]
	at org.apache.catalina.core.ApplicationFilterChain.doFilter(ApplicationFilterChain.java:111) ~[tomcat-embed-core-11.0.24.jar:11.0.24]
	at org.springframework.web.filter.FormContentFilter.doFilterInternal(FormContentFilter.java:93) ~[spring-web-7.0.9.jar:7.0.9]
	at org.springframework.web.filter.OncePerRequestFilter.doFilter(OncePerRequestFilter.java:116) ~[spring-web-7.0.9.jar:7.0.9]
	at org.apache.catalina.core.ApplicationFilterChain.doFilter(ApplicationFilterChain.java:111) ~[tomcat-embed-core-11.0.24.jar:11.0.24]
	at org.springframework.web.filter.CharacterEncodingFilter.doFilterInternal(CharacterEncodingFilter.java:199) ~[spring-web-7.0.9.jar:7.0.9]
	at org.springframework.web.filter.OncePerRequestFilter.doFilter(OncePerRequestFilter.java:116) ~[spring-web-7.0.9.jar:7.0.9]
	at org.apache.catalina.core.ApplicationFilterChain.doFilter(ApplicationFilterChain.java:111) ~[tomcat-embed-core-11.0.24.jar:11.0.24]
	at org.apache.catalina.core.StandardWrapperValve.invoke(StandardWrapperValve.java:165) ~[tomcat-embed-core-11.0.24.jar:11.0.24]
	at org.apache.catalina.core.StandardContextValve.invoke(StandardContextValve.java:77) ~[tomcat-embed-core-11.0.24.jar:11.0.24]
	at org.apache.catalina.authenticator.AuthenticatorBase.invoke(AuthenticatorBase.java:535) ~[tomcat-embed-core-11.0.24.jar:11.0.24]
	at org.apache.catalina.core.StandardHostValve.invoke(StandardHostValve.java:115) ~[tomcat-embed-core-11.0.24.jar:11.0.24]
	at org.apache.catalina.valves.ErrorReportValve.invoke(ErrorReportValve.java:86) ~[tomcat-embed-core-11.0.24.jar:11.0.24]
	at org.apache.catalina.core.StandardEngineValve.invoke(StandardEngineValve.java:71) ~[tomcat-embed-core-11.0.24.jar:11.0.24]
	at org.apache.catalina.connector.CoyoteAdapter.service(CoyoteAdapter.java:347) ~[tomcat-embed-core-11.0.24.jar:11.0.24]
	at org.apache.coyote.http11.Http11Processor.service(Http11Processor.java:406) ~[tomcat-embed-core-11.0.24.jar:11.0.24]
	at org.apache.coyote.AbstractProcessorLight.process(AbstractProcessorLight.java:71) ~[tomcat-embed-core-11.0.24.jar:11.0.24]
	at org.apache.coyote.AbstractProtocol$ConnectionHandler.process(AbstractProtocol.java:1307) ~[tomcat-embed-core-11.0.24.jar:11.0.24]
	at org.apache.tomcat.util.net.NioEndpoint$SocketProcessor.doRun(NioEndpoint.java:2036) ~[tomcat-embed-core-11.0.24.jar:11.0.24]
	at org.apache.tomcat.util.net.SocketProcessorBase.run(SocketProcessorBase.java:74) ~[tomcat-embed-core-11.0.24.jar:11.0.24]
	at org.apache.tomcat.util.threads.ThreadPoolExecutor.runWorker(ThreadPoolExecutor.java:949) ~[tomcat-embed-core-11.0.24.jar:11.0.24]
	at org.apache.tomcat.util.threads.ThreadPoolExecutor$Worker.run(ThreadPoolExecutor.java:483) ~[tomcat-embed-core-11.0.24.jar:11.0.24]
	at org.apache.tomcat.util.threads.TaskThread$WrappingRunnable.run(TaskThread.java:74) ~[tomcat-embed-core-11.0.24.jar:11.0.24]
	at java.base/java.lang.Thread.run(Thread.java:840) ~[na:na]

2026-09-08T00:58:39.032+05:30 DEBUG 14276 --- [api-gateway] [nio-8082-exec-8] o.s.web.servlet.DispatcherServlet        : "ERROR" dispatch for GET "/error", parameters={}
2026-09-08T00:58:39.033+05:30 DEBUG 14276 --- [api-gateway] [nio-8082-exec-8] s.w.s.m.m.a.RequestMappingHandlerMapping : Mapped to org.springframework.boot.webmvc.autoconfigure.error.BasicErrorController#error(HttpServletRequest)
2026-09-08T00:58:39.033+05:30 DEBUG 14276 --- [api-gateway] [nio-8082-exec-8] o.s.w.s.m.m.a.HttpEntityMethodProcessor  : Using 'application/json', given [*/*] and supported [application/json, application/*+json]
2026-09-08T00:58:39.033+05:30 DEBUG 14276 --- [api-gateway] [nio-8082-exec-8] o.s.w.s.m.m.a.HttpEntityMethodProcessor  : Writing [{timestamp=Tue Sep 08 00:58:39 IST 2026, status=500, error=Internal Server Error, path=/rider-servic (truncated)...]
2026-09-08T00:58:39.034+05:30 DEBUG 14276 --- [api-gateway] [nio-8082-exec-8] o.s.web.servlet.DispatcherServlet        : Exiting from "ERROR" dispatch, status 500
2026-09-08T00:58:40.689+05:30 DEBUG 14276 --- [api-gateway] [nio-8082-exec-2] o.s.web.servlet.DispatcherServlet        : GET "/driver-service/drivers", parameters={}
2026-09-08T00:58:40.703+05:30 DEBUG 14276 --- [api-gateway] [nio-8082-exec-2] o.s.w.s.f.support.RouterFunctionMapping  : Mapped to org.springframework.web.servlet.function.HandlerFilterFunction$$Lambda$1275/0x00000140466c5c10@bb5e242
2026-09-08T00:58:40.704+05:30  WARN 14276 --- [api-gateway] [nio-8082-exec-2] o.s.c.l.core.RoundRobinLoadBalancer      : No servers available for service: driver-service
2026-09-08T00:58:40.704+05:30 DEBUG 14276 --- [api-gateway] [nio-8082-exec-2] o.s.web.servlet.DispatcherServlet        : Failed to complete request: org.springframework.web.client.HttpServerErrorException: 503 Unable to find instance for driver-service
2026-09-08T00:58:40.705+05:30 ERROR 14276 --- [api-gateway] [nio-8082-exec-2] o.a.c.c.C.[.[.[/].[dispatcherServlet]    : Servlet.service() for servlet [dispatcherServlet] in context with path [] threw exception [Request processing failed: org.springframework.web.client.HttpServerErrorException: 503 Unable to find instance for driver-service] with root cause

org.springframework.web.client.HttpServerErrorException: 503 Unable to find instance for driver-service
	at org.springframework.cloud.gateway.server.mvc.filter.LoadBalancerFilterFunctions.lambda$lb$5(LoadBalancerFilterFunctions.java:92) ~[spring-cloud-gateway-server-webmvc-5.0.3.jar:5.0.3]
	at org.springframework.web.servlet.function.HandlerFilterFunction.lambda$andThen$1(HandlerFilterFunction.java:58) ~[spring-webmvc-7.0.9.jar:7.0.9]
	at org.springframework.web.servlet.function.HandlerFilterFunction.lambda$ofRequestProcessor$0(HandlerFilterFunction.java:83) ~[spring-webmvc-7.0.9.jar:7.0.9]
	at org.springframework.web.servlet.function.HandlerFilterFunction.lambda$andThen$1(HandlerFilterFunction.java:58) ~[spring-webmvc-7.0.9.jar:7.0.9]
	at org.springframework.web.servlet.function.HandlerFilterFunction.lambda$ofRequestProcessor$0(HandlerFilterFunction.java:83) ~[spring-webmvc-7.0.9.jar:7.0.9]
	at org.springframework.web.servlet.function.HandlerFilterFunction.lambda$andThen$0(HandlerFilterFunction.java:59) ~[spring-webmvc-7.0.9.jar:7.0.9]
	at org.springframework.web.servlet.function.HandlerFilterFunction.lambda$andThen$0(HandlerFilterFunction.java:59) ~[spring-webmvc-7.0.9.jar:7.0.9]
	at org.springframework.web.servlet.function.HandlerFilterFunction.lambda$apply$0(HandlerFilterFunction.java:70) ~[spring-webmvc-7.0.9.jar:7.0.9]
	at org.springframework.web.servlet.function.support.HandlerFunctionAdapter.handle(HandlerFunctionAdapter.java:106) ~[spring-webmvc-7.0.9.jar:7.0.9]
	at org.springframework.web.servlet.DispatcherServlet.doDispatch(DispatcherServlet.java:963) ~[spring-webmvc-7.0.9.jar:7.0.9]
	at org.springframework.web.servlet.DispatcherServlet.doService(DispatcherServlet.java:866) ~[spring-webmvc-7.0.9.jar:7.0.9]
	at org.springframework.web.servlet.FrameworkServlet.processRequest(FrameworkServlet.java:1000) ~[spring-webmvc-7.0.9.jar:7.0.9]
	at org.springframework.web.servlet.FrameworkServlet.doGet(FrameworkServlet.java:892) ~[spring-webmvc-7.0.9.jar:7.0.9]
	at jakarta.servlet.http.HttpServlet.service(HttpServlet.java:622) ~[tomcat-embed-core-11.0.24.jar:6.1]
	at org.springframework.web.servlet.FrameworkServlet.service(FrameworkServlet.java:874) ~[spring-webmvc-7.0.9.jar:7.0.9]
	at jakarta.servlet.http.HttpServlet.service(HttpServlet.java:710) ~[tomcat-embed-core-11.0.24.jar:6.1]
	at org.apache.catalina.core.ApplicationFilterChain.doFilter(ApplicationFilterChain.java:132) ~[tomcat-embed-core-11.0.24.jar:11.0.24]
	at org.apache.tomcat.websocket.server.WsFilter.doFilter(WsFilter.java:59) ~[tomcat-embed-websocket-11.0.24.jar:11.0.24]
	at org.apache.catalina.core.ApplicationFilterChain.doFilter(ApplicationFilterChain.java:111) ~[tomcat-embed-core-11.0.24.jar:11.0.24]
	at org.springframework.cloud.gateway.server.mvc.filter.WeightCalculatorFilter.doFilter(WeightCalculatorFilter.java:233) ~[spring-cloud-gateway-server-webmvc-5.0.3.jar:5.0.3]
	at org.apache.catalina.core.ApplicationFilterChain.doFilter(ApplicationFilterChain.java:111) ~[tomcat-embed-core-11.0.24.jar:11.0.24]
	at org.springframework.cloud.gateway.server.mvc.filter.FormFilter.doFilter(FormFilter.java:93) ~[spring-cloud-gateway-server-webmvc-5.0.3.jar:5.0.3]
	at org.apache.catalina.core.ApplicationFilterChain.doFilter(ApplicationFilterChain.java:111) ~[tomcat-embed-core-11.0.24.jar:11.0.24]
	at org.springframework.web.filter.RequestContextFilter.doFilterInternal(RequestContextFilter.java:100) ~[spring-web-7.0.9.jar:7.0.9]
	at org.springframework.web.filter.OncePerRequestFilter.doFilter(OncePerRequestFilter.java:116) ~[spring-web-7.0.9.jar:7.0.9]
	at org.apache.catalina.core.ApplicationFilterChain.doFilter(ApplicationFilterChain.java:111) ~[tomcat-embed-core-11.0.24.jar:11.0.24]
	at org.springframework.web.filter.FormContentFilter.doFilterInternal(FormContentFilter.java:93) ~[spring-web-7.0.9.jar:7.0.9]
	at org.springframework.web.filter.OncePerRequestFilter.doFilter(OncePerRequestFilter.java:116) ~[spring-web-7.0.9.jar:7.0.9]
	at org.apache.catalina.core.ApplicationFilterChain.doFilter(ApplicationFilterChain.java:111) ~[tomcat-embed-core-11.0.24.jar:11.0.24]
	at org.springframework.web.filter.CharacterEncodingFilter.doFilterInternal(CharacterEncodingFilter.java:199) ~[spring-web-7.0.9.jar:7.0.9]
	at org.springframework.web.filter.OncePerRequestFilter.doFilter(OncePerRequestFilter.java:116) ~[spring-web-7.0.9.jar:7.0.9]
	at org.apache.catalina.core.ApplicationFilterChain.doFilter(ApplicationFilterChain.java:111) ~[tomcat-embed-core-11.0.24.jar:11.0.24]
	at org.apache.catalina.core.StandardWrapperValve.invoke(StandardWrapperValve.java:165) ~[tomcat-embed-core-11.0.24.jar:11.0.24]
	at org.apache.catalina.core.StandardContextValve.invoke(StandardContextValve.java:77) ~[tomcat-embed-core-11.0.24.jar:11.0.24]
	at org.apache.catalina.authenticator.AuthenticatorBase.invoke(AuthenticatorBase.java:535) ~[tomcat-embed-core-11.0.24.jar:11.0.24]
	at org.apache.catalina.core.StandardHostValve.invoke(StandardHostValve.java:115) ~[tomcat-embed-core-11.0.24.jar:11.0.24]
	at org.apache.catalina.valves.ErrorReportValve.invoke(ErrorReportValve.java:86) ~[tomcat-embed-core-11.0.24.jar:11.0.24]
	at org.apache.catalina.core.StandardEngineValve.invoke(StandardEngineValve.java:71) ~[tomcat-embed-core-11.0.24.jar:11.0.24]
	at org.apache.catalina.connector.CoyoteAdapter.service(CoyoteAdapter.java:347) ~[tomcat-embed-core-11.0.24.jar:11.0.24]
	at org.apache.coyote.http11.Http11Processor.service(Http11Processor.java:406) ~[tomcat-embed-core-11.0.24.jar:11.0.24]
	at org.apache.coyote.AbstractProcessorLight.process(AbstractProcessorLight.java:71) ~[tomcat-embed-core-11.0.24.jar:11.0.24]
	at org.apache.coyote.AbstractProtocol$ConnectionHandler.process(AbstractProtocol.java:1307) ~[tomcat-embed-core-11.0.24.jar:11.0.24]
	at org.apache.tomcat.util.net.NioEndpoint$SocketProcessor.doRun(NioEndpoint.java:2036) ~[tomcat-embed-core-11.0.24.jar:11.0.24]
	at org.apache.tomcat.util.net.SocketProcessorBase.run(SocketProcessorBase.java:74) ~[tomcat-embed-core-11.0.24.jar:11.0.24]
	at org.apache.tomcat.util.threads.ThreadPoolExecutor.runWorker(ThreadPoolExecutor.java:949) ~[tomcat-embed-core-11.0.24.jar:11.0.24]
	at org.apache.tomcat.util.threads.ThreadPoolExecutor$Worker.run(ThreadPoolExecutor.java:483) ~[tomcat-embed-core-11.0.24.jar:11.0.24]
	at org.apache.tomcat.util.threads.TaskThread$WrappingRunnable.run(TaskThread.java:74) ~[tomcat-embed-core-11.0.24.jar:11.0.24]
	at java.base/java.lang.Thread.run(Thread.java:840) ~[na:na]

2026-09-08T00:58:40.705+05:30 DEBUG 14276 --- [api-gateway] [nio-8082-exec-2] o.s.web.servlet.DispatcherServlet        : "ERROR" dispatch for GET "/error", parameters={}
2026-09-08T00:58:40.706+05:30 DEBUG 14276 --- [api-gateway] [nio-8082-exec-2] s.w.s.m.m.a.RequestMappingHandlerMapping : Mapped to org.springframework.boot.webmvc.autoconfigure.error.BasicErrorController#error(HttpServletRequest)
2026-09-08T00:58:40.706+05:30 DEBUG 14276 --- [api-gateway] [nio-8082-exec-2] o.s.w.s.m.m.a.HttpEntityMethodProcessor  : Using 'application/json', given [*/*] and supported [application/json, application/*+json]
2026-09-08T00:58:40.706+05:30 DEBUG 14276 --- [api-gateway] [nio-8082-exec-2] o.s.w.s.m.m.a.HttpEntityMethodProcessor  : Writing [{timestamp=Tue Sep 08 00:58:40 IST 2026, status=500, error=Internal Server Error, path=/driver-servi (truncated)...]
2026-09-08T00:58:40.707+05:30 DEBUG 14276 --- [api-gateway] [nio-8082-exec-2] o.s.web.servlet.DispatcherServlet        : Exiting from "ERROR" dispatch, status 500
2026-09-08T00:58:40.719+05:30 DEBUG 14276 --- [api-gateway] [nio-8082-exec-5] o.s.web.servlet.DispatcherServlet        : GET "/rider-service/riders", parameters={}
2026-09-08T00:58:40.720+05:30 DEBUG 14276 --- [api-gateway] [nio-8082-exec-5] o.s.w.s.f.support.RouterFunctionMapping  : Mapped to org.springframework.web.servlet.function.HandlerFilterFunction$$Lambda$1275/0x00000140466c5c10@4aa95fdc
2026-09-08T00:58:40.721+05:30  WARN 14276 --- [api-gateway] [nio-8082-exec-5] o.s.c.l.core.RoundRobinLoadBalancer      : No servers available for service: rider-service
2026-09-08T00:58:40.722+05:30 DEBUG 14276 --- [api-gateway] [nio-8082-exec-5] o.s.web.servlet.DispatcherServlet        : Failed to complete request: org.springframework.web.client.HttpServerErrorException: 503 Unable to find instance for rider-service
2026-09-08T00:58:40.722+05:30 ERROR 14276 --- [api-gateway] [nio-8082-exec-5] o.a.c.c.C.[.[.[/].[dispatcherServlet]    : Servlet.service() for servlet [dispatcherServlet] in context with path [] threw exception [Request processing failed: org.springframework.web.client.HttpServerErrorException: 503 Unable to find instance for rider-service] with root cause

org.springframework.web.client.HttpServerErrorException: 503 Unable to find instance for rider-service
	at org.springframework.cloud.gateway.server.mvc.filter.LoadBalancerFilterFunctions.lambda$lb$5(LoadBalancerFilterFunctions.java:92) ~[spring-cloud-gateway-server-webmvc-5.0.3.jar:5.0.3]
	at org.springframework.web.servlet.function.HandlerFilterFunction.lambda$andThen$1(HandlerFilterFunction.java:58) ~[spring-webmvc-7.0.9.jar:7.0.9]
	at org.springframework.web.servlet.function.HandlerFilterFunction.lambda$ofRequestProcessor$0(HandlerFilterFunction.java:83) ~[spring-webmvc-7.0.9.jar:7.0.9]
	at org.springframework.web.servlet.function.HandlerFilterFunction.lambda$andThen$1(HandlerFilterFunction.java:58) ~[spring-webmvc-7.0.9.jar:7.0.9]
	at org.springframework.web.servlet.function.HandlerFilterFunction.lambda$ofRequestProcessor$0(HandlerFilterFunction.java:83) ~[spring-webmvc-7.0.9.jar:7.0.9]
	at org.springframework.web.servlet.function.HandlerFilterFunction.lambda$andThen$0(HandlerFilterFunction.java:59) ~[spring-webmvc-7.0.9.jar:7.0.9]
	at org.springframework.web.servlet.function.HandlerFilterFunction.lambda$andThen$0(HandlerFilterFunction.java:59) ~[spring-webmvc-7.0.9.jar:7.0.9]
	at org.springframework.web.servlet.function.HandlerFilterFunction.lambda$apply$0(HandlerFilterFunction.java:70) ~[spring-webmvc-7.0.9.jar:7.0.9]
	at org.springframework.web.servlet.function.support.HandlerFunctionAdapter.handle(HandlerFunctionAdapter.java:106) ~[spring-webmvc-7.0.9.jar:7.0.9]
	at org.springframework.web.servlet.DispatcherServlet.doDispatch(DispatcherServlet.java:963) ~[spring-webmvc-7.0.9.jar:7.0.9]
	at org.springframework.web.servlet.DispatcherServlet.doService(DispatcherServlet.java:866) ~[spring-webmvc-7.0.9.jar:7.0.9]
	at org.springframework.web.servlet.FrameworkServlet.processRequest(FrameworkServlet.java:1000) ~[spring-webmvc-7.0.9.jar:7.0.9]
	at org.springframework.web.servlet.FrameworkServlet.doGet(FrameworkServlet.java:892) ~[spring-webmvc-7.0.9.jar:7.0.9]
	at jakarta.servlet.http.HttpServlet.service(HttpServlet.java:622) ~[tomcat-embed-core-11.0.24.jar:6.1]
	at org.springframework.web.servlet.FrameworkServlet.service(FrameworkServlet.java:874) ~[spring-webmvc-7.0.9.jar:7.0.9]
	at jakarta.servlet.http.HttpServlet.service(HttpServlet.java:710) ~[tomcat-embed-core-11.0.24.jar:6.1]
	at org.apache.catalina.core.ApplicationFilterChain.doFilter(ApplicationFilterChain.java:132) ~[tomcat-embed-core-11.0.24.jar:11.0.24]
	at org.apache.tomcat.websocket.server.WsFilter.doFilter(WsFilter.java:59) ~[tomcat-embed-websocket-11.0.24.jar:11.0.24]
	at org.apache.catalina.core.ApplicationFilterChain.doFilter(ApplicationFilterChain.java:111) ~[tomcat-embed-core-11.0.24.jar:11.0.24]
	at org.springframework.cloud.gateway.server.mvc.filter.WeightCalculatorFilter.doFilter(WeightCalculatorFilter.java:233) ~[spring-cloud-gateway-server-webmvc-5.0.3.jar:5.0.3]
	at org.apache.catalina.core.ApplicationFilterChain.doFilter(ApplicationFilterChain.java:111) ~[tomcat-embed-core-11.0.24.jar:11.0.24]
	at org.springframework.cloud.gateway.server.mvc.filter.FormFilter.doFilter(FormFilter.java:93) ~[spring-cloud-gateway-server-webmvc-5.0.3.jar:5.0.3]
	at org.apache.catalina.core.ApplicationFilterChain.doFilter(ApplicationFilterChain.java:111) ~[tomcat-embed-core-11.0.24.jar:11.0.24]
	at org.springframework.web.filter.RequestContextFilter.doFilterInternal(RequestContextFilter.java:100) ~[spring-web-7.0.9.jar:7.0.9]
	at org.springframework.web.filter.OncePerRequestFilter.doFilter(OncePerRequestFilter.java:116) ~[spring-web-7.0.9.jar:7.0.9]
	at org.apache.catalina.core.ApplicationFilterChain.doFilter(ApplicationFilterChain.java:111) ~[tomcat-embed-core-11.0.24.jar:11.0.24]
	at org.springframework.web.filter.FormContentFilter.doFilterInternal(FormContentFilter.java:93) ~[spring-web-7.0.9.jar:7.0.9]
	at org.springframework.web.filter.OncePerRequestFilter.doFilter(OncePerRequestFilter.java:116) ~[spring-web-7.0.9.jar:7.0.9]
	at org.apache.catalina.core.ApplicationFilterChain.doFilter(ApplicationFilterChain.java:111) ~[tomcat-embed-core-11.0.24.jar:11.0.24]
	at org.springframework.web.filter.CharacterEncodingFilter.doFilterInternal(CharacterEncodingFilter.java:199) ~[spring-web-7.0.9.jar:7.0.9]
	at org.springframework.web.filter.OncePerRequestFilter.doFilter(OncePerRequestFilter.java:116) ~[spring-web-7.0.9.jar:7.0.9]
	at org.apache.catalina.core.ApplicationFilterChain.doFilter(ApplicationFilterChain.java:111) ~[tomcat-embed-core-11.0.24.jar:11.0.24]
	at org.apache.catalina.core.StandardWrapperValve.invoke(StandardWrapperValve.java:165) ~[tomcat-embed-core-11.0.24.jar:11.0.24]
	at org.apache.catalina.core.StandardContextValve.invoke(StandardContextValve.java:77) ~[tomcat-embed-core-11.0.24.jar:11.0.24]
	at org.apache.catalina.authenticator.AuthenticatorBase.invoke(AuthenticatorBase.java:535) ~[tomcat-embed-core-11.0.24.jar:11.0.24]
	at org.apache.catalina.core.StandardHostValve.invoke(StandardHostValve.java:115) ~[tomcat-embed-core-11.0.24.jar:11.0.24]
	at org.apache.catalina.valves.ErrorReportValve.invoke(ErrorReportValve.java:86) ~[tomcat-embed-core-11.0.24.jar:11.0.24]
	at org.apache.catalina.core.StandardEngineValve.invoke(StandardEngineValve.java:71) ~[tomcat-embed-core-11.0.24.jar:11.0.24]
	at org.apache.catalina.connector.CoyoteAdapter.service(CoyoteAdapter.java:347) ~[tomcat-embed-core-11.0.24.jar:11.0.24]
	at org.apache.coyote.http11.Http11Processor.service(Http11Processor.java:406) ~[tomcat-embed-core-11.0.24.jar:11.0.24]
	at org.apache.coyote.AbstractProcessorLight.process(AbstractProcessorLight.java:71) ~[tomcat-embed-core-11.0.24.jar:11.0.24]
	at org.apache.coyote.AbstractProtocol$ConnectionHandler.process(AbstractProtocol.java:1307) ~[tomcat-embed-core-11.0.24.jar:11.0.24]
	at org.apache.tomcat.util.net.NioEndpoint$SocketProcessor.doRun(NioEndpoint.java:2036) ~[tomcat-embed-core-11.0.24.jar:11.0.24]
	at org.apache.tomcat.util.net.SocketProcessorBase.run(SocketProcessorBase.java:74) ~[tomcat-embed-core-11.0.24.jar:11.0.24]
	at org.apache.tomcat.util.threads.ThreadPoolExecutor.runWorker(ThreadPoolExecutor.java:949) ~[tomcat-embed-core-11.0.24.jar:11.0.24]
	at org.apache.tomcat.util.threads.ThreadPoolExecutor$Worker.run(ThreadPoolExecutor.java:483) ~[tomcat-embed-core-11.0.24.jar:11.0.24]
	at org.apache.tomcat.util.threads.TaskThread$WrappingRunnable.run(TaskThread.java:74) ~[tomcat-embed-core-11.0.24.jar:11.0.24]
	at java.base/java.lang.Thread.run(Thread.java:840) ~[na:na]

2026-09-08T00:58:40.723+05:30 DEBUG 14276 --- [api-gateway] [nio-8082-exec-5] o.s.web.servlet.DispatcherServlet        : "ERROR" dispatch for GET "/error", parameters={}
2026-09-08T00:58:40.723+05:30 DEBUG 14276 --- [api-gateway] [nio-8082-exec-5] s.w.s.m.m.a.RequestMappingHandlerMapping : Mapped to org.springframework.boot.webmvc.autoconfigure.error.BasicErrorController#error(HttpServletRequest)
2026-09-08T00:58:40.724+05:30 DEBUG 14276 --- [api-gateway] [nio-8082-exec-5] o.s.w.s.m.m.a.HttpEntityMethodProcessor  : Using 'application/json', given [*/*] and supported [application/json, application/*+json]
2026-09-08T00:58:40.724+05:30 DEBUG 14276 --- [api-gateway] [nio-8082-exec-5] o.s.w.s.m.m.a.HttpEntityMethodProcessor  : Writing [{timestamp=Tue Sep 08 00:58:40 IST 2026, status=500, error=Internal Server Error, path=/rider-servic (truncated)...]
2026-09-08T00:58:40.725+05:30 DEBUG 14276 --- [api-gateway] [nio-8082-exec-5] o.s.web.servlet.DispatcherServlet        : Exiting from "ERROR" dispatch, status 500
2026-09-08T00:58:41.041+05:30 DEBUG 14276 --- [api-gateway] [nio-8082-exec-1] o.s.web.servlet.DispatcherServlet        : GET "/driver-service/drivers", parameters={}
2026-09-08T00:58:41.055+05:30 DEBUG 14276 --- [api-gateway] [nio-8082-exec-1] o.s.w.s.f.support.RouterFunctionMapping  : Mapped to org.springframework.web.servlet.function.HandlerFilterFunction$$Lambda$1275/0x00000140466c5c10@7ea88442
2026-09-08T00:58:41.057+05:30  WARN 14276 --- [api-gateway] [nio-8082-exec-1] o.s.c.l.core.RoundRobinLoadBalancer      : No servers available for service: driver-service
2026-09-08T00:58:41.058+05:30 DEBUG 14276 --- [api-gateway] [nio-8082-exec-1] o.s.web.servlet.DispatcherServlet        : Failed to complete request: org.springframework.web.client.HttpServerErrorException: 503 Unable to find instance for driver-service
2026-09-08T00:58:41.059+05:30 ERROR 14276 --- [api-gateway] [nio-8082-exec-1] o.a.c.c.C.[.[.[/].[dispatcherServlet]    : Servlet.service() for servlet [dispatcherServlet] in context with path [] threw exception [Request processing failed: org.springframework.web.client.HttpServerErrorException: 503 Unable to find instance for driver-service] with root cause

org.springframework.web.client.HttpServerErrorException: 503 Unable to find instance for driver-service
	at org.springframework.cloud.gateway.server.mvc.filter.LoadBalancerFilterFunctions.lambda$lb$5(LoadBalancerFilterFunctions.java:92) ~[spring-cloud-gateway-server-webmvc-5.0.3.jar:5.0.3]
	at org.springframework.web.servlet.function.HandlerFilterFunction.lambda$andThen$1(HandlerFilterFunction.java:58) ~[spring-webmvc-7.0.9.jar:7.0.9]
	at org.springframework.web.servlet.function.HandlerFilterFunction.lambda$ofRequestProcessor$0(HandlerFilterFunction.java:83) ~[spring-webmvc-7.0.9.jar:7.0.9]
	at org.springframework.web.servlet.function.HandlerFilterFunction.lambda$andThen$1(HandlerFilterFunction.java:58) ~[spring-webmvc-7.0.9.jar:7.0.9]
	at org.springframework.web.servlet.function.HandlerFilterFunction.lambda$ofRequestProcessor$0(HandlerFilterFunction.java:83) ~[spring-webmvc-7.0.9.jar:7.0.9]
	at org.springframework.web.servlet.function.HandlerFilterFunction.lambda$andThen$0(HandlerFilterFunction.java:59) ~[spring-webmvc-7.0.9.jar:7.0.9]
	at org.springframework.web.servlet.function.HandlerFilterFunction.lambda$andThen$0(HandlerFilterFunction.java:59) ~[spring-webmvc-7.0.9.jar:7.0.9]
	at org.springframework.web.servlet.function.HandlerFilterFunction.lambda$apply$0(HandlerFilterFunction.java:70) ~[spring-webmvc-7.0.9.jar:7.0.9]
	at org.springframework.web.servlet.function.support.HandlerFunctionAdapter.handle(HandlerFunctionAdapter.java:106) ~[spring-webmvc-7.0.9.jar:7.0.9]
	at org.springframework.web.servlet.DispatcherServlet.doDispatch(DispatcherServlet.java:963) ~[spring-webmvc-7.0.9.jar:7.0.9]
	at org.springframework.web.servlet.DispatcherServlet.doService(DispatcherServlet.java:866) ~[spring-webmvc-7.0.9.jar:7.0.9]
	at org.springframework.web.servlet.FrameworkServlet.processRequest(FrameworkServlet.java:1000) ~[spring-webmvc-7.0.9.jar:7.0.9]
	at org.springframework.web.servlet.FrameworkServlet.doGet(FrameworkServlet.java:892) ~[spring-webmvc-7.0.9.jar:7.0.9]
	at jakarta.servlet.http.HttpServlet.service(HttpServlet.java:622) ~[tomcat-embed-core-11.0.24.jar:6.1]
	at org.springframework.web.servlet.FrameworkServlet.service(FrameworkServlet.java:874) ~[spring-webmvc-7.0.9.jar:7.0.9]
	at jakarta.servlet.http.HttpServlet.service(HttpServlet.java:710) ~[tomcat-embed-core-11.0.24.jar:6.1]
	at org.apache.catalina.core.ApplicationFilterChain.doFilter(ApplicationFilterChain.java:132) ~[tomcat-embed-core-11.0.24.jar:11.0.24]
	at org.apache.tomcat.websocket.server.WsFilter.doFilter(WsFilter.java:59) ~[tomcat-embed-websocket-11.0.24.jar:11.0.24]
	at org.apache.catalina.core.ApplicationFilterChain.doFilter(ApplicationFilterChain.java:111) ~[tomcat-embed-core-11.0.24.jar:11.0.24]
	at org.springframework.cloud.gateway.server.mvc.filter.WeightCalculatorFilter.doFilter(WeightCalculatorFilter.java:233) ~[spring-cloud-gateway-server-webmvc-5.0.3.jar:5.0.3]
	at org.apache.catalina.core.ApplicationFilterChain.doFilter(ApplicationFilterChain.java:111) ~[tomcat-embed-core-11.0.24.jar:11.0.24]
	at org.springframework.cloud.gateway.server.mvc.filter.FormFilter.doFilter(FormFilter.java:93) ~[spring-cloud-gateway-server-webmvc-5.0.3.jar:5.0.3]
	at org.apache.catalina.core.ApplicationFilterChain.doFilter(ApplicationFilterChain.java:111) ~[tomcat-embed-core-11.0.24.jar:11.0.24]
	at org.springframework.web.filter.RequestContextFilter.doFilterInternal(RequestContextFilter.java:100) ~[spring-web-7.0.9.jar:7.0.9]
	at org.springframework.web.filter.OncePerRequestFilter.doFilter(OncePerRequestFilter.java:116) ~[spring-web-7.0.9.jar:7.0.9]
	at org.apache.catalina.core.ApplicationFilterChain.doFilter(ApplicationFilterChain.java:111) ~[tomcat-embed-core-11.0.24.jar:11.0.24]
	at org.springframework.web.filter.FormContentFilter.doFilterInternal(FormContentFilter.java:93) ~[spring-web-7.0.9.jar:7.0.9]
	at org.springframework.web.filter.OncePerRequestFilter.doFilter(OncePerRequestFilter.java:116) ~[spring-web-7.0.9.jar:7.0.9]
	at org.apache.catalina.core.ApplicationFilterChain.doFilter(ApplicationFilterChain.java:111) ~[tomcat-embed-core-11.0.24.jar:11.0.24]
	at org.springframework.web.filter.CharacterEncodingFilter.doFilterInternal(CharacterEncodingFilter.java:199) ~[spring-web-7.0.9.jar:7.0.9]
	at org.springframework.web.filter.OncePerRequestFilter.doFilter(OncePerRequestFilter.java:116) ~[spring-web-7.0.9.jar:7.0.9]
	at org.apache.catalina.core.ApplicationFilterChain.doFilter(ApplicationFilterChain.java:111) ~[tomcat-embed-core-11.0.24.jar:11.0.24]
	at org.apache.catalina.core.StandardWrapperValve.invoke(StandardWrapperValve.java:165) ~[tomcat-embed-core-11.0.24.jar:11.0.24]
	at org.apache.catalina.core.StandardContextValve.invoke(StandardContextValve.java:77) ~[tomcat-embed-core-11.0.24.jar:11.0.24]
	at org.apache.catalina.authenticator.AuthenticatorBase.invoke(AuthenticatorBase.java:535) ~[tomcat-embed-core-11.0.24.jar:11.0.24]
	at org.apache.catalina.core.StandardHostValve.invoke(StandardHostValve.java:115) ~[tomcat-embed-core-11.0.24.jar:11.0.24]
	at org.apache.catalina.valves.ErrorReportValve.invoke(ErrorReportValve.java:86) ~[tomcat-embed-core-11.0.24.jar:11.0.24]
	at org.apache.catalina.core.StandardEngineValve.invoke(StandardEngineValve.java:71) ~[tomcat-embed-core-11.0.24.jar:11.0.24]
	at org.apache.catalina.connector.CoyoteAdapter.service(CoyoteAdapter.java:347) ~[tomcat-embed-core-11.0.24.jar:11.0.24]
	at org.apache.coyote.http11.Http11Processor.service(Http11Processor.java:406) ~[tomcat-embed-core-11.0.24.jar:11.0.24]
	at org.apache.coyote.AbstractProcessorLight.process(AbstractProcessorLight.java:71) ~[tomcat-embed-core-11.0.24.jar:11.0.24]
	at org.apache.coyote.AbstractProtocol$ConnectionHandler.process(AbstractProtocol.java:1307) ~[tomcat-embed-core-11.0.24.jar:11.0.24]
	at org.apache.tomcat.util.net.NioEndpoint$SocketProcessor.doRun(NioEndpoint.java:2036) ~[tomcat-embed-core-11.0.24.jar:11.0.24]
	at org.apache.tomcat.util.net.SocketProcessorBase.run(SocketProcessorBase.java:74) ~[tomcat-embed-core-11.0.24.jar:11.0.24]
	at org.apache.tomcat.util.threads.ThreadPoolExecutor.runWorker(ThreadPoolExecutor.java:949) ~[tomcat-embed-core-11.0.24.jar:11.0.24]
	at org.apache.tomcat.util.threads.ThreadPoolExecutor$Worker.run(ThreadPoolExecutor.java:483) ~[tomcat-embed-core-11.0.24.jar:11.0.24]
	at org.apache.tomcat.util.threads.TaskThread$WrappingRunnable.run(TaskThread.java:74) ~[tomcat-embed-core-11.0.24.jar:11.0.24]
	at java.base/java.lang.Thread.run(Thread.java:840) ~[na:na]

2026-09-08T00:58:41.060+05:30 DEBUG 14276 --- [api-gateway] [nio-8082-exec-1] o.s.web.servlet.DispatcherServlet        : "ERROR" dispatch for GET "/error", parameters={}
2026-09-08T00:58:41.061+05:30 DEBUG 14276 --- [api-gateway] [nio-8082-exec-1] s.w.s.m.m.a.RequestMappingHandlerMapping : Mapped to org.springframework.boot.webmvc.autoconfigure.error.BasicErrorController#error(HttpServletRequest)
2026-09-08T00:58:41.061+05:30 DEBUG 14276 --- [api-gateway] [nio-8082-exec-1] o.s.w.s.m.m.a.HttpEntityMethodProcessor  : Using 'application/json', given [*/*] and supported [application/json, application/*+json]
2026-09-08T00:58:41.062+05:30 DEBUG 14276 --- [api-gateway] [nio-8082-exec-1] o.s.w.s.m.m.a.HttpEntityMethodProcessor  : Writing [{timestamp=Tue Sep 08 00:58:41 IST 2026, status=500, error=Internal Server Error, path=/driver-servi (truncated)...]
2026-09-08T00:58:41.063+05:30 DEBUG 14276 --- [api-gateway] [nio-8082-exec-1] o.s.web.servlet.DispatcherServlet        : Exiting from "ERROR" dispatch, status 500
2026-09-08T00:58:41.067+05:30 DEBUG 14276 --- [api-gateway] [nio-8082-exec-6] o.s.web.servlet.DispatcherServlet        : GET "/rider-service/riders", parameters={}
2026-09-08T00:58:41.067+05:30 DEBUG 14276 --- [api-gateway] [nio-8082-exec-6] o.s.w.s.f.support.RouterFunctionMapping  : Mapped to org.springframework.web.servlet.function.HandlerFilterFunction$$Lambda$1275/0x00000140466c5c10@2df15801
2026-09-08T00:58:41.068+05:30  WARN 14276 --- [api-gateway] [nio-8082-exec-6] o.s.c.l.core.RoundRobinLoadBalancer      : No servers available for service: rider-service
2026-09-08T00:58:41.069+05:30 DEBUG 14276 --- [api-gateway] [nio-8082-exec-6] o.s.web.servlet.DispatcherServlet        : Failed to complete request: org.springframework.web.client.HttpServerErrorException: 503 Unable to find instance for rider-service
2026-09-08T00:58:41.070+05:30 ERROR 14276 --- [api-gateway] [nio-8082-exec-6] o.a.c.c.C.[.[.[/].[dispatcherServlet]    : Servlet.service() for servlet [dispatcherServlet] in context with path [] threw exception [Request processing failed: org.springframework.web.client.HttpServerErrorException: 503 Unable to find instance for rider-service] with root cause

org.springframework.web.client.HttpServerErrorException: 503 Unable to find instance for rider-service
	at org.springframework.cloud.gateway.server.mvc.filter.LoadBalancerFilterFunctions.lambda$lb$5(LoadBalancerFilterFunctions.java:92) ~[spring-cloud-gateway-server-webmvc-5.0.3.jar:5.0.3]
	at org.springframework.web.servlet.function.HandlerFilterFunction.lambda$andThen$1(HandlerFilterFunction.java:58) ~[spring-webmvc-7.0.9.jar:7.0.9]
	at org.springframework.web.servlet.function.HandlerFilterFunction.lambda$ofRequestProcessor$0(HandlerFilterFunction.java:83) ~[spring-webmvc-7.0.9.jar:7.0.9]
	at org.springframework.web.servlet.function.HandlerFilterFunction.lambda$andThen$1(HandlerFilterFunction.java:58) ~[spring-webmvc-7.0.9.jar:7.0.9]
	at org.springframework.web.servlet.function.HandlerFilterFunction.lambda$ofRequestProcessor$0(HandlerFilterFunction.java:83) ~[spring-webmvc-7.0.9.jar:7.0.9]
	at org.springframework.web.servlet.function.HandlerFilterFunction.lambda$andThen$0(HandlerFilterFunction.java:59) ~[spring-webmvc-7.0.9.jar:7.0.9]
	at org.springframework.web.servlet.function.HandlerFilterFunction.lambda$andThen$0(HandlerFilterFunction.java:59) ~[spring-webmvc-7.0.9.jar:7.0.9]
	at org.springframework.web.servlet.function.HandlerFilterFunction.lambda$apply$0(HandlerFilterFunction.java:70) ~[spring-webmvc-7.0.9.jar:7.0.9]
	at org.springframework.web.servlet.function.support.HandlerFunctionAdapter.handle(HandlerFunctionAdapter.java:106) ~[spring-webmvc-7.0.9.jar:7.0.9]
	at org.springframework.web.servlet.DispatcherServlet.doDispatch(DispatcherServlet.java:963) ~[spring-webmvc-7.0.9.jar:7.0.9]
	at org.springframework.web.servlet.DispatcherServlet.doService(DispatcherServlet.java:866) ~[spring-webmvc-7.0.9.jar:7.0.9]
	at org.springframework.web.servlet.FrameworkServlet.processRequest(FrameworkServlet.java:1000) ~[spring-webmvc-7.0.9.jar:7.0.9]
	at org.springframework.web.servlet.FrameworkServlet.doGet(FrameworkServlet.java:892) ~[spring-webmvc-7.0.9.jar:7.0.9]
	at jakarta.servlet.http.HttpServlet.service(HttpServlet.java:622) ~[tomcat-embed-core-11.0.24.jar:6.1]
	at org.springframework.web.servlet.FrameworkServlet.service(FrameworkServlet.java:874) ~[spring-webmvc-7.0.9.jar:7.0.9]
	at jakarta.servlet.http.HttpServlet.service(HttpServlet.java:710) ~[tomcat-embed-core-11.0.24.jar:6.1]
	at org.apache.catalina.core.ApplicationFilterChain.doFilter(ApplicationFilterChain.java:132) ~[tomcat-embed-core-11.0.24.jar:11.0.24]
	at org.apache.tomcat.websocket.server.WsFilter.doFilter(WsFilter.java:59) ~[tomcat-embed-websocket-11.0.24.jar:11.0.24]
	at org.apache.catalina.core.ApplicationFilterChain.doFilter(ApplicationFilterChain.java:111) ~[tomcat-embed-core-11.0.24.jar:11.0.24]
	at org.springframework.cloud.gateway.server.mvc.filter.WeightCalculatorFilter.doFilter(WeightCalculatorFilter.java:233) ~[spring-cloud-gateway-server-webmvc-5.0.3.jar:5.0.3]
	at org.apache.catalina.core.ApplicationFilterChain.doFilter(ApplicationFilterChain.java:111) ~[tomcat-embed-core-11.0.24.jar:11.0.24]
	at org.springframework.cloud.gateway.server.mvc.filter.FormFilter.doFilter(FormFilter.java:93) ~[spring-cloud-gateway-server-webmvc-5.0.3.jar:5.0.3]
	at org.apache.catalina.core.ApplicationFilterChain.doFilter(ApplicationFilterChain.java:111) ~[tomcat-embed-core-11.0.24.jar:11.0.24]
	at org.springframework.web.filter.RequestContextFilter.doFilterInternal(RequestContextFilter.java:100) ~[spring-web-7.0.9.jar:7.0.9]
	at org.springframework.web.filter.OncePerRequestFilter.doFilter(OncePerRequestFilter.java:116) ~[spring-web-7.0.9.jar:7.0.9]
	at org.apache.catalina.core.ApplicationFilterChain.doFilter(ApplicationFilterChain.java:111) ~[tomcat-embed-core-11.0.24.jar:11.0.24]
	at org.springframework.web.filter.FormContentFilter.doFilterInternal(FormContentFilter.java:93) ~[spring-web-7.0.9.jar:7.0.9]
	at org.springframework.web.filter.OncePerRequestFilter.doFilter(OncePerRequestFilter.java:116) ~[spring-web-7.0.9.jar:7.0.9]
	at org.apache.catalina.core.ApplicationFilterChain.doFilter(ApplicationFilterChain.java:111) ~[tomcat-embed-core-11.0.24.jar:11.0.24]
	at org.springframework.web.filter.CharacterEncodingFilter.doFilterInternal(CharacterEncodingFilter.java:199) ~[spring-web-7.0.9.jar:7.0.9]
	at org.springframework.web.filter.OncePerRequestFilter.doFilter(OncePerRequestFilter.java:116) ~[spring-web-7.0.9.jar:7.0.9]
	at org.apache.catalina.core.ApplicationFilterChain.doFilter(ApplicationFilterChain.java:111) ~[tomcat-embed-core-11.0.24.jar:11.0.24]
	at org.apache.catalina.core.StandardWrapperValve.invoke(StandardWrapperValve.java:165) ~[tomcat-embed-core-11.0.24.jar:11.0.24]
	at org.apache.catalina.core.StandardContextValve.invoke(StandardContextValve.java:77) ~[tomcat-embed-core-11.0.24.jar:11.0.24]
	at org.apache.catalina.authenticator.AuthenticatorBase.invoke(AuthenticatorBase.java:535) ~[tomcat-embed-core-11.0.24.jar:11.0.24]
	at org.apache.catalina.core.StandardHostValve.invoke(StandardHostValve.java:115) ~[tomcat-embed-core-11.0.24.jar:11.0.24]
	at org.apache.catalina.valves.ErrorReportValve.invoke(ErrorReportValve.java:86) ~[tomcat-embed-core-11.0.24.jar:11.0.24]
	at org.apache.catalina.core.StandardEngineValve.invoke(StandardEngineValve.java:71) ~[tomcat-embed-core-11.0.24.jar:11.0.24]
	at org.apache.catalina.connector.CoyoteAdapter.service(CoyoteAdapter.java:347) ~[tomcat-embed-core-11.0.24.jar:11.0.24]
	at org.apache.coyote.http11.Http11Processor.service(Http11Processor.java:406) ~[tomcat-embed-core-11.0.24.jar:11.0.24]
	at org.apache.coyote.AbstractProcessorLight.process(AbstractProcessorLight.java:71) ~[tomcat-embed-core-11.0.24.jar:11.0.24]
	at org.apache.coyote.AbstractProtocol$ConnectionHandler.process(AbstractProtocol.java:1307) ~[tomcat-embed-core-11.0.24.jar:11.0.24]
	at org.apache.tomcat.util.net.NioEndpoint$SocketProcessor.doRun(NioEndpoint.java:2036) ~[tomcat-embed-core-11.0.24.jar:11.0.24]
	at org.apache.tomcat.util.net.SocketProcessorBase.run(SocketProcessorBase.java:74) ~[tomcat-embed-core-11.0.24.jar:11.0.24]
	at org.apache.tomcat.util.threads.ThreadPoolExecutor.runWorker(ThreadPoolExecutor.java:949) ~[tomcat-embed-core-11.0.24.jar:11.0.24]
	at org.apache.tomcat.util.threads.ThreadPoolExecutor$Worker.run(ThreadPoolExecutor.java:483) ~[tomcat-embed-core-11.0.24.jar:11.0.24]
	at org.apache.tomcat.util.threads.TaskThread$WrappingRunnable.run(TaskThread.java:74) ~[tomcat-embed-core-11.0.24.jar:11.0.24]
	at java.base/java.lang.Thread.run(Thread.java:840) ~[na:na]

2026-09-08T00:58:41.071+05:30 DEBUG 14276 --- [api-gateway] [nio-8082-exec-6] o.s.web.servlet.DispatcherServlet        : "ERROR" dispatch for GET "/error", parameters={}
2026-09-08T00:58:41.071+05:30 DEBUG 14276 --- [api-gateway] [nio-8082-exec-6] s.w.s.m.m.a.RequestMappingHandlerMapping : Mapped to org.springframework.boot.webmvc.autoconfigure.error.BasicErrorController#error(HttpServletRequest)
2026-09-08T00:58:41.071+05:30 DEBUG 14276 --- [api-gateway] [nio-8082-exec-6] o.s.w.s.m.m.a.HttpEntityMethodProcessor  : Using 'application/json', given [*/*] and supported [application/json, application/*+json]
2026-09-08T00:58:41.072+05:30 DEBUG 14276 --- [api-gateway] [nio-8082-exec-6] o.s.w.s.m.m.a.HttpEntityMethodProcessor  : Writing [{timestamp=Tue Sep 08 00:58:41 IST 2026, status=500, error=Internal Server Error, path=/rider-servic (truncated)...]
2026-09-08T00:58:41.072+05:30 DEBUG 14276 --- [api-gateway] [nio-8082-exec-6] o.s.web.servlet.DispatcherServlet        : Exiting from "ERROR" dispatch, status 500
2026-09-08T00:58:48.924+05:30 DEBUG 14276 --- [api-gateway] [nio-8082-exec-9] o.s.web.servlet.DispatcherServlet        : GET "/driver-service/drivers", parameters={}
2026-09-08T00:58:48.938+05:30 DEBUG 14276 --- [api-gateway] [nio-8082-exec-9] o.s.w.s.f.support.RouterFunctionMapping  : Mapped to org.springframework.web.servlet.function.HandlerFilterFunction$$Lambda$1275/0x00000140466c5c10@75804bb2
2026-09-08T00:58:48.938+05:30  WARN 14276 --- [api-gateway] [nio-8082-exec-9] o.s.c.l.core.RoundRobinLoadBalancer      : No servers available for service: driver-service
2026-09-08T00:58:48.939+05:30 DEBUG 14276 --- [api-gateway] [nio-8082-exec-9] o.s.web.servlet.DispatcherServlet        : Failed to complete request: org.springframework.web.client.HttpServerErrorException: 503 Unable to find instance for driver-service
2026-09-08T00:58:48.939+05:30 ERROR 14276 --- [api-gateway] [nio-8082-exec-9] o.a.c.c.C.[.[.[/].[dispatcherServlet]    : Servlet.service() for servlet [dispatcherServlet] in context with path [] threw exception [Request processing failed: org.springframework.web.client.HttpServerErrorException: 503 Unable to find instance for driver-service] with root cause

org.springframework.web.client.HttpServerErrorException: 503 Unable to find instance for driver-service
	at org.springframework.cloud.gateway.server.mvc.filter.LoadBalancerFilterFunctions.lambda$lb$5(LoadBalancerFilterFunctions.java:92) ~[spring-cloud-gateway-server-webmvc-5.0.3.jar:5.0.3]
	at org.springframework.web.servlet.function.HandlerFilterFunction.lambda$andThen$1(HandlerFilterFunction.java:58) ~[spring-webmvc-7.0.9.jar:7.0.9]
	at org.springframework.web.servlet.function.HandlerFilterFunction.lambda$ofRequestProcessor$0(HandlerFilterFunction.java:83) ~[spring-webmvc-7.0.9.jar:7.0.9]
	at org.springframework.web.servlet.function.HandlerFilterFunction.lambda$andThen$1(HandlerFilterFunction.java:58) ~[spring-webmvc-7.0.9.jar:7.0.9]
	at org.springframework.web.servlet.function.HandlerFilterFunction.lambda$ofRequestProcessor$0(HandlerFilterFunction.java:83) ~[spring-webmvc-7.0.9.jar:7.0.9]
	at org.springframework.web.servlet.function.HandlerFilterFunction.lambda$andThen$0(HandlerFilterFunction.java:59) ~[spring-webmvc-7.0.9.jar:7.0.9]
	at org.springframework.web.servlet.function.HandlerFilterFunction.lambda$andThen$0(HandlerFilterFunction.java:59) ~[spring-webmvc-7.0.9.jar:7.0.9]
	at org.springframework.web.servlet.function.HandlerFilterFunction.lambda$apply$0(HandlerFilterFunction.java:70) ~[spring-webmvc-7.0.9.jar:7.0.9]
	at org.springframework.web.servlet.function.support.HandlerFunctionAdapter.handle(HandlerFunctionAdapter.java:106) ~[spring-webmvc-7.0.9.jar:7.0.9]
	at org.springframework.web.servlet.DispatcherServlet.doDispatch(DispatcherServlet.java:963) ~[spring-webmvc-7.0.9.jar:7.0.9]
	at org.springframework.web.servlet.DispatcherServlet.doService(DispatcherServlet.java:866) ~[spring-webmvc-7.0.9.jar:7.0.9]
	at org.springframework.web.servlet.FrameworkServlet.processRequest(FrameworkServlet.java:1000) ~[spring-webmvc-7.0.9.jar:7.0.9]
	at org.springframework.web.servlet.FrameworkServlet.doGet(FrameworkServlet.java:892) ~[spring-webmvc-7.0.9.jar:7.0.9]
	at jakarta.servlet.http.HttpServlet.service(HttpServlet.java:622) ~[tomcat-embed-core-11.0.24.jar:6.1]
	at org.springframework.web.servlet.FrameworkServlet.service(FrameworkServlet.java:874) ~[spring-webmvc-7.0.9.jar:7.0.9]
	at jakarta.servlet.http.HttpServlet.service(HttpServlet.java:710) ~[tomcat-embed-core-11.0.24.jar:6.1]
	at org.apache.catalina.core.ApplicationFilterChain.doFilter(ApplicationFilterChain.java:132) ~[tomcat-embed-core-11.0.24.jar:11.0.24]
	at org.apache.tomcat.websocket.server.WsFilter.doFilter(WsFilter.java:59) ~[tomcat-embed-websocket-11.0.24.jar:11.0.24]
	at org.apache.catalina.core.ApplicationFilterChain.doFilter(ApplicationFilterChain.java:111) ~[tomcat-embed-core-11.0.24.jar:11.0.24]
	at org.springframework.cloud.gateway.server.mvc.filter.WeightCalculatorFilter.doFilter(WeightCalculatorFilter.java:233) ~[spring-cloud-gateway-server-webmvc-5.0.3.jar:5.0.3]
	at org.apache.catalina.core.ApplicationFilterChain.doFilter(ApplicationFilterChain.java:111) ~[tomcat-embed-core-11.0.24.jar:11.0.24]
	at org.springframework.cloud.gateway.server.mvc.filter.FormFilter.doFilter(FormFilter.java:93) ~[spring-cloud-gateway-server-webmvc-5.0.3.jar:5.0.3]
	at org.apache.catalina.core.ApplicationFilterChain.doFilter(ApplicationFilterChain.java:111) ~[tomcat-embed-core-11.0.24.jar:11.0.24]
	at org.springframework.web.filter.RequestContextFilter.doFilterInternal(RequestContextFilter.java:100) ~[spring-web-7.0.9.jar:7.0.9]
	at org.springframework.web.filter.OncePerRequestFilter.doFilter(OncePerRequestFilter.java:116) ~[spring-web-7.0.9.jar:7.0.9]
	at org.apache.catalina.core.ApplicationFilterChain.doFilter(ApplicationFilterChain.java:111) ~[tomcat-embed-core-11.0.24.jar:11.0.24]
	at org.springframework.web.filter.FormContentFilter.doFilterInternal(FormContentFilter.java:93) ~[spring-web-7.0.9.jar:7.0.9]
	at org.springframework.web.filter.OncePerRequestFilter.doFilter(OncePerRequestFilter.java:116) ~[spring-web-7.0.9.jar:7.0.9]
	at org.apache.catalina.core.ApplicationFilterChain.doFilter(ApplicationFilterChain.java:111) ~[tomcat-embed-core-11.0.24.jar:11.0.24]
	at org.springframework.web.filter.CharacterEncodingFilter.doFilterInternal(CharacterEncodingFilter.java:199) ~[spring-web-7.0.9.jar:7.0.9]
	at org.springframework.web.filter.OncePerRequestFilter.doFilter(OncePerRequestFilter.java:116) ~[spring-web-7.0.9.jar:7.0.9]
	at org.apache.catalina.core.ApplicationFilterChain.doFilter(ApplicationFilterChain.java:111) ~[tomcat-embed-core-11.0.24.jar:11.0.24]
	at org.apache.catalina.core.StandardWrapperValve.invoke(StandardWrapperValve.java:165) ~[tomcat-embed-core-11.0.24.jar:11.0.24]
	at org.apache.catalina.core.StandardContextValve.invoke(StandardContextValve.java:77) ~[tomcat-embed-core-11.0.24.jar:11.0.24]
	at org.apache.catalina.authenticator.AuthenticatorBase.invoke(AuthenticatorBase.java:535) ~[tomcat-embed-core-11.0.24.jar:11.0.24]
	at org.apache.catalina.core.StandardHostValve.invoke(StandardHostValve.java:115) ~[tomcat-embed-core-11.0.24.jar:11.0.24]
	at org.apache.catalina.valves.ErrorReportValve.invoke(ErrorReportValve.java:86) ~[tomcat-embed-core-11.0.24.jar:11.0.24]
	at org.apache.catalina.core.StandardEngineValve.invoke(StandardEngineValve.java:71) ~[tomcat-embed-core-11.0.24.jar:11.0.24]
	at org.apache.catalina.connector.CoyoteAdapter.service(CoyoteAdapter.java:347) ~[tomcat-embed-core-11.0.24.jar:11.0.24]
	at org.apache.coyote.http11.Http11Processor.service(Http11Processor.java:406) ~[tomcat-embed-core-11.0.24.jar:11.0.24]
	at org.apache.coyote.AbstractProcessorLight.process(AbstractProcessorLight.java:71) ~[tomcat-embed-core-11.0.24.jar:11.0.24]
	at org.apache.coyote.AbstractProtocol$ConnectionHandler.process(AbstractProtocol.java:1307) ~[tomcat-embed-core-11.0.24.jar:11.0.24]
	at org.apache.tomcat.util.net.NioEndpoint$SocketProcessor.doRun(NioEndpoint.java:2036) ~[tomcat-embed-core-11.0.24.jar:11.0.24]
	at org.apache.tomcat.util.net.SocketProcessorBase.run(SocketProcessorBase.java:74) ~[tomcat-embed-core-11.0.24.jar:11.0.24]
	at org.apache.tomcat.util.threads.ThreadPoolExecutor.runWorker(ThreadPoolExecutor.java:949) ~[tomcat-embed-core-11.0.24.jar:11.0.24]
	at org.apache.tomcat.util.threads.ThreadPoolExecutor$Worker.run(ThreadPoolExecutor.java:483) ~[tomcat-embed-core-11.0.24.jar:11.0.24]
	at org.apache.tomcat.util.threads.TaskThread$WrappingRunnable.run(TaskThread.java:74) ~[tomcat-embed-core-11.0.24.jar:11.0.24]
	at java.base/java.lang.Thread.run(Thread.java:840) ~[na:na]

2026-09-08T00:58:48.942+05:30 DEBUG 14276 --- [api-gateway] [nio-8082-exec-9] o.s.web.servlet.DispatcherServlet        : "ERROR" dispatch for GET "/error", parameters={}
2026-09-08T00:58:48.942+05:30 DEBUG 14276 --- [api-gateway] [nio-8082-exec-9] s.w.s.m.m.a.RequestMappingHandlerMapping : Mapped to org.springframework.boot.webmvc.autoconfigure.error.BasicErrorController#error(HttpServletRequest)
2026-09-08T00:58:48.943+05:30 DEBUG 14276 --- [api-gateway] [nio-8082-exec-9] o.s.w.s.m.m.a.HttpEntityMethodProcessor  : Using 'application/json', given [*/*] and supported [application/json, application/*+json]
2026-09-08T00:58:48.943+05:30 DEBUG 14276 --- [api-gateway] [nio-8082-exec-9] o.s.w.s.m.m.a.HttpEntityMethodProcessor  : Writing [{timestamp=Tue Sep 08 00:58:48 IST 2026, status=500, error=Internal Server Error, path=/driver-servi (truncated)...]
2026-09-08T00:58:48.944+05:30 DEBUG 14276 --- [api-gateway] [nio-8082-exec-9] o.s.web.servlet.DispatcherServlet        : Exiting from "ERROR" dispatch, status 500
2026-09-08T00:58:48.950+05:30 DEBUG 14276 --- [api-gateway] [io-8082-exec-10] o.s.web.servlet.DispatcherServlet        : GET "/rider-service/riders", parameters={}
2026-09-08T00:58:48.951+05:30 DEBUG 14276 --- [api-gateway] [io-8082-exec-10] o.s.w.s.f.support.RouterFunctionMapping  : Mapped to org.springframework.web.servlet.function.HandlerFilterFunction$$Lambda$1275/0x00000140466c5c10@5550e788
2026-09-08T00:58:48.952+05:30  WARN 14276 --- [api-gateway] [io-8082-exec-10] o.s.c.l.core.RoundRobinLoadBalancer      : No servers available for service: rider-service
2026-09-08T00:58:48.952+05:30 DEBUG 14276 --- [api-gateway] [io-8082-exec-10] o.s.web.servlet.DispatcherServlet        : Failed to complete request: org.springframework.web.client.HttpServerErrorException: 503 Unable to find instance for rider-service
2026-09-08T00:58:48.952+05:30 ERROR 14276 --- [api-gateway] [io-8082-exec-10] o.a.c.c.C.[.[.[/].[dispatcherServlet]    : Servlet.service() for servlet [dispatcherServlet] in context with path [] threw exception [Request processing failed: org.springframework.web.client.HttpServerErrorException: 503 Unable to find instance for rider-service] with root cause

org.springframework.web.client.HttpServerErrorException: 503 Unable to find instance for rider-service
	at org.springframework.cloud.gateway.server.mvc.filter.LoadBalancerFilterFunctions.lambda$lb$5(LoadBalancerFilterFunctions.java:92) ~[spring-cloud-gateway-server-webmvc-5.0.3.jar:5.0.3]
	at org.springframework.web.servlet.function.HandlerFilterFunction.lambda$andThen$1(HandlerFilterFunction.java:58) ~[spring-webmvc-7.0.9.jar:7.0.9]
	at org.springframework.web.servlet.function.HandlerFilterFunction.lambda$ofRequestProcessor$0(HandlerFilterFunction.java:83) ~[spring-webmvc-7.0.9.jar:7.0.9]
	at org.springframework.web.servlet.function.HandlerFilterFunction.lambda$andThen$1(HandlerFilterFunction.java:58) ~[spring-webmvc-7.0.9.jar:7.0.9]
	at org.springframework.web.servlet.function.HandlerFilterFunction.lambda$ofRequestProcessor$0(HandlerFilterFunction.java:83) ~[spring-webmvc-7.0.9.jar:7.0.9]
	at org.springframework.web.servlet.function.HandlerFilterFunction.lambda$andThen$0(HandlerFilterFunction.java:59) ~[spring-webmvc-7.0.9.jar:7.0.9]
	at org.springframework.web.servlet.function.HandlerFilterFunction.lambda$andThen$0(HandlerFilterFunction.java:59) ~[spring-webmvc-7.0.9.jar:7.0.9]
	at org.springframework.web.servlet.function.HandlerFilterFunction.lambda$apply$0(HandlerFilterFunction.java:70) ~[spring-webmvc-7.0.9.jar:7.0.9]
	at org.springframework.web.servlet.function.support.HandlerFunctionAdapter.handle(HandlerFunctionAdapter.java:106) ~[spring-webmvc-7.0.9.jar:7.0.9]
	at org.springframework.web.servlet.DispatcherServlet.doDispatch(DispatcherServlet.java:963) ~[spring-webmvc-7.0.9.jar:7.0.9]
	at org.springframework.web.servlet.DispatcherServlet.doService(DispatcherServlet.java:866) ~[spring-webmvc-7.0.9.jar:7.0.9]
	at org.springframework.web.servlet.FrameworkServlet.processRequest(FrameworkServlet.java:1000) ~[spring-webmvc-7.0.9.jar:7.0.9]
	at org.springframework.web.servlet.FrameworkServlet.doGet(FrameworkServlet.java:892) ~[spring-webmvc-7.0.9.jar:7.0.9]
	at jakarta.servlet.http.HttpServlet.service(HttpServlet.java:622) ~[tomcat-embed-core-11.0.24.jar:6.1]
	at org.springframework.web.servlet.FrameworkServlet.service(FrameworkServlet.java:874) ~[spring-webmvc-7.0.9.jar:7.0.9]
	at jakarta.servlet.http.HttpServlet.service(HttpServlet.java:710) ~[tomcat-embed-core-11.0.24.jar:6.1]
	at org.apache.catalina.core.ApplicationFilterChain.doFilter(ApplicationFilterChain.java:132) ~[tomcat-embed-core-11.0.24.jar:11.0.24]
	at org.apache.tomcat.websocket.server.WsFilter.doFilter(WsFilter.java:59) ~[tomcat-embed-websocket-11.0.24.jar:11.0.24]
	at org.apache.catalina.core.ApplicationFilterChain.doFilter(ApplicationFilterChain.java:111) ~[tomcat-embed-core-11.0.24.jar:11.0.24]
	at org.springframework.cloud.gateway.server.mvc.filter.WeightCalculatorFilter.doFilter(WeightCalculatorFilter.java:233) ~[spring-cloud-gateway-server-webmvc-5.0.3.jar:5.0.3]
	at org.apache.catalina.core.ApplicationFilterChain.doFilter(ApplicationFilterChain.java:111) ~[tomcat-embed-core-11.0.24.jar:11.0.24]
	at org.springframework.cloud.gateway.server.mvc.filter.FormFilter.doFilter(FormFilter.java:93) ~[spring-cloud-gateway-server-webmvc-5.0.3.jar:5.0.3]
	at org.apache.catalina.core.ApplicationFilterChain.doFilter(ApplicationFilterChain.java:111) ~[tomcat-embed-core-11.0.24.jar:11.0.24]
	at org.springframework.web.filter.RequestContextFilter.doFilterInternal(RequestContextFilter.java:100) ~[spring-web-7.0.9.jar:7.0.9]
	at org.springframework.web.filter.OncePerRequestFilter.doFilter(OncePerRequestFilter.java:116) ~[spring-web-7.0.9.jar:7.0.9]
	at org.apache.catalina.core.ApplicationFilterChain.doFilter(ApplicationFilterChain.java:111) ~[tomcat-embed-core-11.0.24.jar:11.0.24]
	at org.springframework.web.filter.FormContentFilter.doFilterInternal(FormContentFilter.java:93) ~[spring-web-7.0.9.jar:7.0.9]
	at org.springframework.web.filter.OncePerRequestFilter.doFilter(OncePerRequestFilter.java:116) ~[spring-web-7.0.9.jar:7.0.9]
	at org.apache.catalina.core.ApplicationFilterChain.doFilter(ApplicationFilterChain.java:111) ~[tomcat-embed-core-11.0.24.jar:11.0.24]
	at org.springframework.web.filter.CharacterEncodingFilter.doFilterInternal(CharacterEncodingFilter.java:199) ~[spring-web-7.0.9.jar:7.0.9]
	at org.springframework.web.filter.OncePerRequestFilter.doFilter(OncePerRequestFilter.java:116) ~[spring-web-7.0.9.jar:7.0.9]
	at org.apache.catalina.core.ApplicationFilterChain.doFilter(ApplicationFilterChain.java:111) ~[tomcat-embed-core-11.0.24.jar:11.0.24]
	at org.apache.catalina.core.StandardWrapperValve.invoke(StandardWrapperValve.java:165) ~[tomcat-embed-core-11.0.24.jar:11.0.24]
	at org.apache.catalina.core.StandardContextValve.invoke(StandardContextValve.java:77) ~[tomcat-embed-core-11.0.24.jar:11.0.24]
	at org.apache.catalina.authenticator.AuthenticatorBase.invoke(AuthenticatorBase.java:535) ~[tomcat-embed-core-11.0.24.jar:11.0.24]
	at org.apache.catalina.core.StandardHostValve.invoke(StandardHostValve.java:115) ~[tomcat-embed-core-11.0.24.jar:11.0.24]
	at org.apache.catalina.valves.ErrorReportValve.invoke(ErrorReportValve.java:86) ~[tomcat-embed-core-11.0.24.jar:11.0.24]
	at org.apache.catalina.core.StandardEngineValve.invoke(StandardEngineValve.java:71) ~[tomcat-embed-core-11.0.24.jar:11.0.24]
	at org.apache.catalina.connector.CoyoteAdapter.service(CoyoteAdapter.java:347) ~[tomcat-embed-core-11.0.24.jar:11.0.24]
	at org.apache.coyote.http11.Http11Processor.service(Http11Processor.java:406) ~[tomcat-embed-core-11.0.24.jar:11.0.24]
	at org.apache.coyote.AbstractProcessorLight.process(AbstractProcessorLight.java:71) ~[tomcat-embed-core-11.0.24.jar:11.0.24]
	at org.apache.coyote.AbstractProtocol$ConnectionHandler.process(AbstractProtocol.java:1307) ~[tomcat-embed-core-11.0.24.jar:11.0.24]
	at org.apache.tomcat.util.net.NioEndpoint$SocketProcessor.doRun(NioEndpoint.java:2036) ~[tomcat-embed-core-11.0.24.jar:11.0.24]
	at org.apache.tomcat.util.net.SocketProcessorBase.run(SocketProcessorBase.java:74) ~[tomcat-embed-core-11.0.24.jar:11.0.24]
	at org.apache.tomcat.util.threads.ThreadPoolExecutor.runWorker(ThreadPoolExecutor.java:949) ~[tomcat-embed-core-11.0.24.jar:11.0.24]
	at org.apache.tomcat.util.threads.ThreadPoolExecutor$Worker.run(ThreadPoolExecutor.java:483) ~[tomcat-embed-core-11.0.24.jar:11.0.24]
	at org.apache.tomcat.util.threads.TaskThread$WrappingRunnable.run(TaskThread.java:74) ~[tomcat-embed-core-11.0.24.jar:11.0.24]
	at java.base/java.lang.Thread.run(Thread.java:840) ~[na:na]

2026-09-08T00:58:48.953+05:30 DEBUG 14276 --- [api-gateway] [io-8082-exec-10] o.s.web.servlet.DispatcherServlet        : "ERROR" dispatch for GET "/error", parameters={}
2026-09-08T00:58:48.953+05:30 DEBUG 14276 --- [api-gateway] [io-8082-exec-10] s.w.s.m.m.a.RequestMappingHandlerMapping : Mapped to org.springframework.boot.webmvc.autoconfigure.error.BasicErrorController#error(HttpServletRequest)
2026-09-08T00:58:48.954+05:30 DEBUG 14276 --- [api-gateway] [io-8082-exec-10] o.s.w.s.m.m.a.HttpEntityMethodProcessor  : Using 'application/json', given [*/*] and supported [application/json, application/*+json]
2026-09-08T00:58:48.954+05:30 DEBUG 14276 --- [api-gateway] [io-8082-exec-10] o.s.w.s.m.m.a.HttpEntityMethodProcessor  : Writing [{timestamp=Tue Sep 08 00:58:48 IST 2026, status=500, error=Internal Server Error, path=/rider-servic (truncated)...]
2026-09-08T00:58:48.955+05:30 DEBUG 14276 --- [api-gateway] [io-8082-exec-10] o.s.web.servlet.DispatcherServlet        : Exiting from "ERROR" dispatch, status 500
2026-09-08T00:58:51.981+05:30 DEBUG 14276 --- [api-gateway] [nio-8082-exec-3] o.s.web.servlet.DispatcherServlet        : GET "/driver-service/drivers", parameters={}
2026-09-08T00:58:51.995+05:30 DEBUG 14276 --- [api-gateway] [nio-8082-exec-3] o.s.w.s.f.support.RouterFunctionMapping  : Mapped to org.springframework.web.servlet.function.HandlerFilterFunction$$Lambda$1275/0x00000140466c5c10@2ef078ae
2026-09-08T00:58:51.999+05:30  WARN 14276 --- [api-gateway] [nio-8082-exec-3] o.s.c.l.core.RoundRobinLoadBalancer      : No servers available for service: driver-service
2026-09-08T00:58:52.000+05:30 DEBUG 14276 --- [api-gateway] [nio-8082-exec-3] o.s.web.servlet.DispatcherServlet        : Failed to complete request: org.springframework.web.client.HttpServerErrorException: 503 Unable to find instance for driver-service
2026-09-08T00:58:52.000+05:30 ERROR 14276 --- [api-gateway] [nio-8082-exec-3] o.a.c.c.C.[.[.[/].[dispatcherServlet]    : Servlet.service() for servlet [dispatcherServlet] in context with path [] threw exception [Request processing failed: org.springframework.web.client.HttpServerErrorException: 503 Unable to find instance for driver-service] with root cause

org.springframework.web.client.HttpServerErrorException: 503 Unable to find instance for driver-service
	at org.springframework.cloud.gateway.server.mvc.filter.LoadBalancerFilterFunctions.lambda$lb$5(LoadBalancerFilterFunctions.java:92) ~[spring-cloud-gateway-server-webmvc-5.0.3.jar:5.0.3]
	at org.springframework.web.servlet.function.HandlerFilterFunction.lambda$andThen$1(HandlerFilterFunction.java:58) ~[spring-webmvc-7.0.9.jar:7.0.9]
	at org.springframework.web.servlet.function.HandlerFilterFunction.lambda$ofRequestProcessor$0(HandlerFilterFunction.java:83) ~[spring-webmvc-7.0.9.jar:7.0.9]
	at org.springframework.web.servlet.function.HandlerFilterFunction.lambda$andThen$1(HandlerFilterFunction.java:58) ~[spring-webmvc-7.0.9.jar:7.0.9]
	at org.springframework.web.servlet.function.HandlerFilterFunction.lambda$ofRequestProcessor$0(HandlerFilterFunction.java:83) ~[spring-webmvc-7.0.9.jar:7.0.9]
	at org.springframework.web.servlet.function.HandlerFilterFunction.lambda$andThen$0(HandlerFilterFunction.java:59) ~[spring-webmvc-7.0.9.jar:7.0.9]
	at org.springframework.web.servlet.function.HandlerFilterFunction.lambda$andThen$0(HandlerFilterFunction.java:59) ~[spring-webmvc-7.0.9.jar:7.0.9]
	at org.springframework.web.servlet.function.HandlerFilterFunction.lambda$apply$0(HandlerFilterFunction.java:70) ~[spring-webmvc-7.0.9.jar:7.0.9]
	at org.springframework.web.servlet.function.support.HandlerFunctionAdapter.handle(HandlerFunctionAdapter.java:106) ~[spring-webmvc-7.0.9.jar:7.0.9]
	at org.springframework.web.servlet.DispatcherServlet.doDispatch(DispatcherServlet.java:963) ~[spring-webmvc-7.0.9.jar:7.0.9]
	at org.springframework.web.servlet.DispatcherServlet.doService(DispatcherServlet.java:866) ~[spring-webmvc-7.0.9.jar:7.0.9]
	at org.springframework.web.servlet.FrameworkServlet.processRequest(FrameworkServlet.java:1000) ~[spring-webmvc-7.0.9.jar:7.0.9]
	at org.springframework.web.servlet.FrameworkServlet.doGet(FrameworkServlet.java:892) ~[spring-webmvc-7.0.9.jar:7.0.9]
	at jakarta.servlet.http.HttpServlet.service(HttpServlet.java:622) ~[tomcat-embed-core-11.0.24.jar:6.1]
	at org.springframework.web.servlet.FrameworkServlet.service(FrameworkServlet.java:874) ~[spring-webmvc-7.0.9.jar:7.0.9]
	at jakarta.servlet.http.HttpServlet.service(HttpServlet.java:710) ~[tomcat-embed-core-11.0.24.jar:6.1]
	at org.apache.catalina.core.ApplicationFilterChain.doFilter(ApplicationFilterChain.java:132) ~[tomcat-embed-core-11.0.24.jar:11.0.24]
	at org.apache.tomcat.websocket.server.WsFilter.doFilter(WsFilter.java:59) ~[tomcat-embed-websocket-11.0.24.jar:11.0.24]
	at org.apache.catalina.core.ApplicationFilterChain.doFilter(ApplicationFilterChain.java:111) ~[tomcat-embed-core-11.0.24.jar:11.0.24]
	at org.springframework.cloud.gateway.server.mvc.filter.WeightCalculatorFilter.doFilter(WeightCalculatorFilter.java:233) ~[spring-cloud-gateway-server-webmvc-5.0.3.jar:5.0.3]
	at org.apache.catalina.core.ApplicationFilterChain.doFilter(ApplicationFilterChain.java:111) ~[tomcat-embed-core-11.0.24.jar:11.0.24]
	at org.springframework.cloud.gateway.server.mvc.filter.FormFilter.doFilter(FormFilter.java:93) ~[spring-cloud-gateway-server-webmvc-5.0.3.jar:5.0.3]
	at org.apache.catalina.core.ApplicationFilterChain.doFilter(ApplicationFilterChain.java:111) ~[tomcat-embed-core-11.0.24.jar:11.0.24]
	at org.springframework.web.filter.RequestContextFilter.doFilterInternal(RequestContextFilter.java:100) ~[spring-web-7.0.9.jar:7.0.9]
	at org.springframework.web.filter.OncePerRequestFilter.doFilter(OncePerRequestFilter.java:116) ~[spring-web-7.0.9.jar:7.0.9]
	at org.apache.catalina.core.ApplicationFilterChain.doFilter(ApplicationFilterChain.java:111) ~[tomcat-embed-core-11.0.24.jar:11.0.24]
	at org.springframework.web.filter.FormContentFilter.doFilterInternal(FormContentFilter.java:93) ~[spring-web-7.0.9.jar:7.0.9]
	at org.springframework.web.filter.OncePerRequestFilter.doFilter(OncePerRequestFilter.java:116) ~[spring-web-7.0.9.jar:7.0.9]
	at org.apache.catalina.core.ApplicationFilterChain.doFilter(ApplicationFilterChain.java:111) ~[tomcat-embed-core-11.0.24.jar:11.0.24]
	at org.springframework.web.filter.CharacterEncodingFilter.doFilterInternal(CharacterEncodingFilter.java:199) ~[spring-web-7.0.9.jar:7.0.9]
	at org.springframework.web.filter.OncePerRequestFilter.doFilter(OncePerRequestFilter.java:116) ~[spring-web-7.0.9.jar:7.0.9]
	at org.apache.catalina.core.ApplicationFilterChain.doFilter(ApplicationFilterChain.java:111) ~[tomcat-embed-core-11.0.24.jar:11.0.24]
	at org.apache.catalina.core.StandardWrapperValve.invoke(StandardWrapperValve.java:165) ~[tomcat-embed-core-11.0.24.jar:11.0.24]
	at org.apache.catalina.core.StandardContextValve.invoke(StandardContextValve.java:77) ~[tomcat-embed-core-11.0.24.jar:11.0.24]
	at org.apache.catalina.authenticator.AuthenticatorBase.invoke(AuthenticatorBase.java:535) ~[tomcat-embed-core-11.0.24.jar:11.0.24]
	at org.apache.catalina.core.StandardHostValve.invoke(StandardHostValve.java:115) ~[tomcat-embed-core-11.0.24.jar:11.0.24]
	at org.apache.catalina.valves.ErrorReportValve.invoke(ErrorReportValve.java:86) ~[tomcat-embed-core-11.0.24.jar:11.0.24]
	at org.apache.catalina.core.StandardEngineValve.invoke(StandardEngineValve.java:71) ~[tomcat-embed-core-11.0.24.jar:11.0.24]
	at org.apache.catalina.connector.CoyoteAdapter.service(CoyoteAdapter.java:347) ~[tomcat-embed-core-11.0.24.jar:11.0.24]
	at org.apache.coyote.http11.Http11Processor.service(Http11Processor.java:406) ~[tomcat-embed-core-11.0.24.jar:11.0.24]
	at org.apache.coyote.AbstractProcessorLight.process(AbstractProcessorLight.java:71) ~[tomcat-embed-core-11.0.24.jar:11.0.24]
	at org.apache.coyote.AbstractProtocol$ConnectionHandler.process(AbstractProtocol.java:1307) ~[tomcat-embed-core-11.0.24.jar:11.0.24]
	at org.apache.tomcat.util.net.NioEndpoint$SocketProcessor.doRun(NioEndpoint.java:2036) ~[tomcat-embed-core-11.0.24.jar:11.0.24]
	at org.apache.tomcat.util.net.SocketProcessorBase.run(SocketProcessorBase.java:74) ~[tomcat-embed-core-11.0.24.jar:11.0.24]
	at org.apache.tomcat.util.threads.ThreadPoolExecutor.runWorker(ThreadPoolExecutor.java:949) ~[tomcat-embed-core-11.0.24.jar:11.0.24]
	at org.apache.tomcat.util.threads.ThreadPoolExecutor$Worker.run(ThreadPoolExecutor.java:483) ~[tomcat-embed-core-11.0.24.jar:11.0.24]
	at org.apache.tomcat.util.threads.TaskThread$WrappingRunnable.run(TaskThread.java:74) ~[tomcat-embed-core-11.0.24.jar:11.0.24]
	at java.base/java.lang.Thread.run(Thread.java:840) ~[na:na]

2026-09-08T00:58:52.001+05:30 DEBUG 14276 --- [api-gateway] [nio-8082-exec-3] o.s.web.servlet.DispatcherServlet        : "ERROR" dispatch for GET "/error", parameters={}
2026-09-08T00:58:52.002+05:30 DEBUG 14276 --- [api-gateway] [nio-8082-exec-3] s.w.s.m.m.a.RequestMappingHandlerMapping : Mapped to org.springframework.boot.webmvc.autoconfigure.error.BasicErrorController#error(HttpServletRequest)
2026-09-08T00:58:52.003+05:30 DEBUG 14276 --- [api-gateway] [nio-8082-exec-3] o.s.w.s.m.m.a.HttpEntityMethodProcessor  : Using 'application/json', given [*/*] and supported [application/json, application/*+json]
2026-09-08T00:58:52.004+05:30 DEBUG 14276 --- [api-gateway] [nio-8082-exec-3] o.s.w.s.m.m.a.HttpEntityMethodProcessor  : Writing [{timestamp=Tue Sep 08 00:58:52 IST 2026, status=500, error=Internal Server Error, path=/driver-servi (truncated)...]
2026-09-08T00:58:52.005+05:30 DEBUG 14276 --- [api-gateway] [nio-8082-exec-3] o.s.web.servlet.DispatcherServlet        : Exiting from "ERROR" dispatch, status 500
2026-09-08T00:58:52.008+05:30 DEBUG 14276 --- [api-gateway] [nio-8082-exec-4] o.s.web.servlet.DispatcherServlet        : GET "/rider-service/riders", parameters={}
2026-09-08T00:58:52.009+05:30 DEBUG 14276 --- [api-gateway] [nio-8082-exec-4] o.s.w.s.f.support.RouterFunctionMapping  : Mapped to org.springframework.web.servlet.function.HandlerFilterFunction$$Lambda$1275/0x00000140466c5c10@4f726821
2026-09-08T00:58:52.042+05:30  WARN 14276 --- [api-gateway] [nio-8082-exec-4] o.s.c.l.core.RoundRobinLoadBalancer      : No servers available for service: rider-service
2026-09-08T00:58:52.042+05:30 DEBUG 14276 --- [api-gateway] [nio-8082-exec-4] o.s.web.servlet.DispatcherServlet        : Failed to complete request: org.springframework.web.client.HttpServerErrorException: 503 Unable to find instance for rider-service
2026-09-08T00:58:52.043+05:30 ERROR 14276 --- [api-gateway] [nio-8082-exec-4] o.a.c.c.C.[.[.[/].[dispatcherServlet]    : Servlet.service() for servlet [dispatcherServlet] in context with path [] threw exception [Request processing failed: org.springframework.web.client.HttpServerErrorException: 503 Unable to find instance for rider-service] with root cause

org.springframework.web.client.HttpServerErrorException: 503 Unable to find instance for rider-service
	at org.springframework.cloud.gateway.server.mvc.filter.LoadBalancerFilterFunctions.lambda$lb$5(LoadBalancerFilterFunctions.java:92) ~[spring-cloud-gateway-server-webmvc-5.0.3.jar:5.0.3]
	at org.springframework.web.servlet.function.HandlerFilterFunction.lambda$andThen$1(HandlerFilterFunction.java:58) ~[spring-webmvc-7.0.9.jar:7.0.9]
	at org.springframework.web.servlet.function.HandlerFilterFunction.lambda$ofRequestProcessor$0(HandlerFilterFunction.java:83) ~[spring-webmvc-7.0.9.jar:7.0.9]
	at org.springframework.web.servlet.function.HandlerFilterFunction.lambda$andThen$1(HandlerFilterFunction.java:58) ~[spring-webmvc-7.0.9.jar:7.0.9]
	at org.springframework.web.servlet.function.HandlerFilterFunction.lambda$ofRequestProcessor$0(HandlerFilterFunction.java:83) ~[spring-webmvc-7.0.9.jar:7.0.9]
	at org.springframework.web.servlet.function.HandlerFilterFunction.lambda$andThen$0(HandlerFilterFunction.java:59) ~[spring-webmvc-7.0.9.jar:7.0.9]
	at org.springframework.web.servlet.function.HandlerFilterFunction.lambda$andThen$0(HandlerFilterFunction.java:59) ~[spring-webmvc-7.0.9.jar:7.0.9]
	at org.springframework.web.servlet.function.HandlerFilterFunction.lambda$apply$0(HandlerFilterFunction.java:70) ~[spring-webmvc-7.0.9.jar:7.0.9]
	at org.springframework.web.servlet.function.support.HandlerFunctionAdapter.handle(HandlerFunctionAdapter.java:106) ~[spring-webmvc-7.0.9.jar:7.0.9]
	at org.springframework.web.servlet.DispatcherServlet.doDispatch(DispatcherServlet.java:963) ~[spring-webmvc-7.0.9.jar:7.0.9]
	at org.springframework.web.servlet.DispatcherServlet.doService(DispatcherServlet.java:866) ~[spring-webmvc-7.0.9.jar:7.0.9]
	at org.springframework.web.servlet.FrameworkServlet.processRequest(FrameworkServlet.java:1000) ~[spring-webmvc-7.0.9.jar:7.0.9]
	at org.springframework.web.servlet.FrameworkServlet.doGet(FrameworkServlet.java:892) ~[spring-webmvc-7.0.9.jar:7.0.9]
	at jakarta.servlet.http.HttpServlet.service(HttpServlet.java:622) ~[tomcat-embed-core-11.0.24.jar:6.1]
	at org.springframework.web.servlet.FrameworkServlet.service(FrameworkServlet.java:874) ~[spring-webmvc-7.0.9.jar:7.0.9]
	at jakarta.servlet.http.HttpServlet.service(HttpServlet.java:710) ~[tomcat-embed-core-11.0.24.jar:6.1]
	at org.apache.catalina.core.ApplicationFilterChain.doFilter(ApplicationFilterChain.java:132) ~[tomcat-embed-core-11.0.24.jar:11.0.24]
	at org.apache.tomcat.websocket.server.WsFilter.doFilter(WsFilter.java:59) ~[tomcat-embed-websocket-11.0.24.jar:11.0.24]
	at org.apache.catalina.core.ApplicationFilterChain.doFilter(ApplicationFilterChain.java:111) ~[tomcat-embed-core-11.0.24.jar:11.0.24]
	at org.springframework.cloud.gateway.server.mvc.filter.WeightCalculatorFilter.doFilter(WeightCalculatorFilter.java:233) ~[spring-cloud-gateway-server-webmvc-5.0.3.jar:5.0.3]
	at org.apache.catalina.core.ApplicationFilterChain.doFilter(ApplicationFilterChain.java:111) ~[tomcat-embed-core-11.0.24.jar:11.0.24]
	at org.springframework.cloud.gateway.server.mvc.filter.FormFilter.doFilter(FormFilter.java:93) ~[spring-cloud-gateway-server-webmvc-5.0.3.jar:5.0.3]
	at org.apache.catalina.core.ApplicationFilterChain.doFilter(ApplicationFilterChain.java:111) ~[tomcat-embed-core-11.0.24.jar:11.0.24]
	at org.springframework.web.filter.RequestContextFilter.doFilterInternal(RequestContextFilter.java:100) ~[spring-web-7.0.9.jar:7.0.9]
	at org.springframework.web.filter.OncePerRequestFilter.doFilter(OncePerRequestFilter.java:116) ~[spring-web-7.0.9.jar:7.0.9]
	at org.apache.catalina.core.ApplicationFilterChain.doFilter(ApplicationFilterChain.java:111) ~[tomcat-embed-core-11.0.24.jar:11.0.24]
	at org.springframework.web.filter.FormContentFilter.doFilterInternal(FormContentFilter.java:93) ~[spring-web-7.0.9.jar:7.0.9]
	at org.springframework.web.filter.OncePerRequestFilter.doFilter(OncePerRequestFilter.java:116) ~[spring-web-7.0.9.jar:7.0.9]
	at org.apache.catalina.core.ApplicationFilterChain.doFilter(ApplicationFilterChain.java:111) ~[tomcat-embed-core-11.0.24.jar:11.0.24]
	at org.springframework.web.filter.CharacterEncodingFilter.doFilterInternal(CharacterEncodingFilter.java:199) ~[spring-web-7.0.9.jar:7.0.9]
	at org.springframework.web.filter.OncePerRequestFilter.doFilter(OncePerRequestFilter.java:116) ~[spring-web-7.0.9.jar:7.0.9]
	at org.apache.catalina.core.ApplicationFilterChain.doFilter(ApplicationFilterChain.java:111) ~[tomcat-embed-core-11.0.24.jar:11.0.24]
	at org.apache.catalina.core.StandardWrapperValve.invoke(StandardWrapperValve.java:165) ~[tomcat-embed-core-11.0.24.jar:11.0.24]
	at org.apache.catalina.core.StandardContextValve.invoke(StandardContextValve.java:77) ~[tomcat-embed-core-11.0.24.jar:11.0.24]
	at org.apache.catalina.authenticator.AuthenticatorBase.invoke(AuthenticatorBase.java:535) ~[tomcat-embed-core-11.0.24.jar:11.0.24]
	at org.apache.catalina.core.StandardHostValve.invoke(StandardHostValve.java:115) ~[tomcat-embed-core-11.0.24.jar:11.0.24]
	at org.apache.catalina.valves.ErrorReportValve.invoke(ErrorReportValve.java:86) ~[tomcat-embed-core-11.0.24.jar:11.0.24]
	at org.apache.catalina.core.StandardEngineValve.invoke(StandardEngineValve.java:71) ~[tomcat-embed-core-11.0.24.jar:11.0.24]
	at org.apache.catalina.connector.CoyoteAdapter.service(CoyoteAdapter.java:347) ~[tomcat-embed-core-11.0.24.jar:11.0.24]
	at org.apache.coyote.http11.Http11Processor.service(Http11Processor.java:406) ~[tomcat-embed-core-11.0.24.jar:11.0.24]
	at org.apache.coyote.AbstractProcessorLight.process(AbstractProcessorLight.java:71) ~[tomcat-embed-core-11.0.24.jar:11.0.24]
	at org.apache.coyote.AbstractProtocol$ConnectionHandler.process(AbstractProtocol.java:1307) ~[tomcat-embed-core-11.0.24.jar:11.0.24]
	at org.apache.tomcat.util.net.NioEndpoint$SocketProcessor.doRun(NioEndpoint.java:2036) ~[tomcat-embed-core-11.0.24.jar:11.0.24]
	at org.apache.tomcat.util.net.SocketProcessorBase.run(SocketProcessorBase.java:74) ~[tomcat-embed-core-11.0.24.jar:11.0.24]
	at org.apache.tomcat.util.threads.ThreadPoolExecutor.runWorker(ThreadPoolExecutor.java:949) ~[tomcat-embed-core-11.0.24.jar:11.0.24]
	at org.apache.tomcat.util.threads.ThreadPoolExecutor$Worker.run(ThreadPoolExecutor.java:483) ~[tomcat-embed-core-11.0.24.jar:11.0.24]
	at org.apache.tomcat.util.threads.TaskThread$WrappingRunnable.run(TaskThread.java:74) ~[tomcat-embed-core-11.0.24.jar:11.0.24]
	at java.base/java.lang.Thread.run(Thread.java:840) ~[na:na]

2026-09-08T00:58:52.044+05:30 DEBUG 14276 --- [api-gateway] [nio-8082-exec-4] o.s.web.servlet.DispatcherServlet        : "ERROR" dispatch for GET "/error", parameters={}
2026-09-08T00:58:52.044+05:30 DEBUG 14276 --- [api-gateway] [nio-8082-exec-4] s.w.s.m.m.a.RequestMappingHandlerMapping : Mapped to org.springframework.boot.webmvc.autoconfigure.error.BasicErrorController#error(HttpServletRequest)
2026-09-08T00:58:52.045+05:30 DEBUG 14276 --- [api-gateway] [nio-8082-exec-4] o.s.w.s.m.m.a.HttpEntityMethodProcessor  : Using 'application/json', given [*/*] and supported [application/json, application/*+json]
2026-09-08T00:58:52.045+05:30 DEBUG 14276 --- [api-gateway] [nio-8082-exec-4] o.s.w.s.m.m.a.HttpEntityMethodProcessor  : Writing [{timestamp=Tue Sep 08 00:58:52 IST 2026, status=500, error=Internal Server Error, path=/rider-servic (truncated)...]
2026-09-08T00:58:52.046+05:30 DEBUG 14276 --- [api-gateway] [nio-8082-exec-4] o.s.web.servlet.DispatcherServlet        : Exiting from "ERROR" dispatch, status 500
2026-09-08T00:58:55.050+05:30 DEBUG 14276 --- [api-gateway] [nio-8082-exec-7] o.s.web.servlet.DispatcherServlet        : GET "/driver-service/drivers", parameters={}
2026-09-08T00:58:55.064+05:30 DEBUG 14276 --- [api-gateway] [nio-8082-exec-7] o.s.w.s.f.support.RouterFunctionMapping  : Mapped to org.springframework.web.servlet.function.HandlerFilterFunction$$Lambda$1275/0x00000140466c5c10@6c2aa5ef
2026-09-08T00:58:55.065+05:30  WARN 14276 --- [api-gateway] [nio-8082-exec-7] o.s.c.l.core.RoundRobinLoadBalancer      : No servers available for service: driver-service
2026-09-08T00:58:55.065+05:30 DEBUG 14276 --- [api-gateway] [nio-8082-exec-7] o.s.web.servlet.DispatcherServlet        : Failed to complete request: org.springframework.web.client.HttpServerErrorException: 503 Unable to find instance for driver-service
2026-09-08T00:58:55.066+05:30 ERROR 14276 --- [api-gateway] [nio-8082-exec-7] o.a.c.c.C.[.[.[/].[dispatcherServlet]    : Servlet.service() for servlet [dispatcherServlet] in context with path [] threw exception [Request processing failed: org.springframework.web.client.HttpServerErrorException: 503 Unable to find instance for driver-service] with root cause

org.springframework.web.client.HttpServerErrorException: 503 Unable to find instance for driver-service
	at org.springframework.cloud.gateway.server.mvc.filter.LoadBalancerFilterFunctions.lambda$lb$5(LoadBalancerFilterFunctions.java:92) ~[spring-cloud-gateway-server-webmvc-5.0.3.jar:5.0.3]
	at org.springframework.web.servlet.function.HandlerFilterFunction.lambda$andThen$1(HandlerFilterFunction.java:58) ~[spring-webmvc-7.0.9.jar:7.0.9]
	at org.springframework.web.servlet.function.HandlerFilterFunction.lambda$ofRequestProcessor$0(HandlerFilterFunction.java:83) ~[spring-webmvc-7.0.9.jar:7.0.9]
	at org.springframework.web.servlet.function.HandlerFilterFunction.lambda$andThen$1(HandlerFilterFunction.java:58) ~[spring-webmvc-7.0.9.jar:7.0.9]
	at org.springframework.web.servlet.function.HandlerFilterFunction.lambda$ofRequestProcessor$0(HandlerFilterFunction.java:83) ~[spring-webmvc-7.0.9.jar:7.0.9]
	at org.springframework.web.servlet.function.HandlerFilterFunction.lambda$andThen$0(HandlerFilterFunction.java:59) ~[spring-webmvc-7.0.9.jar:7.0.9]
	at org.springframework.web.servlet.function.HandlerFilterFunction.lambda$andThen$0(HandlerFilterFunction.java:59) ~[spring-webmvc-7.0.9.jar:7.0.9]
	at org.springframework.web.servlet.function.HandlerFilterFunction.lambda$apply$0(HandlerFilterFunction.java:70) ~[spring-webmvc-7.0.9.jar:7.0.9]
	at org.springframework.web.servlet.function.support.HandlerFunctionAdapter.handle(HandlerFunctionAdapter.java:106) ~[spring-webmvc-7.0.9.jar:7.0.9]
	at org.springframework.web.servlet.DispatcherServlet.doDispatch(DispatcherServlet.java:963) ~[spring-webmvc-7.0.9.jar:7.0.9]
	at org.springframework.web.servlet.DispatcherServlet.doService(DispatcherServlet.java:866) ~[spring-webmvc-7.0.9.jar:7.0.9]
	at org.springframework.web.servlet.FrameworkServlet.processRequest(FrameworkServlet.java:1000) ~[spring-webmvc-7.0.9.jar:7.0.9]
	at org.springframework.web.servlet.FrameworkServlet.doGet(FrameworkServlet.java:892) ~[spring-webmvc-7.0.9.jar:7.0.9]
	at jakarta.servlet.http.HttpServlet.service(HttpServlet.java:622) ~[tomcat-embed-core-11.0.24.jar:6.1]
	at org.springframework.web.servlet.FrameworkServlet.service(FrameworkServlet.java:874) ~[spring-webmvc-7.0.9.jar:7.0.9]
	at jakarta.servlet.http.HttpServlet.service(HttpServlet.java:710) ~[tomcat-embed-core-11.0.24.jar:6.1]
	at org.apache.catalina.core.ApplicationFilterChain.doFilter(ApplicationFilterChain.java:132) ~[tomcat-embed-core-11.0.24.jar:11.0.24]
	at org.apache.tomcat.websocket.server.WsFilter.doFilter(WsFilter.java:59) ~[tomcat-embed-websocket-11.0.24.jar:11.0.24]
	at org.apache.catalina.core.ApplicationFilterChain.doFilter(ApplicationFilterChain.java:111) ~[tomcat-embed-core-11.0.24.jar:11.0.24]
	at org.springframework.cloud.gateway.server.mvc.filter.WeightCalculatorFilter.doFilter(WeightCalculatorFilter.java:233) ~[spring-cloud-gateway-server-webmvc-5.0.3.jar:5.0.3]
	at org.apache.catalina.core.ApplicationFilterChain.doFilter(ApplicationFilterChain.java:111) ~[tomcat-embed-core-11.0.24.jar:11.0.24]
	at org.springframework.cloud.gateway.server.mvc.filter.FormFilter.doFilter(FormFilter.java:93) ~[spring-cloud-gateway-server-webmvc-5.0.3.jar:5.0.3]
	at org.apache.catalina.core.ApplicationFilterChain.doFilter(ApplicationFilterChain.java:111) ~[tomcat-embed-core-11.0.24.jar:11.0.24]
	at org.springframework.web.filter.RequestContextFilter.doFilterInternal(RequestContextFilter.java:100) ~[spring-web-7.0.9.jar:7.0.9]
	at org.springframework.web.filter.OncePerRequestFilter.doFilter(OncePerRequestFilter.java:116) ~[spring-web-7.0.9.jar:7.0.9]
	at org.apache.catalina.core.ApplicationFilterChain.doFilter(ApplicationFilterChain.java:111) ~[tomcat-embed-core-11.0.24.jar:11.0.24]
	at org.springframework.web.filter.FormContentFilter.doFilterInternal(FormContentFilter.java:93) ~[spring-web-7.0.9.jar:7.0.9]
	at org.springframework.web.filter.OncePerRequestFilter.doFilter(OncePerRequestFilter.java:116) ~[spring-web-7.0.9.jar:7.0.9]
	at org.apache.catalina.core.ApplicationFilterChain.doFilter(ApplicationFilterChain.java:111) ~[tomcat-embed-core-11.0.24.jar:11.0.24]
	at org.springframework.web.filter.CharacterEncodingFilter.doFilterInternal(CharacterEncodingFilter.java:199) ~[spring-web-7.0.9.jar:7.0.9]
	at org.springframework.web.filter.OncePerRequestFilter.doFilter(OncePerRequestFilter.java:116) ~[spring-web-7.0.9.jar:7.0.9]
	at org.apache.catalina.core.ApplicationFilterChain.doFilter(ApplicationFilterChain.java:111) ~[tomcat-embed-core-11.0.24.jar:11.0.24]
	at org.apache.catalina.core.StandardWrapperValve.invoke(StandardWrapperValve.java:165) ~[tomcat-embed-core-11.0.24.jar:11.0.24]
	at org.apache.catalina.core.StandardContextValve.invoke(StandardContextValve.java:77) ~[tomcat-embed-core-11.0.24.jar:11.0.24]
	at org.apache.catalina.authenticator.AuthenticatorBase.invoke(AuthenticatorBase.java:535) ~[tomcat-embed-core-11.0.24.jar:11.0.24]
	at org.apache.catalina.core.StandardHostValve.invoke(StandardHostValve.java:115) ~[tomcat-embed-core-11.0.24.jar:11.0.24]
	at org.apache.catalina.valves.ErrorReportValve.invoke(ErrorReportValve.java:86) ~[tomcat-embed-core-11.0.24.jar:11.0.24]
	at org.apache.catalina.core.StandardEngineValve.invoke(StandardEngineValve.java:71) ~[tomcat-embed-core-11.0.24.jar:11.0.24]
	at org.apache.catalina.connector.CoyoteAdapter.service(CoyoteAdapter.java:347) ~[tomcat-embed-core-11.0.24.jar:11.0.24]
	at org.apache.coyote.http11.Http11Processor.service(Http11Processor.java:406) ~[tomcat-embed-core-11.0.24.jar:11.0.24]
	at org.apache.coyote.AbstractProcessorLight.process(AbstractProcessorLight.java:71) ~[tomcat-embed-core-11.0.24.jar:11.0.24]
	at org.apache.coyote.AbstractProtocol$ConnectionHandler.process(AbstractProtocol.java:1307) ~[tomcat-embed-core-11.0.24.jar:11.0.24]
	at org.apache.tomcat.util.net.NioEndpoint$SocketProcessor.doRun(NioEndpoint.java:2036) ~[tomcat-embed-core-11.0.24.jar:11.0.24]
	at org.apache.tomcat.util.net.SocketProcessorBase.run(SocketProcessorBase.java:74) ~[tomcat-embed-core-11.0.24.jar:11.0.24]
	at org.apache.tomcat.util.threads.ThreadPoolExecutor.runWorker(ThreadPoolExecutor.java:949) ~[tomcat-embed-core-11.0.24.jar:11.0.24]
	at org.apache.tomcat.util.threads.ThreadPoolExecutor$Worker.run(ThreadPoolExecutor.java:483) ~[tomcat-embed-core-11.0.24.jar:11.0.24]
	at org.apache.tomcat.util.threads.TaskThread$WrappingRunnable.run(TaskThread.java:74) ~[tomcat-embed-core-11.0.24.jar:11.0.24]
	at java.base/java.lang.Thread.run(Thread.java:840) ~[na:na]

2026-09-08T00:58:55.066+05:30 DEBUG 14276 --- [api-gateway] [nio-8082-exec-7] o.s.web.servlet.DispatcherServlet        : "ERROR" dispatch for GET "/error", parameters={}
2026-09-08T00:58:55.067+05:30 DEBUG 14276 --- [api-gateway] [nio-8082-exec-7] s.w.s.m.m.a.RequestMappingHandlerMapping : Mapped to org.springframework.boot.webmvc.autoconfigure.error.BasicErrorController#error(HttpServletRequest)
2026-09-08T00:58:55.067+05:30 DEBUG 14276 --- [api-gateway] [nio-8082-exec-7] o.s.w.s.m.m.a.HttpEntityMethodProcessor  : Using 'application/json', given [*/*] and supported [application/json, application/*+json]
2026-09-08T00:58:55.068+05:30 DEBUG 14276 --- [api-gateway] [nio-8082-exec-7] o.s.w.s.m.m.a.HttpEntityMethodProcessor  : Writing [{timestamp=Tue Sep 08 00:58:55 IST 2026, status=500, error=Internal Server Error, path=/driver-servi (truncated)...]
2026-09-08T00:58:55.068+05:30 DEBUG 14276 --- [api-gateway] [nio-8082-exec-7] o.s.web.servlet.DispatcherServlet        : Exiting from "ERROR" dispatch, status 500
2026-09-08T00:58:55.070+05:30 DEBUG 14276 --- [api-gateway] [nio-8082-exec-8] o.s.web.servlet.DispatcherServlet        : GET "/rider-service/riders", parameters={}
2026-09-08T00:58:55.071+05:30 DEBUG 14276 --- [api-gateway] [nio-8082-exec-8] o.s.w.s.f.support.RouterFunctionMapping  : Mapped to org.springframework.web.servlet.function.HandlerFilterFunction$$Lambda$1275/0x00000140466c5c10@343d59df
2026-09-08T00:58:55.072+05:30  WARN 14276 --- [api-gateway] [nio-8082-exec-8] o.s.c.l.core.RoundRobinLoadBalancer      : No servers available for service: rider-service
2026-09-08T00:58:55.072+05:30 DEBUG 14276 --- [api-gateway] [nio-8082-exec-8] o.s.web.servlet.DispatcherServlet        : Failed to complete request: org.springframework.web.client.HttpServerErrorException: 503 Unable to find instance for rider-service
2026-09-08T00:58:55.073+05:30 ERROR 14276 --- [api-gateway] [nio-8082-exec-8] o.a.c.c.C.[.[.[/].[dispatcherServlet]    : Servlet.service() for servlet [dispatcherServlet] in context with path [] threw exception [Request processing failed: org.springframework.web.client.HttpServerErrorException: 503 Unable to find instance for rider-service] with root cause

org.springframework.web.client.HttpServerErrorException: 503 Unable to find instance for rider-service
	at org.springframework.cloud.gateway.server.mvc.filter.LoadBalancerFilterFunctions.lambda$lb$5(LoadBalancerFilterFunctions.java:92) ~[spring-cloud-gateway-server-webmvc-5.0.3.jar:5.0.3]
	at org.springframework.web.servlet.function.HandlerFilterFunction.lambda$andThen$1(HandlerFilterFunction.java:58) ~[spring-webmvc-7.0.9.jar:7.0.9]
	at org.springframework.web.servlet.function.HandlerFilterFunction.lambda$ofRequestProcessor$0(HandlerFilterFunction.java:83) ~[spring-webmvc-7.0.9.jar:7.0.9]
	at org.springframework.web.servlet.function.HandlerFilterFunction.lambda$andThen$1(HandlerFilterFunction.java:58) ~[spring-webmvc-7.0.9.jar:7.0.9]
	at org.springframework.web.servlet.function.HandlerFilterFunction.lambda$ofRequestProcessor$0(HandlerFilterFunction.java:83) ~[spring-webmvc-7.0.9.jar:7.0.9]
	at org.springframework.web.servlet.function.HandlerFilterFunction.lambda$andThen$0(HandlerFilterFunction.java:59) ~[spring-webmvc-7.0.9.jar:7.0.9]
	at org.springframework.web.servlet.function.HandlerFilterFunction.lambda$andThen$0(HandlerFilterFunction.java:59) ~[spring-webmvc-7.0.9.jar:7.0.9]
	at org.springframework.web.servlet.function.HandlerFilterFunction.lambda$apply$0(HandlerFilterFunction.java:70) ~[spring-webmvc-7.0.9.jar:7.0.9]
	at org.springframework.web.servlet.function.support.HandlerFunctionAdapter.handle(HandlerFunctionAdapter.java:106) ~[spring-webmvc-7.0.9.jar:7.0.9]
	at org.springframework.web.servlet.DispatcherServlet.doDispatch(DispatcherServlet.java:963) ~[spring-webmvc-7.0.9.jar:7.0.9]
	at org.springframework.web.servlet.DispatcherServlet.doService(DispatcherServlet.java:866) ~[spring-webmvc-7.0.9.jar:7.0.9]
	at org.springframework.web.servlet.FrameworkServlet.processRequest(FrameworkServlet.java:1000) ~[spring-webmvc-7.0.9.jar:7.0.9]
	at org.springframework.web.servlet.FrameworkServlet.doGet(FrameworkServlet.java:892) ~[spring-webmvc-7.0.9.jar:7.0.9]
	at jakarta.servlet.http.HttpServlet.service(HttpServlet.java:622) ~[tomcat-embed-core-11.0.24.jar:6.1]
	at org.springframework.web.servlet.FrameworkServlet.service(FrameworkServlet.java:874) ~[spring-webmvc-7.0.9.jar:7.0.9]
	at jakarta.servlet.http.HttpServlet.service(HttpServlet.java:710) ~[tomcat-embed-core-11.0.24.jar:6.1]
	at org.apache.catalina.core.ApplicationFilterChain.doFilter(ApplicationFilterChain.java:132) ~[tomcat-embed-core-11.0.24.jar:11.0.24]
	at org.apache.tomcat.websocket.server.WsFilter.doFilter(WsFilter.java:59) ~[tomcat-embed-websocket-11.0.24.jar:11.0.24]
	at org.apache.catalina.core.ApplicationFilterChain.doFilter(ApplicationFilterChain.java:111) ~[tomcat-embed-core-11.0.24.jar:11.0.24]
	at org.springframework.cloud.gateway.server.mvc.filter.WeightCalculatorFilter.doFilter(WeightCalculatorFilter.java:233) ~[spring-cloud-gateway-server-webmvc-5.0.3.jar:5.0.3]
	at org.apache.catalina.core.ApplicationFilterChain.doFilter(ApplicationFilterChain.java:111) ~[tomcat-embed-core-11.0.24.jar:11.0.24]
	at org.springframework.cloud.gateway.server.mvc.filter.FormFilter.doFilter(FormFilter.java:93) ~[spring-cloud-gateway-server-webmvc-5.0.3.jar:5.0.3]
	at org.apache.catalina.core.ApplicationFilterChain.doFilter(ApplicationFilterChain.java:111) ~[tomcat-embed-core-11.0.24.jar:11.0.24]
	at org.springframework.web.filter.RequestContextFilter.doFilterInternal(RequestContextFilter.java:100) ~[spring-web-7.0.9.jar:7.0.9]
	at org.springframework.web.filter.OncePerRequestFilter.doFilter(OncePerRequestFilter.java:116) ~[spring-web-7.0.9.jar:7.0.9]
	at org.apache.catalina.core.ApplicationFilterChain.doFilter(ApplicationFilterChain.java:111) ~[tomcat-embed-core-11.0.24.jar:11.0.24]
	at org.springframework.web.filter.FormContentFilter.doFilterInternal(FormContentFilter.java:93) ~[spring-web-7.0.9.jar:7.0.9]
	at org.springframework.web.filter.OncePerRequestFilter.doFilter(OncePerRequestFilter.java:116) ~[spring-web-7.0.9.jar:7.0.9]
	at org.apache.catalina.core.ApplicationFilterChain.doFilter(ApplicationFilterChain.java:111) ~[tomcat-embed-core-11.0.24.jar:11.0.24]
	at org.springframework.web.filter.CharacterEncodingFilter.doFilterInternal(CharacterEncodingFilter.java:199) ~[spring-web-7.0.9.jar:7.0.9]
	at org.springframework.web.filter.OncePerRequestFilter.doFilter(OncePerRequestFilter.java:116) ~[spring-web-7.0.9.jar:7.0.9]
	at org.apache.catalina.core.ApplicationFilterChain.doFilter(ApplicationFilterChain.java:111) ~[tomcat-embed-core-11.0.24.jar:11.0.24]
	at org.apache.catalina.core.StandardWrapperValve.invoke(StandardWrapperValve.java:165) ~[tomcat-embed-core-11.0.24.jar:11.0.24]
	at org.apache.catalina.core.StandardContextValve.invoke(StandardContextValve.java:77) ~[tomcat-embed-core-11.0.24.jar:11.0.24]
	at org.apache.catalina.authenticator.AuthenticatorBase.invoke(AuthenticatorBase.java:535) ~[tomcat-embed-core-11.0.24.jar:11.0.24]
	at org.apache.catalina.core.StandardHostValve.invoke(StandardHostValve.java:115) ~[tomcat-embed-core-11.0.24.jar:11.0.24]
	at org.apache.catalina.valves.ErrorReportValve.invoke(ErrorReportValve.java:86) ~[tomcat-embed-core-11.0.24.jar:11.0.24]
	at org.apache.catalina.core.StandardEngineValve.invoke(StandardEngineValve.java:71) ~[tomcat-embed-core-11.0.24.jar:11.0.24]
	at org.apache.catalina.connector.CoyoteAdapter.service(CoyoteAdapter.java:347) ~[tomcat-embed-core-11.0.24.jar:11.0.24]
	at org.apache.coyote.http11.Http11Processor.service(Http11Processor.java:406) ~[tomcat-embed-core-11.0.24.jar:11.0.24]
	at org.apache.coyote.AbstractProcessorLight.process(AbstractProcessorLight.java:71) ~[tomcat-embed-core-11.0.24.jar:11.0.24]
	at org.apache.coyote.AbstractProtocol$ConnectionHandler.process(AbstractProtocol.java:1307) ~[tomcat-embed-core-11.0.24.jar:11.0.24]
	at org.apache.tomcat.util.net.NioEndpoint$SocketProcessor.doRun(NioEndpoint.java:2036) ~[tomcat-embed-core-11.0.24.jar:11.0.24]
	at org.apache.tomcat.util.net.SocketProcessorBase.run(SocketProcessorBase.java:74) ~[tomcat-embed-core-11.0.24.jar:11.0.24]
	at org.apache.tomcat.util.threads.ThreadPoolExecutor.runWorker(ThreadPoolExecutor.java:949) ~[tomcat-embed-core-11.0.24.jar:11.0.24]
	at org.apache.tomcat.util.threads.ThreadPoolExecutor$Worker.run(ThreadPoolExecutor.java:483) ~[tomcat-embed-core-11.0.24.jar:11.0.24]
	at org.apache.tomcat.util.threads.TaskThread$WrappingRunnable.run(TaskThread.java:74) ~[tomcat-embed-core-11.0.24.jar:11.0.24]
	at java.base/java.lang.Thread.run(Thread.java:840) ~[na:na]

2026-09-08T00:58:55.074+05:30 DEBUG 14276 --- [api-gateway] [nio-8082-exec-8] o.s.web.servlet.DispatcherServlet        : "ERROR" dispatch for GET "/error", parameters={}
2026-09-08T00:58:55.075+05:30 DEBUG 14276 --- [api-gateway] [nio-8082-exec-8] s.w.s.m.m.a.RequestMappingHandlerMapping : Mapped to org.springframework.boot.webmvc.autoconfigure.error.BasicErrorController#error(HttpServletRequest)
2026-09-08T00:58:55.075+05:30 DEBUG 14276 --- [api-gateway] [nio-8082-exec-8] o.s.w.s.m.m.a.HttpEntityMethodProcessor  : Using 'application/json', given [*/*] and supported [application/json, application/*+json]
2026-09-08T00:58:55.076+05:30 DEBUG 14276 --- [api-gateway] [nio-8082-exec-8] o.s.w.s.m.m.a.HttpEntityMethodProcessor  : Writing [{timestamp=Tue Sep 08 00:58:55 IST 2026, status=500, error=Internal Server Error, path=/rider-servic (truncated)...]
2026-09-08T00:58:55.076+05:30 DEBUG 14276 --- [api-gateway] [nio-8082-exec-8] o.s.web.servlet.DispatcherServlet        : Exiting from "ERROR" dispatch, status 500
2026-09-08T00:58:57.579+05:30 DEBUG 14276 --- [api-gateway] [reshExecutor-%d] o.s.web.client.DefaultRestClient         : Reading to [com.netflix.discovery.shared.Applications]
2026-09-08T00:58:58.089+05:30 DEBUG 14276 --- [api-gateway] [nio-8082-exec-2] o.s.web.servlet.DispatcherServlet        : GET "/driver-service/drivers", parameters={}
2026-09-08T00:58:58.103+05:30 DEBUG 14276 --- [api-gateway] [nio-8082-exec-2] o.s.w.s.f.support.RouterFunctionMapping  : Mapped to org.springframework.web.servlet.function.HandlerFilterFunction$$Lambda$1275/0x00000140466c5c10@5904c1d1
2026-09-08T00:58:58.129+05:30 DEBUG 14276 --- [api-gateway] [nio-8082-exec-2] o.s.web.servlet.DispatcherServlet        : Completed 200 OK
2026-09-08T00:58:58.152+05:30 DEBUG 14276 --- [api-gateway] [nio-8082-exec-5] o.s.web.servlet.DispatcherServlet        : GET "/rider-service/riders", parameters={}
2026-09-08T00:58:58.152+05:30 DEBUG 14276 --- [api-gateway] [nio-8082-exec-5] o.s.w.s.f.support.RouterFunctionMapping  : Mapped to org.springframework.web.servlet.function.HandlerFilterFunction$$Lambda$1275/0x00000140466c5c10@7ec7c586
2026-09-08T00:58:58.163+05:30 DEBUG 14276 --- [api-gateway] [nio-8082-exec-5] o.s.web.servlet.DispatcherServlet        : Completed 200 OK
2026-09-08T00:59:25.507+05:30 DEBUG 14276 --- [api-gateway] [nio-8082-exec-6] o.s.web.servlet.DispatcherServlet        : POST "/rider-service/riders", parameters={}
2026-09-08T00:59:25.507+05:30 DEBUG 14276 --- [api-gateway] [nio-8082-exec-6] o.s.w.s.f.support.RouterFunctionMapping  : Mapped to org.springframework.web.servlet.function.HandlerFilterFunction$$Lambda$1275/0x00000140466c5c10@6fa39ac6
2026-09-08T00:59:25.644+05:30 DEBUG 14276 --- [api-gateway] [nio-8082-exec-6] o.s.web.servlet.DispatcherServlet        : Completed 200 OK
2026-09-08T00:59:25.827+05:30 DEBUG 14276 --- [api-gateway] [nio-8082-exec-9] o.s.web.servlet.DispatcherServlet        : GET "/rider-service/riders", parameters={}
2026-09-08T00:59:25.828+05:30 DEBUG 14276 --- [api-gateway] [nio-8082-exec-9] o.s.w.s.f.support.RouterFunctionMapping  : Mapped to org.springframework.web.servlet.function.HandlerFilterFunction$$Lambda$1275/0x00000140466c5c10@732b3ba9
2026-09-08T00:59:25.838+05:30 DEBUG 14276 --- [api-gateway] [nio-8082-exec-9] o.s.web.servlet.DispatcherServlet        : Completed 200 OK
2026-09-08T00:59:25.854+05:30 DEBUG 14276 --- [api-gateway] [io-8082-exec-10] o.s.web.servlet.DispatcherServlet        : GET "/rider-service/riders/1", parameters={}
2026-09-08T00:59:25.855+05:30 DEBUG 14276 --- [api-gateway] [io-8082-exec-10] o.s.w.s.f.support.RouterFunctionMapping  : Mapped to org.springframework.web.servlet.function.HandlerFilterFunction$$Lambda$1275/0x00000140466c5c10@37bfe04c
2026-09-08T00:59:25.869+05:30 DEBUG 14276 --- [api-gateway] [io-8082-exec-10] o.s.web.servlet.DispatcherServlet        : Completed 200 OK
2026-09-08T00:59:25.884+05:30 DEBUG 14276 --- [api-gateway] [nio-8082-exec-3] o.s.web.servlet.DispatcherServlet        : DELETE "/rider-service/riders/1", parameters={}
2026-09-08T00:59:25.884+05:30 DEBUG 14276 --- [api-gateway] [nio-8082-exec-3] o.s.w.s.f.support.RouterFunctionMapping  : Mapped to org.springframework.web.servlet.function.HandlerFilterFunction$$Lambda$1275/0x00000140466c5c10@42471db2
2026-09-08T00:59:26.188+05:30 DEBUG 14276 --- [api-gateway] [nio-8082-exec-3] o.s.web.servlet.DispatcherServlet        : Completed 200 OK
2026-09-08T00:59:26.203+05:30 DEBUG 14276 --- [api-gateway] [nio-8082-exec-4] o.s.web.servlet.DispatcherServlet        : POST "/driver-service/drivers", parameters={}
2026-09-08T00:59:26.204+05:30 DEBUG 14276 --- [api-gateway] [nio-8082-exec-4] o.s.w.s.f.support.RouterFunctionMapping  : Mapped to org.springframework.web.servlet.function.HandlerFilterFunction$$Lambda$1275/0x00000140466c5c10@31dcc3aa
2026-09-08T00:59:26.368+05:30 DEBUG 14276 --- [api-gateway] [nio-8082-exec-4] o.s.web.servlet.DispatcherServlet        : Completed 200 OK
2026-09-08T00:59:26.385+05:30 DEBUG 14276 --- [api-gateway] [nio-8082-exec-7] o.s.web.servlet.DispatcherServlet        : GET "/driver-service/drivers", parameters={}
2026-09-08T00:59:26.385+05:30 DEBUG 14276 --- [api-gateway] [nio-8082-exec-7] o.s.w.s.f.support.RouterFunctionMapping  : Mapped to org.springframework.web.servlet.function.HandlerFilterFunction$$Lambda$1275/0x00000140466c5c10@57ac6d80
2026-09-08T00:59:26.397+05:30 DEBUG 14276 --- [api-gateway] [nio-8082-exec-7] o.s.web.servlet.DispatcherServlet        : Completed 200 OK
2026-09-08T00:59:26.410+05:30 DEBUG 14276 --- [api-gateway] [nio-8082-exec-8] o.s.web.servlet.DispatcherServlet        : GET "/driver-service/drivers/1", parameters={}
2026-09-08T00:59:26.411+05:30 DEBUG 14276 --- [api-gateway] [nio-8082-exec-8] o.s.w.s.f.support.RouterFunctionMapping  : Mapped to org.springframework.web.servlet.function.HandlerFilterFunction$$Lambda$1275/0x00000140466c5c10@66574fee
2026-09-08T00:59:26.426+05:30 DEBUG 14276 --- [api-gateway] [nio-8082-exec-8] o.s.web.servlet.DispatcherServlet        : Completed 200 OK
2026-09-08T00:59:26.439+05:30 DEBUG 14276 --- [api-gateway] [nio-8082-exec-2] o.s.web.servlet.DispatcherServlet        : PUT "/driver-service/drivers/1/location", parameters={}
2026-09-08T00:59:26.440+05:30 DEBUG 14276 --- [api-gateway] [nio-8082-exec-2] o.s.w.s.f.support.RouterFunctionMapping  : Mapped to org.springframework.web.servlet.function.HandlerFilterFunction$$Lambda$1275/0x00000140466c5c10@2bbb85db
2026-09-08T00:59:26.463+05:30 DEBUG 14276 --- [api-gateway] [nio-8082-exec-2] o.s.web.servlet.DispatcherServlet        : Completed 200 OK
2026-09-08T00:59:26.480+05:30 DEBUG 14276 --- [api-gateway] [nio-8082-exec-5] o.s.web.servlet.DispatcherServlet        : PUT "/driver-service/drivers/1/availability?available=false", parameters={masked}
2026-09-08T00:59:26.481+05:30 DEBUG 14276 --- [api-gateway] [nio-8082-exec-5] o.s.w.s.f.support.RouterFunctionMapping  : Mapped to org.springframework.web.servlet.function.HandlerFilterFunction$$Lambda$1275/0x00000140466c5c10@4e2675e6
2026-09-08T00:59:26.494+05:30 DEBUG 14276 --- [api-gateway] [nio-8082-exec-5] o.s.web.servlet.DispatcherServlet        : Completed 200 OK
2026-09-08T00:59:26.507+05:30 DEBUG 14276 --- [api-gateway] [nio-8082-exec-1] o.s.web.servlet.DispatcherServlet        : DELETE "/driver-service/drivers/1", parameters={}
2026-09-08T00:59:26.508+05:30 DEBUG 14276 --- [api-gateway] [nio-8082-exec-1] o.s.w.s.f.support.RouterFunctionMapping  : Mapped to org.springframework.web.servlet.function.HandlerFilterFunction$$Lambda$1275/0x00000140466c5c10@2847f7d2
2026-09-08T00:59:26.761+05:30 DEBUG 14276 --- [api-gateway] [nio-8082-exec-1] o.s.web.servlet.DispatcherServlet        : Completed 200 OK
2026-09-08T00:59:27.616+05:30 DEBUG 14276 --- [api-gateway] [reshExecutor-%d] o.s.web.client.DefaultRestClient         : Reading to [com.netflix.discovery.shared.Applications]
2026-09-08T00:59:37.961+05:30 DEBUG 14276 --- [api-gateway] [nio-8082-exec-9] o.s.web.servlet.DispatcherServlet        : GET "/rider-service/riders", parameters={}
2026-09-08T00:59:37.974+05:30 DEBUG 14276 --- [api-gateway] [nio-8082-exec-9] o.s.w.s.f.support.RouterFunctionMapping  : Mapped to org.springframework.web.servlet.function.HandlerFilterFunction$$Lambda$1275/0x00000140466c5c10@58319d0
2026-09-08T00:59:37.987+05:30 DEBUG 14276 --- [api-gateway] [nio-8082-exec-9] o.s.web.servlet.DispatcherServlet        : Completed 200 OK
2026-09-08T00:59:38.012+05:30 DEBUG 14276 --- [api-gateway] [io-8082-exec-10] o.s.web.servlet.DispatcherServlet        : GET "/driver-service/drivers", parameters={}
2026-09-08T00:59:38.012+05:30 DEBUG 14276 --- [api-gateway] [io-8082-exec-10] o.s.w.s.f.support.RouterFunctionMapping  : Mapped to org.springframework.web.servlet.function.HandlerFilterFunction$$Lambda$1275/0x00000140466c5c10@36abea93
2026-09-08T00:59:38.034+05:30 DEBUG 14276 --- [api-gateway] [io-8082-exec-10] o.s.web.servlet.DispatcherServlet        : Completed 200 OK
2026-09-08T00:59:57.651+05:30 DEBUG 14276 --- [api-gateway] [reshExecutor-%d] o.s.web.client.DefaultRestClient         : Reading to [com.netflix.discovery.shared.Applications]
2026-09-08T01:00:27.697+05:30 DEBUG 14276 --- [api-gateway] [reshExecutor-%d] o.s.web.client.DefaultRestClient         : Reading to [com.netflix.discovery.shared.Applications]
2026-09-08T01:00:44.070+05:30 DEBUG 14276 --- [api-gateway] [nio-8082-exec-4] o.s.web.servlet.DispatcherServlet        : GET "/", parameters={}
2026-09-08T01:00:44.072+05:30 DEBUG 14276 --- [api-gateway] [nio-8082-exec-4] o.s.w.s.handler.SimpleUrlHandlerMapping  : Mapped to ResourceHttpRequestHandler [classpath [META-INF/resources/], classpath [resources/], classpath [static/], classpath [public/], ServletContext [/]]
2026-09-08T01:00:44.073+05:30 DEBUG 14276 --- [api-gateway] [nio-8082-exec-4] o.s.w.s.r.ResourceHttpRequestHandler     : Ignoring invalid resource path []
2026-09-08T01:00:44.075+05:30 DEBUG 14276 --- [api-gateway] [nio-8082-exec-4] .w.s.m.s.DefaultHandlerExceptionResolver : Resolved [org.springframework.web.servlet.resource.NoResourceFoundException: No static resource  for request '/'.]
2026-09-08T01:00:44.075+05:30 DEBUG 14276 --- [api-gateway] [nio-8082-exec-4] o.s.web.servlet.DispatcherServlet        : Completed 404 NOT_FOUND
2026-09-08T01:00:44.076+05:30 DEBUG 14276 --- [api-gateway] [nio-8082-exec-4] o.s.web.servlet.DispatcherServlet        : "ERROR" dispatch for GET "/error", parameters={}
2026-09-08T01:00:44.077+05:30 DEBUG 14276 --- [api-gateway] [nio-8082-exec-4] s.w.s.m.m.a.RequestMappingHandlerMapping : Mapped to org.springframework.boot.webmvc.autoconfigure.error.BasicErrorController#error(HttpServletRequest)
2026-09-08T01:00:44.077+05:30 DEBUG 14276 --- [api-gateway] [nio-8082-exec-4] o.s.w.s.m.m.a.HttpEntityMethodProcessor  : Using 'application/json', given [*/*] and supported [application/json, application/*+json]
2026-09-08T01:00:44.078+05:30 DEBUG 14276 --- [api-gateway] [nio-8082-exec-4] o.s.w.s.m.m.a.HttpEntityMethodProcessor  : Writing [{timestamp=Tue Sep 08 01:00:44 IST 2026, status=404, error=Not Found, path=/}]
2026-09-08T01:00:44.078+05:30 DEBUG 14276 --- [api-gateway] [nio-8082-exec-4] o.s.web.servlet.DispatcherServlet        : Exiting from "ERROR" dispatch, status 404
2026-09-08T01:00:57.744+05:30 DEBUG 14276 --- [api-gateway] [reshExecutor-%d] o.s.web.client.DefaultRestClient         : Reading to [com.netflix.discovery.shared.Applications]
2026-09-08T01:01:27.780+05:30 DEBUG 14276 --- [api-gateway] [reshExecutor-%d] o.s.web.client.DefaultRestClient         : Reading to [com.netflix.discovery.shared.Applications]
2026-09-08T01:01:57.833+05:30 DEBUG 14276 --- [api-gateway] [reshExecutor-%d] o.s.web.client.DefaultRestClient         : Reading to [com.netflix.discovery.shared.Applications]
2026-09-08T01:02:27.872+05:30 DEBUG 14276 --- [api-gateway] [reshExecutor-%d] o.s.web.client.DefaultRestClient         : Reading to [com.netflix.discovery.shared.Applications]
2026-09-08T01:02:57.230+05:30  INFO 14276 --- [api-gateway] [rap-executor-%d] c.n.d.s.r.aws.ConfigClusterResolver      : Resolving eureka endpoints via configuration
2026-09-08T01:02:57.913+05:30 DEBUG 14276 --- [api-gateway] [reshExecutor-%d] o.s.web.client.DefaultRestClient         : Reading to [com.netflix.discovery.shared.Applications]
2026-09-08T01:03:27.961+05:30 DEBUG 14276 --- [api-gateway] [reshExecutor-%d] o.s.web.client.DefaultRestClient         : Reading to [com.netflix.discovery.shared.Applications]
2026-09-08T01:03:57.988+05:30 DEBUG 14276 --- [api-gateway] [reshExecutor-%d] o.s.web.client.DefaultRestClient         : Reading to [com.netflix.discovery.shared.Applications]
2026-09-08T01:04:28.014+05:30 DEBUG 14276 --- [api-gateway] [reshExecutor-%d] o.s.web.client.DefaultRestClient         : Reading to [com.netflix.discovery.shared.Applications]
[INFO] ------------------------------------------------------------------------
[INFO] BUILD FAILURE
[INFO] ------------------------------------------------------------------------
[INFO] Total time:  07:08 min
[INFO] Finished at: 2026-09-08T01:04:39+05:30
[INFO] ------------------------------------------------------------------------
[ERROR] Failed to execute goal org.springframework.boot:spring-boot-maven-plugin:4.1.1:run (default-cli) on project api-gateway: Process terminated with exit code: -1 -> [Help 1]
[ERROR] 
[ERROR] To see the full stack trace of the errors, re-run Maven with the -e switch.
[ERROR] Re-run Maven using the -X switch to enable full debug logging.
[ERROR] 
[ERROR] For more information about the errors and possible solutions, please read the following articles:
[ERROR] [Help 1] http://cwiki.apache.org/confluence/display/MAVEN/MojoExecutionException
